-- MySQL dump 10.13  Distrib 8.0.30, for Linux (x86_64)
--
-- Host: localhost    Database: dev_test
-- ------------------------------------------------------
-- Server version	8.0.30

/*!40101 SET @OLD_CHARACTER_SET_CLIENT=@@CHARACTER_SET_CLIENT */;
/*!40101 SET @OLD_CHARACTER_SET_RESULTS=@@CHARACTER_SET_RESULTS */;
/*!40101 SET @OLD_COLLATION_CONNECTION=@@COLLATION_CONNECTION */;
/*!50503 SET NAMES utf8mb4 */;
/*!40103 SET @OLD_TIME_ZONE=@@TIME_ZONE */;
/*!40103 SET TIME_ZONE='+00:00' */;
/*!40014 SET @OLD_UNIQUE_CHECKS=@@UNIQUE_CHECKS, UNIQUE_CHECKS=0 */;
/*!40014 SET @OLD_FOREIGN_KEY_CHECKS=@@FOREIGN_KEY_CHECKS, FOREIGN_KEY_CHECKS=0 */;
/*!40101 SET @OLD_SQL_MODE=@@SQL_MODE, SQL_MODE='NO_AUTO_VALUE_ON_ZERO' */;
/*!40111 SET @OLD_SQL_NOTES=@@SQL_NOTES, SQL_NOTES=0 */;

--
-- Table structure for table `account_book`
--

DROP TABLE IF EXISTS `account_book`;
/*!40101 SET @saved_cs_client     = @@character_set_client */;
/*!50503 SET character_set_client = utf8mb4 */;
CREATE TABLE `account_book` (
  `trade_code` varchar(30) NOT NULL COMMENT '거래 번호',
  `user_num` int unsigned NOT NULL COMMENT '유저번호',
  `user_id` varchar(20) NOT NULL COMMENT '유저아이디',
  `user_name` varchar(20) NOT NULL COMMENT '유저이름',
  `account_code` char(5) NOT NULL COMMENT '장부 코드',
  `trade_type` char(1) NOT NULL COMMENT '예매 = y, 예매취소 = n, , 충전 = c, 출금 = w',
  `payment_type` char(1) NOT NULL COMMENT '결제 방법 a=계좌 m=마일리지, p=모바일',
  `before_mile` int NOT NULL DEFAULT '0' COMMENT '변동 전 마일리지',
  `change_mile` int unsigned NOT NULL DEFAULT '0' COMMENT '변동 마일리지',
  `after_mile` int unsigned NOT NULL DEFAULT '0' COMMENT '변동 후 마일리지',
  `commission` int unsigned NOT NULL DEFAULT '0' COMMENT '수수료',
  `reg_day` datetime NOT NULL COMMENT '등록일',
  PRIMARY KEY (`trade_code`)
) ENGINE=InnoDB DEFAULT CHARSET=utf8mb4 COLLATE=utf8mb4_0900_ai_ci COMMENT='매출 장부';
/*!40101 SET character_set_client = @saved_cs_client */;

--
-- Dumping data for table `account_book`
--

LOCK TABLES `account_book` WRITE;
/*!40000 ALTER TABLE `account_book` DISABLE KEYS */;
INSERT INTO `account_book` VALUES ('20221221141928ca01t2',2,'item1','이현민','ca01t','c','a',0,900000,900000,100000,'2022-12-21 14:19:28'),('20221221142235rm00t20',2,'item1','이현민','rm00t','r','m',900000,26880,873120,1280,'2022-12-21 14:22:35'),('20221221142235rm00t21',2,'item1','이현민','rm00t','r','m',873120,26880,846240,1280,'2022-12-21 14:22:35'),('20221221142235rm00t22',2,'item1','이현민','rm00t','r','m',846240,26880,819360,1280,'2022-12-21 14:22:35'),('20221221142317rm00t20',2,'item1','이현민','rm00t','r','m',819360,26880,792480,1280,'2022-12-21 14:23:17'),('20221221142317rm00t21',2,'item1','이현민','rm00t','r','m',792480,26880,765600,1280,'2022-12-21 14:23:17'),('20221221142317rm00t210',2,'item1','이현민','rm00t','r','m',550560,26880,523680,1280,'2022-12-21 14:23:17'),('20221221142317rm00t211',2,'item1','이현민','rm00t','r','m',523680,26880,496800,1280,'2022-12-21 14:23:17'),('20221221142317rm00t212',2,'item1','이현민','rm00t','r','m',496800,26880,469920,1280,'2022-12-21 14:23:17'),('20221221142317rm00t213',2,'item1','이현민','rm00t','r','m',469920,26880,443040,1280,'2022-12-21 14:23:17'),('20221221142317rm00t214',2,'item1','이현민','rm00t','r','m',443040,26880,416160,1280,'2022-12-21 14:23:17'),('20221221142317rm00t215',2,'item1','이현민','rm00t','r','m',416160,26880,389280,1280,'2022-12-21 14:23:17'),('20221221142317rm00t216',2,'item1','이현민','rm00t','r','m',389280,26880,362400,1280,'2022-12-21 14:23:17'),('20221221142317rm00t217',2,'item1','이현민','rm00t','r','m',362400,26880,335520,1280,'2022-12-21 14:23:17'),('20221221142317rm00t218',2,'item1','이현민','rm00t','r','m',335520,26880,308640,1280,'2022-12-21 14:23:17'),('20221221142317rm00t219',2,'item1','이현민','rm00t','r','m',308640,26880,281760,1280,'2022-12-21 14:23:17'),('20221221142317rm00t22',2,'item1','이현민','rm00t','r','m',765600,26880,738720,1280,'2022-12-21 14:23:17'),('20221221142317rm00t220',2,'item1','이현민','rm00t','r','m',281760,26880,254880,1280,'2022-12-21 14:23:17'),('20221221142317rm00t221',2,'item1','이현민','rm00t','r','m',254880,26880,228000,1280,'2022-12-21 14:23:17'),('20221221142317rm00t222',2,'item1','이현민','rm00t','r','m',228000,26880,201120,1280,'2022-12-21 14:23:17'),('20221221142317rm00t223',2,'item1','이현민','rm00t','r','m',201120,26880,174240,1280,'2022-12-21 14:23:17'),('20221221142317rm00t224',2,'item1','이현민','rm00t','r','m',174240,26880,147360,1280,'2022-12-21 14:23:17'),('20221221142317rm00t23',2,'item1','이현민','rm00t','r','m',738720,26880,711840,1280,'2022-12-21 14:23:17'),('20221221142317rm00t24',2,'item1','이현민','rm00t','r','m',711840,26880,684960,1280,'2022-12-21 14:23:17'),('20221221142317rm00t25',2,'item1','이현민','rm00t','r','m',684960,26880,658080,1280,'2022-12-21 14:23:17'),('20221221142317rm00t26',2,'item1','이현민','rm00t','r','m',658080,26880,631200,1280,'2022-12-21 14:23:17'),('20221221142317rm00t27',2,'item1','이현민','rm00t','r','m',631200,26880,604320,1280,'2022-12-21 14:23:17'),('20221221142317rm00t28',2,'item1','이현민','rm00t','r','m',604320,26880,577440,1280,'2022-12-21 14:23:17'),('20221221142317rm00t29',2,'item1','이현민','rm00t','r','m',577440,26880,550560,1280,'2022-12-21 14:23:17'),('20221221142429ca01t2',2,'item1','이현민','ca01t','c','a',147360,900000,1047360,100000,'2022-12-21 14:24:29'),('20221221142806ca01t3',3,'item2','김우연','ca01t','c','a',0,900000,900000,100000,'2022-12-21 14:28:06'),('20221221142847rm00t30',3,'item2','김우연','rm00t','r','m',900000,21630,878370,1030,'2022-12-21 14:28:47');
/*!40000 ALTER TABLE `account_book` ENABLE KEYS */;
UNLOCK TABLES;

--
-- Table structure for table `account_code_info`
--

DROP TABLE IF EXISTS `account_code_info`;
/*!40101 SET @saved_cs_client     = @@character_set_client */;
/*!50503 SET character_set_client = utf8mb4 */;
CREATE TABLE `account_code_info` (
  `type1` char(1) NOT NULL COMMENT 'step1 - c=충전, w=출금, r=예매, e=예매예약\n\n',
  `type2` char(1) NOT NULL COMMENT 'a=계좌, m=마일리지, p=핸드폰',
  `type3` char(2) NOT NULL COMMENT 'step3 00=일반, 01=농협, 02=우리은행 03=카카오뱅크, 05=이벤트',
  `type4` char(1) NOT NULL COMMENT 'a=완료 c=취소',
  `type1_comment` varchar(30) NOT NULL COMMENT 'type1 코멘트',
  `type2_comment` varchar(30) NOT NULL COMMENT 'type2 코멘트',
  `type3_comment` varchar(30) NOT NULL COMMENT 'type3 코멘트',
  `type4_comment` varchar(30) NOT NULL COMMENT 'tpye4 코멘트',
  PRIMARY KEY (`type1`,`type2`,`type3`,`type4`)
) ENGINE=InnoDB DEFAULT CHARSET=utf8mb4 COLLATE=utf8mb4_0900_ai_ci COMMENT='장부 코드';
/*!40101 SET character_set_client = @saved_cs_client */;

--
-- Dumping data for table `account_code_info`
--

LOCK TABLES `account_code_info` WRITE;
/*!40000 ALTER TABLE `account_code_info` DISABLE KEYS */;
INSERT INTO `account_code_info` VALUES ('c','a','01','t','충전','계좌','농협','완료'),('c','a','02','t','충전','계좌','우리은행','완료'),('c','a','03','t','충전','계좌','카카오뱅크','완료'),('c','m','00','t','충전','마일리지','일반','완료'),('c','m','05','t','충전','마일리지','이벤트','완료'),('c','p','00','t','충전','핸드폰','일반','완료'),('e','a','01','f','예약','계좌','농협','취소'),('e','a','01','t','예약','계좌','농협','완료'),('e','a','02','f','예약','계좌','우리은행','취소'),('e','a','02','t','예약','계좌','우리은행','완료'),('e','a','03','f','예약','계좌','카카오뱅크','취소'),('e','a','03','t','예약','계좌','카카오뱅크','완료'),('e','m','00','f','예약','마일리지','일반','취소'),('e','m','00','t','예약','마일리지','일반','완료'),('e','m','05','f','예약','마일리지','이벤트','취소'),('e','m','05','t','예약','마일리지','이벤트','완료'),('r','a','01','f','예매','계좌','농협','취소'),('r','a','01','t','예매','계좌','농협','완료'),('r','a','02','f','예매','계좌','우리은행','취소'),('r','a','02','t','예매','계좌','우리은행','완료'),('r','a','03','f','예매','계좌','카카오뱅크','취소'),('r','a','03','t','예매','계좌','카카오뱅크','완료'),('r','m','00','f','예매','마일리지','일반','취소'),('r','m','00','t','예매','마일리지','일반','완료'),('r','m','05','f','예매','마일리지','이벤트','취소'),('r','m','05','t','예매','마일리지','이벤트','완료'),('w','a','01','t','출금','계좌','농협','완료'),('w','a','02','t','출금','계좌','우리은행','완료'),('w','a','03','t','출금','계좌','카카오뱅크','완료');
/*!40000 ALTER TABLE `account_code_info` ENABLE KEYS */;
UNLOCK TABLES;

--
-- Table structure for table `accum_mile`
--

DROP TABLE IF EXISTS `accum_mile`;
/*!40101 SET @saved_cs_client     = @@character_set_client */;
/*!50503 SET character_set_client = utf8mb4 */;
CREATE TABLE `accum_mile` (
  `seq` int unsigned NOT NULL AUTO_INCREMENT COMMENT '시퀀스',
  `user_num` int NOT NULL COMMENT '유저 번호',
  `account_code` char(5) NOT NULL COMMENT '장부코드',
  `accum_mile` int unsigned NOT NULL DEFAULT '0' COMMENT '적립 마일리지',
  `after_mile` int unsigned NOT NULL DEFAULT '0' COMMENT '적립 후 마일리지',
  `reg_day` datetime NOT NULL COMMENT '첫 등록일',
  `change_day` datetime DEFAULT '0000-00-00 00:00:00' COMMENT '마지막 변동일',
  PRIMARY KEY (`seq`)
) ENGINE=InnoDB AUTO_INCREMENT=4 DEFAULT CHARSET=utf8mb4 COLLATE=utf8mb4_0900_ai_ci COMMENT='적립 테이블';
/*!40101 SET character_set_client = @saved_cs_client */;

--
-- Dumping data for table `accum_mile`
--

LOCK TABLES `accum_mile` WRITE;
/*!40000 ALTER TABLE `accum_mile` DISABLE KEYS */;
INSERT INTO `accum_mile` VALUES (1,2,'ca01t',900000,147360,'2022-12-21 14:19:28','2022-12-21 14:23:17'),(2,2,'ca01t',900000,900000,'2022-12-21 14:24:29','0000-00-00 00:00:00'),(3,3,'ca01t',900000,878370,'2022-12-21 14:28:06','2022-12-21 14:28:47');
/*!40000 ALTER TABLE `accum_mile` ENABLE KEYS */;
UNLOCK TABLES;

--
-- Table structure for table `accum_mile_log`
--

DROP TABLE IF EXISTS `accum_mile_log`;
/*!40101 SET @saved_cs_client     = @@character_set_client */;
/*!50503 SET character_set_client = utf8mb4 */;
CREATE TABLE `accum_mile_log` (
  `seq` int unsigned NOT NULL AUTO_INCREMENT COMMENT '시퀀스',
  `accum_mile_seq` int unsigned NOT NULL COMMENT '적립 리스트 테이블 시퀀스',
  `user_num` int NOT NULL COMMENT '유저 번호',
  `account_code` char(5) NOT NULL COMMENT '장부코드',
  `trade_code` varchar(30) DEFAULT NULL COMMENT '거래 번호',
  `accum_mile` int unsigned NOT NULL COMMENT '적립 마일리지',
  `trade_type` char(1) DEFAULT NULL COMMENT 'c=충전, e=예약, r=예매, w=출금',
  `reg_day` datetime NOT NULL COMMENT '마일리지 적립일',
  PRIMARY KEY (`seq`)
) ENGINE=InnoDB AUTO_INCREMENT=93 DEFAULT CHARSET=utf8mb4 COLLATE=utf8mb4_0900_ai_ci COMMENT='적립 로그';
/*!40101 SET character_set_client = @saved_cs_client */;

--
-- Dumping data for table `accum_mile_log`
--

LOCK TABLES `accum_mile_log` WRITE;
/*!40000 ALTER TABLE `accum_mile_log` DISABLE KEYS */;
INSERT INTO `accum_mile_log` VALUES (1,1,2,'ca01t','20221221141928ca01t2',900000,'c','2022-12-21 14:19:28'),(3,1,2,'rm00t','20221221142235rm00t20',26880,'r','2022-12-21 14:22:35'),(4,1,2,'rm00t','20221221142235rm00t21',26880,'r','2022-12-21 14:22:35'),(5,1,2,'rm00t','20221221142235rm00t22',26880,'r','2022-12-21 14:22:35'),(6,1,2,'rm00t','20221221142317rm00t20',26880,'r','2022-12-21 14:23:17'),(7,1,2,'rm00t','20221221142317rm00t21',26880,'r','2022-12-21 14:23:17'),(8,1,2,'rm00t','20221221142317rm00t22',26880,'r','2022-12-21 14:23:17'),(9,1,2,'rm00t','20221221142317rm00t23',26880,'r','2022-12-21 14:23:17'),(10,1,2,'rm00t','20221221142317rm00t24',26880,'r','2022-12-21 14:23:17'),(11,1,2,'rm00t','20221221142317rm00t25',26880,'r','2022-12-21 14:23:17'),(12,1,2,'rm00t','20221221142317rm00t26',26880,'r','2022-12-21 14:23:17'),(13,1,2,'rm00t','20221221142317rm00t27',26880,'r','2022-12-21 14:23:17'),(14,1,2,'rm00t','20221221142317rm00t28',26880,'r','2022-12-21 14:23:17'),(15,1,2,'rm00t','20221221142317rm00t29',26880,'r','2022-12-21 14:23:17'),(16,1,2,'rm00t','20221221142317rm00t210',26880,'r','2022-12-21 14:23:17'),(17,1,2,'rm00t','20221221142317rm00t211',26880,'r','2022-12-21 14:23:17'),(18,1,2,'rm00t','20221221142317rm00t212',26880,'r','2022-12-21 14:23:17'),(19,1,2,'rm00t','20221221142317rm00t213',26880,'r','2022-12-21 14:23:17'),(20,1,2,'rm00t','20221221142317rm00t214',26880,'r','2022-12-21 14:23:17'),(21,1,2,'rm00t','20221221142317rm00t215',26880,'r','2022-12-21 14:23:17'),(22,1,2,'rm00t','20221221142317rm00t216',26880,'r','2022-12-21 14:23:17'),(23,1,2,'rm00t','20221221142317rm00t217',26880,'r','2022-12-21 14:23:17'),(24,1,2,'rm00t','20221221142317rm00t218',26880,'r','2022-12-21 14:23:17'),(25,1,2,'rm00t','20221221142317rm00t219',26880,'r','2022-12-21 14:23:17'),(26,1,2,'rm00t','20221221142317rm00t220',26880,'r','2022-12-21 14:23:17'),(27,1,2,'rm00t','20221221142317rm00t221',26880,'r','2022-12-21 14:23:17'),(28,1,2,'rm00t','20221221142317rm00t222',26880,'r','2022-12-21 14:23:17'),(29,1,2,'rm00t','20221221142317rm00t223',26880,'r','2022-12-21 14:23:17'),(30,1,2,'rm00t','20221221142317rm00t224',26880,'r','2022-12-21 14:23:17'),(31,2,2,'ca01t','20221221142429ca01t2',900000,'c','2022-12-21 14:24:29'),(90,3,3,'ca01t','20221221142806ca01t3',900000,'c','2022-12-21 14:28:06'),(92,3,3,'rm00t','20221221142847rm00t30',21630,'r','2022-12-21 14:28:47');
/*!40000 ALTER TABLE `accum_mile_log` ENABLE KEYS */;
UNLOCK TABLES;

--
-- Table structure for table `books`
--

DROP TABLE IF EXISTS `books`;
/*!40101 SET @saved_cs_client     = @@character_set_client */;
/*!50503 SET character_set_client = utf8mb4 */;
CREATE TABLE `books` (
  `isbn` char(13) NOT NULL,
  `author` char(50) DEFAULT NULL,
  `title` char(100) DEFAULT NULL,
  `price` float DEFAULT NULL,
  PRIMARY KEY (`isbn`)
) ENGINE=InnoDB DEFAULT CHARSET=utf8mb4 COLLATE=utf8mb4_0900_ai_ci;
/*!40101 SET character_set_client = @saved_cs_client */;

--
-- Dumping data for table `books`
--

LOCK TABLES `books` WRITE;
/*!40000 ALTER TABLE `books` DISABLE KEYS */;
/*!40000 ALTER TABLE `books` ENABLE KEYS */;
UNLOCK TABLES;

--
-- Table structure for table `bus_info`
--

DROP TABLE IF EXISTS `bus_info`;
/*!40101 SET @saved_cs_client     = @@character_set_client */;
/*!50503 SET character_set_client = utf8mb4 */;
CREATE TABLE `bus_info` (
  `bus_num` int unsigned NOT NULL COMMENT '버스번호',
  `bus_class` char(1) NOT NULL COMMENT '버스등급',
  `seat_cnt` int unsigned NOT NULL COMMENT '좌석 수',
  `used_flag` char(1) NOT NULL DEFAULT 'n' COMMENT '운행 유무(y= yes, n=no)',
  `bus_location` varchar(20) NOT NULL COMMENT '버스 위치',
  `reg_day` datetime NOT NULL COMMENT '등록일',
  `change_day` datetime NOT NULL DEFAULT '0000-00-00 00:00:00' COMMENT '변동일',
  PRIMARY KEY (`bus_num`)
) ENGINE=InnoDB DEFAULT CHARSET=utf8mb4 COLLATE=utf8mb4_0900_ai_ci COMMENT='버스정보';
/*!40101 SET character_set_client = @saved_cs_client */;

--
-- Dumping data for table `bus_info`
--

LOCK TABLES `bus_info` WRITE;
/*!40000 ALTER TABLE `bus_info` DISABLE KEYS */;
INSERT INTO `bus_info` VALUES (1001,'p',28,'n','seoul','2022-12-13 10:24:28','0000-00-00 00:00:00'),(1003,'p',28,'n','jeonju','2022-12-13 10:24:20','0000-00-00 00:00:00'),(1004,'p',28,'n','incheon','2022-12-13 10:24:23','0000-00-00 00:00:00'),(1005,'n',36,'n','incheon','2022-12-15 13:26:48','0000-00-00 00:00:00'),(1018,'p',28,'n','seoul','2022-12-13 10:24:29','0000-00-00 00:00:00'),(1020,'n',36,'n','jeonju','2022-12-15 13:26:48','0000-00-00 00:00:00'),(1022,'n',36,'n','incheon','2022-12-13 10:24:20','0000-00-00 00:00:00'),(1024,'n',36,'n','jeonju','2022-12-15 13:26:46','0000-00-00 00:00:00'),(1026,'p',28,'n','incheon','2022-12-15 13:26:39','0000-00-00 00:00:00'),(1027,'n',36,'n','incheon','2022-12-13 10:24:23','0000-00-00 00:00:00'),(1029,'p',28,'n','incheon','2022-12-13 10:24:26','0000-00-00 00:00:00'),(1031,'n',36,'n','jeonju','2022-12-13 10:24:26','0000-00-00 00:00:00'),(1032,'h',28,'n','jeonju','2022-12-13 10:24:22','0000-00-00 00:00:00'),(1035,'h',28,'n','seoul','2022-12-13 10:24:22','0000-00-00 00:00:00'),(1037,'p',28,'n','jeonju','2022-12-15 13:26:38','0000-00-00 00:00:00'),(1038,'p',28,'n','seoul','2022-12-13 10:24:52','0000-00-00 00:00:00'),(1041,'n',36,'n','jeonju','2022-12-13 10:24:22','0000-00-00 00:00:00'),(1042,'n',36,'n','incheon','2022-12-13 10:24:22','0000-00-00 00:00:00'),(1044,'n',36,'n','seoul','2022-12-13 10:24:31','0000-00-00 00:00:00'),(1046,'p',28,'n','seoul','2022-12-13 10:26:02','0000-00-00 00:00:00'),(1049,'n',36,'n','jeonju','2022-12-13 10:24:23','0000-00-00 00:00:00'),(1050,'p',28,'n','seoul','2022-12-13 10:24:22','0000-00-00 00:00:00'),(1054,'p',28,'n','seoul','2022-12-13 10:24:27','0000-00-00 00:00:00'),(1059,'n',36,'n','seoul','2022-12-13 10:24:22','0000-00-00 00:00:00'),(1061,'p',28,'n','seoul','2022-12-15 13:26:36','0000-00-00 00:00:00'),(1064,'p',28,'n','jeonju','2022-12-13 10:24:47','0000-00-00 00:00:00'),(1067,'p',28,'n','jeonju','2022-12-15 13:26:45','0000-00-00 00:00:00'),(1069,'p',28,'n','jeonju','2022-12-13 10:24:23','0000-00-00 00:00:00'),(1071,'n',36,'n','jeonju','2022-12-13 10:24:16','0000-00-00 00:00:00'),(1072,'n',36,'n','incheon','2022-12-13 10:24:18','0000-00-00 00:00:00'),(1074,'n',36,'n','seoul','2022-12-13 10:24:25','0000-00-00 00:00:00'),(1075,'p',28,'n','jeonju','2022-12-13 10:24:19','0000-00-00 00:00:00'),(1077,'h',28,'n','incheon','2022-12-13 10:24:17','0000-00-00 00:00:00'),(1078,'h',28,'n','incheon','2022-12-13 10:24:22','0000-00-00 00:00:00'),(1080,'h',28,'n','incheon','2022-12-13 10:24:18','0000-00-00 00:00:00'),(1082,'p',28,'n','jeonju','2022-12-13 10:24:53','0000-00-00 00:00:00'),(1084,'n',36,'n','jeonju','2022-12-15 13:26:37','0000-00-00 00:00:00'),(1085,'p',28,'n','seoul','2022-12-13 10:24:52','0000-00-00 00:00:00'),(1087,'h',28,'n','seoul','2022-12-13 10:24:28','0000-00-00 00:00:00'),(1088,'n',36,'n','incheon','2022-12-13 10:24:28','0000-00-00 00:00:00'),(1089,'p',28,'n','seoul','2022-12-15 13:26:40','0000-00-00 00:00:00'),(1090,'p',28,'n','jeonju','2022-12-13 10:24:32','0000-00-00 00:00:00'),(1093,'p',28,'n','jeonju','2022-12-13 10:24:29','0000-00-00 00:00:00'),(1099,'h',28,'n','jeonju','2022-12-13 10:24:17','0000-00-00 00:00:00'),(1103,'p',28,'n','jeonju','2022-12-13 10:24:33','0000-00-00 00:00:00'),(1107,'h',28,'n','seoul','2022-12-13 10:24:16','0000-00-00 00:00:00'),(1108,'n',36,'n','seoul','2022-12-13 10:24:35','0000-00-00 00:00:00'),(1112,'p',28,'n','incheon','2022-12-13 10:24:48','0000-00-00 00:00:00'),(1113,'p',28,'n','jeonju','2022-12-15 13:26:47','0000-00-00 00:00:00'),(1116,'p',28,'n','jeonju','2022-12-13 10:24:25','0000-00-00 00:00:00'),(1118,'p',28,'n','incheon','2022-12-13 10:24:20','0000-00-00 00:00:00'),(1119,'p',28,'n','incheon','2022-12-13 10:24:17','0000-00-00 00:00:00'),(1123,'p',28,'n','incheon','2022-12-13 10:24:47','0000-00-00 00:00:00'),(1124,'p',28,'n','jeonju','2022-12-15 13:26:48','0000-00-00 00:00:00'),(1126,'p',28,'n','incheon','2022-12-13 10:24:22','0000-00-00 00:00:00'),(1127,'p',28,'n','seoul','2022-12-13 10:24:53','0000-00-00 00:00:00'),(1131,'p',28,'n','seoul','2022-12-13 10:24:23','0000-00-00 00:00:00'),(1133,'p',28,'n','jeonju','2022-12-13 10:24:48','0000-00-00 00:00:00'),(1135,'h',28,'n','incheon','2022-12-13 10:24:17','0000-00-00 00:00:00'),(1136,'p',28,'n','seoul','2022-12-13 10:24:19','0000-00-00 00:00:00'),(1138,'p',28,'n','incheon','2022-12-13 10:24:27','0000-00-00 00:00:00'),(1141,'p',28,'n','seoul','2022-12-15 13:26:47','0000-00-00 00:00:00'),(1142,'p',28,'n','jeonju','2022-12-15 13:26:43','0000-00-00 00:00:00'),(1144,'p',28,'n','jeonju','2022-12-13 10:24:33','0000-00-00 00:00:00'),(1147,'p',28,'n','seoul','2022-12-15 13:26:44','0000-00-00 00:00:00'),(1152,'p',28,'n','jeonju','2022-12-13 10:24:25','0000-00-00 00:00:00'),(1154,'p',28,'n','seoul','2022-12-15 13:26:48','0000-00-00 00:00:00'),(1159,'n',36,'n','seoul','2022-12-15 13:26:37','0000-00-00 00:00:00'),(1161,'p',28,'n','seoul','2022-12-13 10:24:31','0000-00-00 00:00:00'),(1165,'p',28,'n','jeonju','2022-12-15 13:26:39','0000-00-00 00:00:00'),(1167,'n',36,'n','jeonju','2022-12-13 10:24:31','0000-00-00 00:00:00'),(1168,'p',28,'n','seoul','2022-12-13 10:24:24','0000-00-00 00:00:00'),(1169,'n',36,'n','seoul','2022-12-13 10:24:20','0000-00-00 00:00:00'),(1175,'n',36,'n','seoul','2022-12-15 13:26:44','0000-00-00 00:00:00'),(1189,'p',28,'n','jeonju','2022-12-13 10:24:52','0000-00-00 00:00:00'),(1191,'n',36,'n','jeonju','2022-12-15 13:26:40','0000-00-00 00:00:00'),(1192,'p',28,'n','jeonju','2022-12-15 13:26:42','0000-00-00 00:00:00'),(1197,'p',28,'n','seoul','2022-12-13 10:24:22','0000-00-00 00:00:00'),(1198,'p',28,'n','jeonju','2022-12-13 10:24:31','0000-00-00 00:00:00'),(1199,'n',36,'n','seoul','2022-12-15 13:26:36','0000-00-00 00:00:00'),(1200,'h',28,'n','seoul','2022-12-13 10:24:27','0000-00-00 00:00:00'),(1201,'n',36,'n','seoul','2022-12-13 10:24:17','0000-00-00 00:00:00'),(1205,'p',28,'n','seoul','2022-12-15 13:26:38','0000-00-00 00:00:00'),(1206,'p',28,'n','jeonju','2022-12-13 10:24:17','0000-00-00 00:00:00'),(1211,'p',28,'n','incheon','2022-12-13 10:24:34','0000-00-00 00:00:00'),(1213,'n',36,'n','seoul','2022-12-15 13:26:48','0000-00-00 00:00:00'),(1218,'n',36,'n','jeonju','2022-12-13 10:24:28','0000-00-00 00:00:00'),(1220,'n',36,'n','incheon','2022-12-15 13:26:46','0000-00-00 00:00:00'),(1221,'h',28,'n','jeonju','2022-12-13 10:24:24','0000-00-00 00:00:00'),(1224,'h',28,'n','incheon','2022-12-13 10:24:27','0000-00-00 00:00:00'),(1227,'p',28,'n','jeonju','2022-12-13 10:24:35','0000-00-00 00:00:00'),(1231,'p',28,'n','jeonju','2022-12-15 13:26:46','0000-00-00 00:00:00'),(1235,'n',36,'n','seoul','2022-12-13 10:24:23','0000-00-00 00:00:00'),(1236,'n',36,'n','jeonju','2022-12-15 13:26:44','0000-00-00 00:00:00'),(1238,'n',36,'n','jeonju','2022-12-15 13:26:42','0000-00-00 00:00:00'),(1240,'p',28,'n','incheon','2022-12-15 13:26:42','0000-00-00 00:00:00'),(1242,'p',28,'n','seoul','2022-12-13 10:24:26','0000-00-00 00:00:00'),(1244,'p',28,'n','incheon','2022-12-13 10:24:28','0000-00-00 00:00:00'),(1245,'p',28,'n','seoul','2022-12-15 13:26:46','0000-00-00 00:00:00'),(1246,'p',28,'n','incheon','2022-12-13 10:24:28','0000-00-00 00:00:00'),(1247,'p',28,'n','jeonju','2022-12-13 10:24:48','0000-00-00 00:00:00'),(1249,'p',28,'n','seoul','2022-12-15 13:26:46','0000-00-00 00:00:00'),(1250,'p',28,'n','jeonju','2022-12-13 10:24:51','0000-00-00 00:00:00'),(1252,'p',28,'n','jeonju','2022-12-13 10:24:27','0000-00-00 00:00:00'),(1257,'n',36,'n','seoul','2022-12-13 10:24:28','0000-00-00 00:00:00'),(1258,'h',28,'n','jeonju','2022-12-13 10:24:27','0000-00-00 00:00:00'),(1262,'p',28,'n','incheon','2022-12-15 13:26:38','0000-00-00 00:00:00'),(1263,'p',28,'n','seoul','2022-12-13 10:24:46','0000-00-00 00:00:00'),(1264,'p',28,'n','seoul','2022-12-13 10:24:35','0000-00-00 00:00:00'),(1272,'p',28,'n','incheon','2022-12-15 13:26:45','0000-00-00 00:00:00'),(1275,'p',28,'n','jeonju','2022-12-13 10:24:21','0000-00-00 00:00:00'),(1276,'p',28,'n','incheon','2022-12-13 10:24:31','0000-00-00 00:00:00'),(1282,'n',36,'n','incheon','2022-12-13 10:24:20','0000-00-00 00:00:00'),(1286,'p',28,'n','jeonju','2022-12-13 10:24:22','0000-00-00 00:00:00'),(1287,'n',36,'n','incheon','2022-12-15 13:26:36','0000-00-00 00:00:00'),(1288,'n',36,'n','jeonju','2022-12-13 10:24:21','0000-00-00 00:00:00'),(1289,'p',28,'n','incheon','2022-12-13 10:24:50','0000-00-00 00:00:00'),(1290,'p',28,'n','incheon','2022-12-13 10:24:32','0000-00-00 00:00:00'),(1291,'p',28,'n','jeonju','2022-12-15 13:26:49','0000-00-00 00:00:00'),(1292,'p',28,'n','jeonju','2022-12-13 10:24:31','0000-00-00 00:00:00'),(1293,'p',28,'n','incheon','2022-12-13 10:24:52','0000-00-00 00:00:00'),(1294,'n',36,'n','seoul','2022-12-13 10:24:20','0000-00-00 00:00:00'),(1296,'p',28,'n','incheon','2022-12-15 13:26:48','0000-00-00 00:00:00'),(1297,'p',28,'n','jeonju','2022-12-15 13:26:48','0000-00-00 00:00:00'),(1299,'p',28,'n','jeonju','2022-12-13 10:24:25','0000-00-00 00:00:00'),(1302,'p',28,'n','seoul','2022-12-13 10:24:48','0000-00-00 00:00:00'),(1303,'h',28,'n','jeonju','2022-12-13 10:24:35','0000-00-00 00:00:00'),(1309,'p',28,'n','jeonju','2022-12-15 13:26:46','0000-00-00 00:00:00'),(1314,'p',28,'n','incheon','2022-12-13 10:24:26','0000-00-00 00:00:00'),(1320,'p',28,'n','seoul','2022-12-15 13:26:42','0000-00-00 00:00:00'),(1321,'n',36,'n','jeonju','2022-12-13 10:24:51','0000-00-00 00:00:00'),(1323,'p',28,'n','jeonju','2022-12-13 10:24:16','0000-00-00 00:00:00'),(1325,'n',36,'n','incheon','2022-12-13 10:24:35','0000-00-00 00:00:00'),(1327,'p',28,'n','jeonju','2022-12-13 10:24:50','0000-00-00 00:00:00'),(1328,'p',28,'n','seoul','2022-12-13 10:24:46','0000-00-00 00:00:00'),(1330,'p',28,'n','incheon','2022-12-13 10:24:16','0000-00-00 00:00:00'),(1334,'n',36,'n','jeonju','2022-12-13 10:24:25','0000-00-00 00:00:00'),(1335,'p',28,'n','incheon','2022-12-15 13:26:44','0000-00-00 00:00:00'),(1339,'p',28,'n','seoul','2022-12-15 13:26:37','0000-00-00 00:00:00'),(1340,'p',28,'n','seoul','2022-12-13 10:24:21','0000-00-00 00:00:00'),(1341,'n',36,'n','jeonju','2022-12-13 10:24:50','0000-00-00 00:00:00'),(1344,'p',28,'n','incheon','2022-12-13 10:24:22','0000-00-00 00:00:00'),(1350,'p',28,'n','seoul','2022-12-15 13:26:43','0000-00-00 00:00:00'),(1352,'n',36,'n','jeonju','2022-12-13 10:24:52','0000-00-00 00:00:00'),(1353,'n',36,'n','jeonju','2022-12-13 10:24:17','0000-00-00 00:00:00'),(1358,'n',36,'n','seoul','2022-12-13 10:24:28','0000-00-00 00:00:00'),(1362,'h',28,'n','incheon','2022-12-13 10:24:17','0000-00-00 00:00:00'),(1363,'n',36,'n','seoul','2022-12-13 10:24:24','0000-00-00 00:00:00'),(1364,'n',36,'n','incheon','2022-12-13 10:24:27','0000-00-00 00:00:00'),(1366,'n',36,'n','seoul','2022-12-13 10:24:16','0000-00-00 00:00:00'),(1369,'n',36,'n','incheon','2022-12-13 10:24:25','0000-00-00 00:00:00'),(1371,'n',36,'n','seoul','2022-12-13 10:24:48','0000-00-00 00:00:00'),(1372,'p',28,'n','seoul','2022-12-13 10:24:26','0000-00-00 00:00:00'),(1380,'p',28,'n','jeonju','2022-12-13 10:24:32','0000-00-00 00:00:00'),(1381,'p',28,'n','jeonju','2022-12-15 13:26:41','0000-00-00 00:00:00'),(1382,'h',28,'n','incheon','2022-12-13 10:24:20','0000-00-00 00:00:00'),(1385,'h',28,'n','jeonju','2022-12-15 13:26:48','0000-00-00 00:00:00'),(1393,'p',28,'n','seoul','2022-12-13 10:24:20','0000-00-00 00:00:00'),(1399,'n',36,'n','jeonju','2022-12-13 10:24:28','0000-00-00 00:00:00'),(1400,'p',28,'n','incheon','2022-12-13 10:24:48','0000-00-00 00:00:00'),(1402,'n',36,'n','seoul','2022-12-13 10:24:17','0000-00-00 00:00:00'),(1403,'p',28,'n','jeonju','2022-12-13 10:24:24','0000-00-00 00:00:00'),(1405,'n',36,'n','jeonju','2022-12-13 10:24:35','0000-00-00 00:00:00'),(1408,'h',28,'n','incheon','2022-12-15 13:26:48','0000-00-00 00:00:00'),(1413,'n',36,'n','jeonju','2022-12-13 10:24:27','0000-00-00 00:00:00'),(1414,'n',36,'n','seoul','2022-12-13 10:24:18','0000-00-00 00:00:00'),(1418,'n',36,'n','jeonju','2022-12-13 10:24:22','0000-00-00 00:00:00'),(1419,'p',28,'n','seoul','2022-12-15 13:26:40','0000-00-00 00:00:00'),(1420,'p',28,'n','incheon','2022-12-15 13:26:37','0000-00-00 00:00:00'),(1423,'h',28,'n','incheon','2022-12-13 10:24:28','0000-00-00 00:00:00'),(1428,'p',28,'n','seoul','2022-12-13 10:24:48','0000-00-00 00:00:00'),(1430,'h',28,'n','jeonju','2022-12-13 10:24:23','0000-00-00 00:00:00'),(1433,'p',28,'n','incheon','2022-12-13 10:24:18','0000-00-00 00:00:00'),(1434,'p',28,'n','seoul','2022-12-13 10:24:22','0000-00-00 00:00:00'),(1435,'p',28,'n','seoul','2022-12-15 13:26:48','0000-00-00 00:00:00'),(1437,'p',28,'n','jeonju','2022-12-15 13:26:41','0000-00-00 00:00:00'),(1442,'p',28,'n','jeonju','2022-12-13 10:24:19','0000-00-00 00:00:00'),(1444,'p',28,'n','jeonju','2022-12-15 13:26:48','0000-00-00 00:00:00'),(1448,'n',36,'n','jeonju','2022-12-13 10:24:21','0000-00-00 00:00:00'),(1449,'p',28,'n','incheon','2022-12-13 10:24:23','0000-00-00 00:00:00'),(1451,'n',36,'n','incheon','2022-12-13 10:24:21','0000-00-00 00:00:00'),(1452,'p',28,'n','seoul','2022-12-15 13:26:42','0000-00-00 00:00:00'),(1455,'p',28,'n','incheon','2022-12-13 10:24:46','0000-00-00 00:00:00'),(1457,'p',28,'n','incheon','2022-12-13 10:24:19','0000-00-00 00:00:00'),(1458,'n',36,'n','seoul','2022-12-15 13:26:46','0000-00-00 00:00:00'),(1466,'n',36,'n','seoul','2022-12-13 10:24:18','0000-00-00 00:00:00'),(1470,'p',28,'n','jeonju','2022-12-13 10:24:17','0000-00-00 00:00:00'),(1472,'p',28,'n','seoul','2022-12-13 10:24:18','0000-00-00 00:00:00'),(1474,'p',28,'n','incheon','2022-12-13 10:24:18','0000-00-00 00:00:00'),(1476,'n',36,'n','incheon','2022-12-13 10:24:17','0000-00-00 00:00:00'),(1484,'p',28,'n','jeonju','2022-12-15 13:26:47','0000-00-00 00:00:00'),(1485,'n',36,'n','seoul','2022-12-15 13:26:40','0000-00-00 00:00:00'),(1486,'p',28,'n','seoul','2022-12-13 10:24:32','0000-00-00 00:00:00'),(1490,'p',28,'n','incheon','2022-12-15 13:26:40','0000-00-00 00:00:00'),(1499,'p',28,'n','seoul','2022-12-15 13:26:39','0000-00-00 00:00:00'),(1506,'p',28,'n','jeonju','2022-12-15 13:26:40','0000-00-00 00:00:00'),(1512,'p',28,'n','seoul','2022-12-13 10:24:21','0000-00-00 00:00:00'),(1515,'p',28,'n','incheon','2022-12-13 10:24:27','0000-00-00 00:00:00'),(1516,'p',28,'n','incheon','2022-12-13 10:24:29','0000-00-00 00:00:00'),(1519,'h',28,'n','seoul','2022-12-13 10:24:24','0000-00-00 00:00:00'),(1520,'n',36,'n','seoul','2022-12-13 10:24:27','0000-00-00 00:00:00'),(1523,'p',28,'n','jeonju','2022-12-13 10:24:27','0000-00-00 00:00:00'),(1528,'h',28,'n','jeonju','2022-12-13 10:24:20','0000-00-00 00:00:00'),(1530,'p',28,'n','jeonju','2022-12-15 13:26:46','0000-00-00 00:00:00'),(1531,'p',28,'n','jeonju','2022-12-13 10:24:21','0000-00-00 00:00:00'),(1532,'p',28,'n','incheon','2022-12-13 10:24:25','0000-00-00 00:00:00'),(1536,'p',28,'n','jeonju','2022-12-15 13:26:40','0000-00-00 00:00:00'),(1540,'n',36,'n','incheon','2022-12-13 10:24:17','0000-00-00 00:00:00'),(1544,'h',28,'n','seoul','2022-12-13 10:24:21','0000-00-00 00:00:00'),(1545,'n',36,'n','seoul','2022-12-13 10:24:50','0000-00-00 00:00:00'),(1547,'n',36,'n','seoul','2022-12-13 10:24:21','0000-00-00 00:00:00'),(1548,'p',28,'n','seoul','2022-12-15 13:26:49','0000-00-00 00:00:00'),(1550,'p',28,'n','incheon','2022-12-15 13:26:36','0000-00-00 00:00:00'),(1554,'p',28,'n','incheon','2022-12-15 13:26:46','0000-00-00 00:00:00'),(1558,'h',28,'n','incheon','2022-12-13 10:24:16','0000-00-00 00:00:00'),(1559,'n',36,'n','seoul','2022-12-13 10:24:21','0000-00-00 00:00:00'),(1565,'h',28,'n','jeonju','2022-12-13 10:24:17','0000-00-00 00:00:00'),(1566,'h',28,'n','seoul','2022-12-13 10:24:17','0000-00-00 00:00:00'),(1570,'n',36,'n','jeonju','2022-12-15 13:26:36','0000-00-00 00:00:00'),(1574,'p',28,'n','seoul','2022-12-13 10:24:31','0000-00-00 00:00:00'),(1576,'p',28,'n','jeonju','2022-12-15 13:26:46','0000-00-00 00:00:00'),(1579,'h',28,'n','jeonju','2022-12-13 10:24:21','0000-00-00 00:00:00'),(1580,'n',36,'n','seoul','2022-12-13 10:24:51','0000-00-00 00:00:00'),(1581,'p',28,'n','seoul','2022-12-13 10:24:17','0000-00-00 00:00:00'),(1582,'p',28,'n','seoul','2022-12-13 10:24:50','0000-00-00 00:00:00'),(1583,'p',28,'n','jeonju','2022-12-15 13:26:43','0000-00-00 00:00:00'),(1587,'p',28,'n','jeonju','2022-12-15 13:26:38','0000-00-00 00:00:00'),(1590,'p',28,'n','incheon','2022-12-13 10:24:47','0000-00-00 00:00:00'),(1593,'h',28,'n','seoul','2022-12-13 10:24:18','0000-00-00 00:00:00'),(1601,'h',28,'n','jeonju','2022-12-13 10:24:20','0000-00-00 00:00:00'),(1602,'h',28,'n','jeonju','2022-12-13 10:24:18','0000-00-00 00:00:00'),(1603,'p',28,'n','jeonju','2022-12-13 10:24:28','0000-00-00 00:00:00'),(1608,'n',36,'n','jeonju','2022-12-13 10:24:20','0000-00-00 00:00:00'),(1610,'p',28,'n','jeonju','2022-12-13 10:24:26','0000-00-00 00:00:00'),(1611,'p',28,'n','seoul','2022-12-13 10:24:28','0000-00-00 00:00:00'),(1617,'p',28,'n','incheon','2022-12-13 10:24:50','0000-00-00 00:00:00'),(1618,'n',36,'n','incheon','2022-12-13 10:24:16','0000-00-00 00:00:00'),(1619,'p',28,'n','incheon','2022-12-13 10:24:17','0000-00-00 00:00:00'),(1620,'p',28,'n','seoul','2022-12-13 10:24:20','0000-00-00 00:00:00'),(1621,'p',28,'n','jeonju','2022-12-13 10:24:18','0000-00-00 00:00:00'),(1622,'h',28,'n','jeonju','2022-12-13 10:24:25','0000-00-00 00:00:00'),(1623,'p',28,'n','jeonju','2022-12-13 10:24:22','0000-00-00 00:00:00'),(1630,'p',28,'n','incheon','2022-12-13 10:24:46','0000-00-00 00:00:00'),(1631,'p',28,'n','incheon','2022-12-13 10:24:24','0000-00-00 00:00:00'),(1633,'p',28,'n','jeonju','2022-12-13 10:24:52','0000-00-00 00:00:00'),(1635,'p',28,'n','incheon','2022-12-13 10:24:49','0000-00-00 00:00:00'),(1639,'p',28,'n','incheon','2022-12-13 10:24:35','0000-00-00 00:00:00'),(1642,'h',28,'n','jeonju','2022-12-13 10:24:49','0000-00-00 00:00:00'),(1651,'n',36,'n','jeonju','2022-12-13 10:24:24','0000-00-00 00:00:00'),(1653,'p',28,'n','jeonju','2022-12-13 10:24:53','0000-00-00 00:00:00'),(1655,'n',36,'n','jeonju','2022-12-13 10:24:48','0000-00-00 00:00:00'),(1657,'p',28,'n','seoul','2022-12-13 10:24:23','0000-00-00 00:00:00'),(1659,'h',28,'n','jeonju','2022-12-13 10:24:17','0000-00-00 00:00:00'),(1660,'n',36,'n','jeonju','2022-12-13 10:24:31','0000-00-00 00:00:00'),(1662,'p',28,'n','jeonju','2022-12-13 10:24:20','0000-00-00 00:00:00'),(1668,'p',28,'n','jeonju','2022-12-13 10:24:34','0000-00-00 00:00:00'),(1669,'p',28,'n','jeonju','2022-12-13 10:24:46','0000-00-00 00:00:00'),(1670,'h',28,'n','jeonju','2022-12-13 10:24:28','0000-00-00 00:00:00'),(1675,'p',28,'n','incheon','2022-12-13 10:24:51','0000-00-00 00:00:00'),(1676,'p',28,'n','seoul','2022-12-13 10:24:17','0000-00-00 00:00:00'),(1685,'p',28,'n','seoul','2022-12-13 10:24:51','0000-00-00 00:00:00'),(1690,'h',28,'n','incheon','2022-12-15 13:26:46','0000-00-00 00:00:00'),(1698,'n',36,'n','jeonju','2022-12-15 13:26:38','0000-00-00 00:00:00'),(1703,'h',28,'n','seoul','2022-12-13 10:24:18','0000-00-00 00:00:00'),(1705,'n',36,'n','seoul','2022-12-15 13:26:38','0000-00-00 00:00:00'),(1710,'h',28,'n','incheon','2022-12-13 10:24:18','0000-00-00 00:00:00'),(1713,'n',36,'n','incheon','2022-12-13 10:24:48','0000-00-00 00:00:00'),(1714,'n',36,'n','jeonju','2022-12-13 10:24:48','0000-00-00 00:00:00'),(1721,'h',28,'n','jeonju','2022-12-13 10:24:21','0000-00-00 00:00:00'),(1727,'h',28,'n','jeonju','2022-12-15 13:26:46','0000-00-00 00:00:00'),(1730,'n',36,'n','jeonju','2022-12-13 10:24:20','0000-00-00 00:00:00'),(1732,'p',28,'n','seoul','2022-12-13 10:24:34','0000-00-00 00:00:00'),(1735,'p',28,'n','jeonju','2022-12-13 10:24:49','0000-00-00 00:00:00'),(1741,'n',36,'n','jeonju','2022-12-13 10:24:34','0000-00-00 00:00:00'),(1743,'n',36,'n','jeonju','2022-12-13 10:24:49','0000-00-00 00:00:00'),(1751,'n',36,'n','jeonju','2022-12-13 10:24:17','0000-00-00 00:00:00'),(1753,'n',36,'n','jeonju','2022-12-13 10:24:18','0000-00-00 00:00:00'),(1754,'n',36,'n','incheon','2022-12-13 10:24:17','0000-00-00 00:00:00'),(1759,'p',28,'n','jeonju','2022-12-15 13:26:37','0000-00-00 00:00:00'),(1760,'p',28,'n','jeonju','2022-12-15 13:26:46','0000-00-00 00:00:00'),(1761,'p',28,'n','jeonju','2022-12-13 10:24:23','0000-00-00 00:00:00'),(1762,'p',28,'n','seoul','2022-12-13 10:24:34','0000-00-00 00:00:00'),(1763,'p',28,'n','jeonju','2022-12-13 10:24:17','0000-00-00 00:00:00'),(1764,'p',28,'n','jeonju','2022-12-13 10:24:50','0000-00-00 00:00:00'),(1766,'p',28,'n','jeonju','2022-12-15 13:26:45','0000-00-00 00:00:00'),(1767,'n',36,'n','jeonju','2022-12-13 10:24:18','0000-00-00 00:00:00'),(1768,'n',36,'n','incheon','2022-12-13 10:24:18','0000-00-00 00:00:00'),(1771,'h',28,'n','seoul','2022-12-13 10:24:49','0000-00-00 00:00:00'),(1773,'p',28,'n','jeonju','2022-12-13 10:24:47','0000-00-00 00:00:00'),(1776,'p',28,'n','seoul','2022-12-13 10:24:25','0000-00-00 00:00:00'),(1779,'p',28,'n','incheon','2022-12-15 13:26:42','0000-00-00 00:00:00'),(1780,'h',28,'n','incheon','2022-12-13 10:24:21','0000-00-00 00:00:00'),(1781,'p',28,'n','jeonju','2022-12-13 10:26:02','0000-00-00 00:00:00'),(1782,'p',28,'n','seoul','2022-12-13 10:24:47','0000-00-00 00:00:00'),(1787,'p',28,'n','jeonju','2022-12-15 13:26:42','0000-00-00 00:00:00'),(1793,'h',28,'n','seoul','2022-12-13 10:24:20','0000-00-00 00:00:00'),(1800,'p',28,'n','jeonju','2022-12-15 13:26:44','0000-00-00 00:00:00'),(1805,'p',28,'n','incheon','2022-12-13 10:24:34','0000-00-00 00:00:00'),(1807,'p',28,'n','jeonju','2022-12-13 10:24:49','0000-00-00 00:00:00'),(1808,'n',36,'n','seoul','2022-12-13 10:24:49','0000-00-00 00:00:00'),(1811,'p',28,'n','seoul','2022-12-13 10:24:49','0000-00-00 00:00:00'),(1813,'n',36,'n','incheon','2022-12-13 10:24:49','0000-00-00 00:00:00'),(1816,'p',28,'n','jeonju','2022-12-13 10:24:34','0000-00-00 00:00:00'),(1822,'n',36,'n','jeonju','2022-12-13 10:24:17','0000-00-00 00:00:00'),(1823,'p',28,'n','jeonju','2022-12-15 13:26:39','0000-00-00 00:00:00'),(1825,'p',28,'n','jeonju','2022-12-15 13:26:48','0000-00-00 00:00:00'),(1827,'p',28,'n','jeonju','2022-12-15 13:26:42','0000-00-00 00:00:00'),(1828,'p',28,'n','seoul','2022-12-15 13:26:45','0000-00-00 00:00:00'),(1829,'n',36,'n','seoul','2022-12-13 10:24:22','0000-00-00 00:00:00'),(1839,'h',28,'n','jeonju','2022-12-15 13:26:36','0000-00-00 00:00:00'),(1844,'p',28,'n','jeonju','2022-12-15 13:26:43','0000-00-00 00:00:00'),(1846,'n',36,'n','jeonju','2022-12-13 10:24:26','0000-00-00 00:00:00'),(1852,'n',36,'n','jeonju','2022-12-13 10:24:23','0000-00-00 00:00:00'),(1854,'p',28,'n','seoul','2022-12-13 10:24:50','0000-00-00 00:00:00'),(1856,'p',28,'n','seoul','2022-12-13 10:24:49','0000-00-00 00:00:00'),(1857,'p',28,'n','jeonju','2022-12-13 10:24:29','0000-00-00 00:00:00'),(1859,'p',28,'n','incheon','2022-12-13 10:24:52','0000-00-00 00:00:00'),(1860,'p',28,'n','seoul','2022-12-13 10:24:16','0000-00-00 00:00:00'),(1862,'n',36,'n','incheon','2022-12-13 10:24:24','0000-00-00 00:00:00'),(1863,'p',28,'n','seoul','2022-12-13 10:24:47','0000-00-00 00:00:00'),(1867,'p',28,'n','seoul','2022-12-13 10:24:18','0000-00-00 00:00:00'),(1868,'h',28,'n','seoul','2022-12-13 10:24:17','0000-00-00 00:00:00'),(1872,'n',36,'n','incheon','2022-12-13 10:24:21','0000-00-00 00:00:00'),(1875,'h',28,'n','seoul','2022-12-13 10:24:17','0000-00-00 00:00:00'),(1879,'p',28,'n','seoul','2022-12-13 10:24:29','0000-00-00 00:00:00'),(1880,'n',36,'n','seoul','2022-12-13 10:24:52','0000-00-00 00:00:00'),(1882,'n',36,'n','jeonju','2022-12-13 10:24:50','0000-00-00 00:00:00'),(1885,'p',28,'n','incheon','2022-12-13 10:26:02','0000-00-00 00:00:00'),(1894,'p',28,'n','incheon','2022-12-13 10:24:21','0000-00-00 00:00:00'),(1896,'h',28,'n','incheon','2022-12-13 10:24:20','0000-00-00 00:00:00'),(1907,'n',36,'n','seoul','2022-12-13 10:24:17','0000-00-00 00:00:00'),(1912,'n',36,'n','seoul','2022-12-13 10:24:23','0000-00-00 00:00:00'),(1913,'h',28,'n','seoul','2022-12-15 13:26:48','0000-00-00 00:00:00'),(1916,'h',28,'n','seoul','2022-12-13 10:24:51','0000-00-00 00:00:00'),(1918,'p',28,'n','jeonju','2022-12-15 13:26:36','0000-00-00 00:00:00'),(1920,'p',28,'n','jeonju','2022-12-13 10:24:28','0000-00-00 00:00:00'),(1928,'h',28,'n','incheon','2022-12-13 10:24:49','0000-00-00 00:00:00'),(1930,'p',28,'n','incheon','2022-12-13 10:24:31','0000-00-00 00:00:00'),(1931,'p',28,'n','seoul','2022-12-15 13:26:48','0000-00-00 00:00:00'),(1935,'h',28,'n','incheon','2022-12-13 10:24:24','0000-00-00 00:00:00'),(1936,'p',28,'n','jeonju','2022-12-13 10:24:21','0000-00-00 00:00:00'),(1937,'n',36,'n','incheon','2022-12-13 10:24:51','0000-00-00 00:00:00'),(1940,'h',28,'n','seoul','2022-12-13 10:24:20','0000-00-00 00:00:00'),(1941,'p',28,'n','seoul','2022-12-13 10:24:27','0000-00-00 00:00:00'),(1945,'h',28,'n','jeonju','2022-12-13 10:24:51','0000-00-00 00:00:00'),(1947,'p',28,'n','seoul','2022-12-13 10:24:17','0000-00-00 00:00:00'),(1954,'p',28,'n','jeonju','2022-12-13 10:24:46','0000-00-00 00:00:00'),(1956,'p',28,'n','jeonju','2022-12-15 13:26:45','0000-00-00 00:00:00'),(1958,'p',28,'n','incheon','2022-12-13 10:24:20','0000-00-00 00:00:00'),(1962,'h',28,'n','jeonju','2022-12-13 10:24:18','0000-00-00 00:00:00'),(1964,'p',28,'n','incheon','2022-12-13 10:24:21','0000-00-00 00:00:00'),(1970,'p',28,'n','incheon','2022-12-13 10:24:17','0000-00-00 00:00:00'),(1974,'h',28,'n','seoul','2022-12-15 13:26:46','0000-00-00 00:00:00'),(1975,'p',28,'n','jeonju','2022-12-13 10:24:18','0000-00-00 00:00:00'),(1981,'h',28,'n','incheon','2022-12-13 10:24:21','0000-00-00 00:00:00'),(1989,'h',28,'n','seoul','2022-12-13 10:24:21','0000-00-00 00:00:00'),(1992,'h',28,'n','jeonju','2022-12-13 10:24:16','0000-00-00 00:00:00'),(1996,'p',28,'n','jeonju','2022-12-13 10:26:02','0000-00-00 00:00:00');
/*!40000 ALTER TABLE `bus_info` ENABLE KEYS */;
UNLOCK TABLES;

--
-- Table structure for table `bus_move_info`
--

DROP TABLE IF EXISTS `bus_move_info`;
/*!40101 SET @saved_cs_client     = @@character_set_client */;
/*!50503 SET character_set_client = utf8mb4 */;
CREATE TABLE `bus_move_info` (
  `seq` int unsigned NOT NULL AUTO_INCREMENT COMMENT '시퀀스',
  `bus_num` int unsigned NOT NULL COMMENT '버스번호',
  `driver_num` int unsigned NOT NULL COMMENT '기사정보',
  `bus_route` varchar(20) NOT NULL COMMENT '버스경로',
  `bus_class` varchar(20) NOT NULL COMMENT '버스등급',
  `seat_cnt` int unsigned NOT NULL COMMENT '좌석 수',
  `people_cnt` int unsigned NOT NULL DEFAULT '0' COMMENT '승객 수',
  `move_time` time NOT NULL DEFAULT '00:00:00' COMMENT '운행시간',
  `price` int unsigned NOT NULL COMMENT '금액',
  `drive_memo` text COMMENT '운행 중 이슈',
  `bus_leave_location` varchar(20) NOT NULL COMMENT '출발지',
  `bus_arrive_location` varchar(20) NOT NULL COMMENT '도착지',
  `leave_day` datetime NOT NULL COMMENT '출발시간',
  `arrive_time` datetime NOT NULL COMMENT '도착시간',
  PRIMARY KEY (`seq`),
  KEY `fk_busmoveinfo_driverinfo1_idx` (`driver_num`),
  KEY `fk_busmoveinfo_businfo1_idx` (`bus_num`),
  CONSTRAINT `fk_busmoveinfo_businfo1` FOREIGN KEY (`bus_num`) REFERENCES `bus_info` (`bus_num`),
  CONSTRAINT `fk_busmoveinfo_driverinfo1` FOREIGN KEY (`driver_num`) REFERENCES `driver_info` (`driver_num`)
) ENGINE=InnoDB AUTO_INCREMENT=693 DEFAULT CHARSET=utf8mb4 COLLATE=utf8mb4_0900_ai_ci COMMENT='버스 운행 정보';
/*!40101 SET character_set_client = @saved_cs_client */;

--
-- Dumping data for table `bus_move_info`
--

LOCK TABLES `bus_move_info` WRITE;
/*!40000 ALTER TABLE `bus_move_info` DISABLE KEYS */;
INSERT INTO `bus_move_info` VALUES (1,1075,20,'seoul','p',28,0,'03:00:00',25600,NULL,'jeonju','seoul','2022-12-21 00:00:00','2022-12-21 03:00:00'),(2,1996,38,'seoul','p',28,0,'03:00:00',25600,NULL,'jeonju','seoul','2022-12-21 00:30:00','2022-12-21 03:30:00'),(3,1142,31,'seoul','p',28,0,'03:00:00',25600,NULL,'jeonju','seoul','2022-12-21 01:00:00','2022-12-21 04:00:00'),(4,1133,30,'seoul','p',28,0,'03:00:00',25600,NULL,'jeonju','seoul','2022-12-21 01:30:00','2022-12-21 04:30:00'),(5,1124,29,'seoul','p',28,0,'03:00:00',25600,NULL,'jeonju','seoul','2022-12-21 02:00:00','2022-12-21 05:00:00'),(6,1116,28,'seoul','p',28,0,'03:00:00',25600,NULL,'jeonju','seoul','2022-12-21 02:30:00','2022-12-21 05:30:00'),(7,1113,27,'seoul','p',28,0,'03:00:00',25600,NULL,'jeonju','seoul','2022-12-21 03:00:00','2022-12-21 06:00:00'),(8,1103,26,'seoul','p',28,0,'03:00:00',25600,NULL,'jeonju','seoul','2022-12-21 03:30:00','2022-12-21 06:30:00'),(9,1099,25,'seoul','h',28,0,'03:00:00',20600,NULL,'jeonju','seoul','2022-12-21 04:00:00','2022-12-21 07:00:00'),(10,1093,24,'seoul','p',28,0,'03:00:00',25600,NULL,'jeonju','seoul','2022-12-21 04:30:00','2022-12-21 07:30:00'),(11,1090,23,'seoul','p',28,0,'03:00:00',25600,NULL,'jeonju','seoul','2022-12-21 05:00:00','2022-12-21 08:00:00'),(12,1084,22,'seoul','n',36,0,'03:00:00',15600,NULL,'jeonju','seoul','2022-12-21 05:30:00','2022-12-21 08:30:00'),(13,1082,21,'seoul','p',28,0,'03:00:00',25600,NULL,'jeonju','seoul','2022-12-21 06:00:00','2022-12-21 09:00:00'),(14,1003,1,'seoul','p',28,0,'03:00:00',25600,NULL,'jeonju','seoul','2022-12-21 06:30:00','2022-12-21 09:30:00'),(15,1071,19,'seoul','n',36,0,'03:00:00',15600,NULL,'jeonju','seoul','2022-12-21 07:00:00','2022-12-21 10:00:00'),(16,1069,18,'seoul','p',28,0,'03:00:00',25600,NULL,'jeonju','seoul','2022-12-21 07:30:00','2022-12-21 10:30:00'),(17,1067,17,'seoul','p',28,0,'03:00:00',25600,NULL,'jeonju','seoul','2022-12-21 08:00:00','2022-12-21 11:00:00'),(18,1064,16,'seoul','p',28,0,'03:00:00',25600,NULL,'jeonju','seoul','2022-12-21 08:30:00','2022-12-21 11:30:00'),(19,1049,15,'seoul','n',36,0,'03:00:00',15600,NULL,'jeonju','seoul','2022-12-21 09:00:00','2022-12-21 12:00:00'),(20,1041,14,'seoul','n',36,0,'03:00:00',15600,NULL,'jeonju','seoul','2022-12-21 09:30:00','2022-12-21 12:30:00'),(21,1037,13,'seoul','p',28,0,'03:00:00',25600,NULL,'jeonju','seoul','2022-12-21 10:00:00','2022-12-21 13:00:00'),(22,1032,12,'seoul','h',28,0,'03:00:00',20600,NULL,'jeonju','seoul','2022-12-21 10:30:00','2022-12-21 13:30:00'),(23,1031,11,'seoul','n',36,0,'03:00:00',15600,NULL,'jeonju','seoul','2022-12-21 11:00:00','2022-12-21 14:00:00'),(24,1024,10,'seoul','n',36,0,'03:00:00',15600,NULL,'jeonju','seoul','2022-12-21 11:30:00','2022-12-21 14:30:00'),(25,1075,20,'seoul','p',28,0,'03:00:00',25600,NULL,'jeonju','seoul','2022-12-21 12:00:00','2022-12-21 15:00:00'),(26,1996,38,'seoul','p',28,0,'03:00:00',25600,NULL,'jeonju','seoul','2022-12-21 12:30:00','2022-12-21 15:30:00'),(27,1142,31,'seoul','p',28,0,'03:00:00',25600,NULL,'jeonju','seoul','2022-12-21 13:00:00','2022-12-21 16:00:00'),(28,1133,30,'seoul','p',28,0,'03:00:00',25600,NULL,'jeonju','seoul','2022-12-21 13:30:00','2022-12-21 16:30:00'),(29,1124,29,'seoul','p',28,0,'03:00:00',25600,NULL,'jeonju','seoul','2022-12-21 14:00:00','2022-12-21 17:00:00'),(30,1116,28,'seoul','p',28,2,'03:00:00',25600,NULL,'jeonju','seoul','2022-12-21 14:30:00','2022-12-21 17:30:00'),(31,1113,27,'seoul','p',28,25,'03:00:00',25600,NULL,'jeonju','seoul','2022-12-21 15:00:00','2022-12-21 18:00:00'),(32,1103,26,'seoul','p',28,28,'03:00:00',25600,NULL,'jeonju','seoul','2022-12-21 15:30:00','2022-12-21 18:30:00'),(33,1099,25,'seoul','h',28,1,'03:00:00',20600,NULL,'jeonju','seoul','2022-12-21 16:00:00','2022-12-21 19:00:00'),(34,1093,24,'seoul','p',28,0,'03:00:00',25600,NULL,'jeonju','seoul','2022-12-21 16:30:00','2022-12-21 19:30:00'),(35,1090,23,'seoul','p',28,0,'03:00:00',25600,NULL,'jeonju','seoul','2022-12-21 17:00:00','2022-12-21 20:00:00'),(36,1084,22,'seoul','n',36,0,'03:00:00',15600,NULL,'jeonju','seoul','2022-12-21 17:30:00','2022-12-21 20:30:00'),(37,1082,21,'seoul','p',28,0,'03:00:00',25600,NULL,'jeonju','seoul','2022-12-21 18:00:00','2022-12-21 21:00:00'),(38,1003,1,'seoul','p',28,0,'03:00:00',25600,NULL,'jeonju','seoul','2022-12-21 18:30:00','2022-12-21 21:30:00'),(39,1071,19,'seoul','n',36,0,'03:00:00',15600,NULL,'jeonju','seoul','2022-12-21 19:00:00','2022-12-21 22:00:00'),(40,1069,18,'seoul','p',28,0,'03:00:00',25600,NULL,'jeonju','seoul','2022-12-21 19:30:00','2022-12-21 22:30:00'),(41,1067,17,'seoul','p',28,0,'03:00:00',25600,NULL,'jeonju','seoul','2022-12-21 20:00:00','2022-12-21 23:00:00'),(42,1064,16,'seoul','p',28,0,'03:00:00',25600,NULL,'jeonju','seoul','2022-12-21 20:30:00','2022-12-21 23:30:00'),(43,1049,15,'seoul','n',36,0,'03:00:00',15600,NULL,'jeonju','seoul','2022-12-21 21:00:00','2022-12-22 00:00:00'),(44,1041,14,'seoul','n',36,0,'03:00:00',15600,NULL,'jeonju','seoul','2022-12-21 21:30:00','2022-12-22 00:30:00'),(45,1037,13,'seoul','p',28,0,'03:00:00',25600,NULL,'jeonju','seoul','2022-12-21 22:00:00','2022-12-22 01:00:00'),(46,1032,12,'seoul','h',28,0,'03:00:00',20600,NULL,'jeonju','seoul','2022-12-21 22:30:00','2022-12-22 01:30:00'),(47,1031,11,'seoul','n',36,0,'03:00:00',15600,NULL,'jeonju','seoul','2022-12-21 23:00:00','2022-12-22 02:00:00'),(48,1024,10,'seoul','n',36,0,'03:00:00',15600,NULL,'jeonju','seoul','2022-12-21 23:30:00','2022-12-22 02:30:00'),(49,1075,20,'seoul','p',28,0,'03:00:00',25600,NULL,'jeonju','seoul','2022-12-22 00:15:00','2022-12-22 03:15:00'),(50,1996,38,'seoul','p',28,0,'03:00:00',25600,NULL,'jeonju','seoul','2022-12-22 00:45:00','2022-12-22 03:45:00'),(51,1142,31,'seoul','p',28,0,'03:00:00',25600,NULL,'jeonju','seoul','2022-12-22 01:15:00','2022-12-22 04:15:00'),(52,1133,30,'seoul','p',28,0,'03:00:00',25600,NULL,'jeonju','seoul','2022-12-22 01:45:00','2022-12-22 04:45:00'),(53,1124,29,'seoul','p',28,0,'03:00:00',25600,NULL,'jeonju','seoul','2022-12-22 02:15:00','2022-12-22 05:15:00'),(54,1116,28,'seoul','p',28,0,'03:00:00',25600,NULL,'jeonju','seoul','2022-12-22 02:45:00','2022-12-22 05:45:00'),(55,1113,27,'seoul','p',28,0,'03:00:00',25600,NULL,'jeonju','seoul','2022-12-22 03:15:00','2022-12-22 06:15:00'),(56,1103,26,'seoul','p',28,0,'03:00:00',25600,NULL,'jeonju','seoul','2022-12-22 03:45:00','2022-12-22 06:45:00'),(57,1099,25,'seoul','h',28,0,'03:00:00',20600,NULL,'jeonju','seoul','2022-12-22 04:15:00','2022-12-22 07:15:00'),(58,1093,24,'seoul','p',28,0,'03:00:00',25600,NULL,'jeonju','seoul','2022-12-22 04:45:00','2022-12-22 07:45:00'),(59,1090,23,'seoul','p',28,0,'03:00:00',25600,NULL,'jeonju','seoul','2022-12-22 05:15:00','2022-12-22 08:15:00'),(60,1084,22,'seoul','n',36,0,'03:00:00',15600,NULL,'jeonju','seoul','2022-12-22 05:45:00','2022-12-22 08:45:00'),(61,1082,21,'seoul','p',28,0,'03:00:00',25600,NULL,'jeonju','seoul','2022-12-22 06:15:00','2022-12-22 09:15:00'),(62,1003,1,'seoul','p',28,0,'03:00:00',25600,NULL,'jeonju','seoul','2022-12-22 06:45:00','2022-12-22 09:45:00'),(63,1071,19,'seoul','n',36,0,'03:00:00',15600,NULL,'jeonju','seoul','2022-12-22 07:15:00','2022-12-22 10:15:00'),(64,1069,18,'seoul','p',28,0,'03:00:00',25600,NULL,'jeonju','seoul','2022-12-22 07:45:00','2022-12-22 10:45:00'),(65,1067,17,'seoul','p',28,0,'03:00:00',25600,NULL,'jeonju','seoul','2022-12-22 08:15:00','2022-12-22 11:15:00'),(66,1064,16,'seoul','p',28,0,'03:00:00',25600,NULL,'jeonju','seoul','2022-12-22 08:45:00','2022-12-22 11:45:00'),(67,1049,15,'seoul','n',36,0,'03:00:00',15600,NULL,'jeonju','seoul','2022-12-22 09:15:00','2022-12-22 12:15:00'),(68,1041,14,'seoul','n',36,0,'03:00:00',15600,NULL,'jeonju','seoul','2022-12-22 09:45:00','2022-12-22 12:45:00'),(69,1037,13,'seoul','p',28,0,'03:00:00',25600,NULL,'jeonju','seoul','2022-12-22 10:15:00','2022-12-22 13:15:00'),(70,1032,12,'seoul','h',28,0,'03:00:00',20600,NULL,'jeonju','seoul','2022-12-22 10:45:00','2022-12-22 13:45:00'),(71,1031,11,'seoul','n',36,0,'03:00:00',15600,NULL,'jeonju','seoul','2022-12-22 11:15:00','2022-12-22 14:15:00'),(72,1024,10,'seoul','n',36,0,'03:00:00',15600,NULL,'jeonju','seoul','2022-12-22 11:45:00','2022-12-22 14:45:00'),(73,1075,20,'seoul','p',28,0,'03:00:00',25600,NULL,'jeonju','seoul','2022-12-22 12:15:00','2022-12-22 15:15:00'),(74,1996,38,'seoul','p',28,0,'03:00:00',25600,NULL,'jeonju','seoul','2022-12-22 12:45:00','2022-12-22 15:45:00'),(75,1142,31,'seoul','p',28,0,'03:00:00',25600,NULL,'jeonju','seoul','2022-12-22 13:15:00','2022-12-22 16:15:00'),(76,1133,30,'seoul','p',28,0,'03:00:00',25600,NULL,'jeonju','seoul','2022-12-22 13:45:00','2022-12-22 16:45:00'),(77,1124,29,'seoul','p',28,0,'03:00:00',25600,NULL,'jeonju','seoul','2022-12-22 14:15:00','2022-12-22 17:15:00'),(78,1116,28,'seoul','p',28,0,'03:00:00',25600,NULL,'jeonju','seoul','2022-12-22 14:45:00','2022-12-22 17:45:00'),(79,1113,27,'seoul','p',28,0,'03:00:00',25600,NULL,'jeonju','seoul','2022-12-22 15:15:00','2022-12-22 18:15:00'),(80,1103,26,'seoul','p',28,0,'03:00:00',25600,NULL,'jeonju','seoul','2022-12-22 15:45:00','2022-12-22 18:45:00'),(81,1099,25,'seoul','h',28,0,'03:00:00',20600,NULL,'jeonju','seoul','2022-12-22 16:15:00','2022-12-22 19:15:00'),(82,1093,24,'seoul','p',28,0,'03:00:00',25600,NULL,'jeonju','seoul','2022-12-22 16:45:00','2022-12-22 19:45:00'),(83,1090,23,'seoul','p',28,0,'03:00:00',25600,NULL,'jeonju','seoul','2022-12-22 17:15:00','2022-12-22 20:15:00'),(84,1084,22,'seoul','n',36,0,'03:00:00',15600,NULL,'jeonju','seoul','2022-12-22 17:45:00','2022-12-22 20:45:00'),(85,1082,21,'seoul','p',28,0,'03:00:00',25600,NULL,'jeonju','seoul','2022-12-22 18:15:00','2022-12-22 21:15:00'),(86,1003,1,'seoul','p',28,0,'03:00:00',25600,NULL,'jeonju','seoul','2022-12-22 18:45:00','2022-12-22 21:45:00'),(87,1071,19,'seoul','n',36,0,'03:00:00',15600,NULL,'jeonju','seoul','2022-12-22 19:15:00','2022-12-22 22:15:00'),(88,1069,18,'seoul','p',28,0,'03:00:00',25600,NULL,'jeonju','seoul','2022-12-22 19:45:00','2022-12-22 22:45:00'),(89,1067,17,'seoul','p',28,0,'03:00:00',25600,NULL,'jeonju','seoul','2022-12-22 20:15:00','2022-12-22 23:15:00'),(90,1064,16,'seoul','p',28,0,'03:00:00',25600,NULL,'jeonju','seoul','2022-12-22 20:45:00','2022-12-22 23:45:00'),(91,1049,15,'seoul','n',36,0,'03:00:00',15600,NULL,'jeonju','seoul','2022-12-22 21:15:00','2022-12-23 00:15:00'),(92,1041,14,'seoul','n',36,0,'03:00:00',15600,NULL,'jeonju','seoul','2022-12-22 21:45:00','2022-12-23 00:45:00'),(93,1037,13,'seoul','p',28,0,'03:00:00',25600,NULL,'jeonju','seoul','2022-12-22 22:15:00','2022-12-23 01:15:00'),(94,1032,12,'seoul','h',28,0,'03:00:00',20600,NULL,'jeonju','seoul','2022-12-22 22:45:00','2022-12-23 01:45:00'),(95,1031,11,'seoul','n',36,0,'03:00:00',15600,NULL,'jeonju','seoul','2022-12-22 23:15:00','2022-12-23 02:15:00'),(96,1024,10,'seoul','n',36,0,'03:00:00',15600,NULL,'jeonju','seoul','2022-12-22 23:45:00','2022-12-23 02:45:00'),(97,1075,20,'seoul','p',28,0,'03:00:00',25600,NULL,'jeonju','seoul','2022-12-23 00:00:00','2022-12-23 03:00:00'),(98,1996,38,'seoul','p',28,0,'03:00:00',25600,NULL,'jeonju','seoul','2022-12-23 00:30:00','2022-12-23 03:30:00'),(99,1142,31,'seoul','p',28,0,'03:00:00',25600,NULL,'jeonju','seoul','2022-12-23 01:00:00','2022-12-23 04:00:00'),(100,1133,30,'seoul','p',28,0,'03:00:00',25600,NULL,'jeonju','seoul','2022-12-23 01:30:00','2022-12-23 04:30:00'),(101,1124,29,'seoul','p',28,0,'03:00:00',25600,NULL,'jeonju','seoul','2022-12-23 02:00:00','2022-12-23 05:00:00'),(102,1116,28,'seoul','p',28,0,'03:00:00',25600,NULL,'jeonju','seoul','2022-12-23 02:30:00','2022-12-23 05:30:00'),(103,1113,27,'seoul','p',28,0,'03:00:00',25600,NULL,'jeonju','seoul','2022-12-23 03:00:00','2022-12-23 06:00:00'),(104,1103,26,'seoul','p',28,0,'03:00:00',25600,NULL,'jeonju','seoul','2022-12-23 03:30:00','2022-12-23 06:30:00'),(105,1099,25,'seoul','h',28,0,'03:00:00',20600,NULL,'jeonju','seoul','2022-12-23 04:00:00','2022-12-23 07:00:00'),(106,1093,24,'seoul','p',28,0,'03:00:00',25600,NULL,'jeonju','seoul','2022-12-23 04:30:00','2022-12-23 07:30:00'),(107,1090,23,'seoul','p',28,0,'03:00:00',25600,NULL,'jeonju','seoul','2022-12-23 05:00:00','2022-12-23 08:00:00'),(108,1084,22,'seoul','n',36,0,'03:00:00',15600,NULL,'jeonju','seoul','2022-12-23 05:30:00','2022-12-23 08:30:00'),(109,1082,21,'seoul','p',28,0,'03:00:00',25600,NULL,'jeonju','seoul','2022-12-23 06:00:00','2022-12-23 09:00:00'),(110,1003,1,'seoul','p',28,0,'03:00:00',25600,NULL,'jeonju','seoul','2022-12-23 06:30:00','2022-12-23 09:30:00'),(111,1071,19,'seoul','n',36,0,'03:00:00',15600,NULL,'jeonju','seoul','2022-12-23 07:00:00','2022-12-23 10:00:00'),(112,1069,18,'seoul','p',28,0,'03:00:00',25600,NULL,'jeonju','seoul','2022-12-23 07:30:00','2022-12-23 10:30:00'),(113,1067,17,'seoul','p',28,0,'03:00:00',25600,NULL,'jeonju','seoul','2022-12-23 08:00:00','2022-12-23 11:00:00'),(114,1064,16,'seoul','p',28,0,'03:00:00',25600,NULL,'jeonju','seoul','2022-12-23 08:30:00','2022-12-23 11:30:00'),(115,1049,15,'seoul','n',36,0,'03:00:00',15600,NULL,'jeonju','seoul','2022-12-23 09:00:00','2022-12-23 12:00:00'),(116,1041,14,'seoul','n',36,0,'03:00:00',15600,NULL,'jeonju','seoul','2022-12-23 09:30:00','2022-12-23 12:30:00'),(117,1037,13,'seoul','p',28,0,'03:00:00',25600,NULL,'jeonju','seoul','2022-12-23 10:00:00','2022-12-23 13:00:00'),(118,1032,12,'seoul','h',28,0,'03:00:00',20600,NULL,'jeonju','seoul','2022-12-23 10:30:00','2022-12-23 13:30:00'),(119,1031,11,'seoul','n',36,0,'03:00:00',15600,NULL,'jeonju','seoul','2022-12-23 11:00:00','2022-12-23 14:00:00'),(120,1024,10,'seoul','n',36,0,'03:00:00',15600,NULL,'jeonju','seoul','2022-12-23 11:30:00','2022-12-23 14:30:00'),(121,1075,20,'seoul','p',28,0,'03:00:00',25600,NULL,'jeonju','seoul','2022-12-23 12:00:00','2022-12-23 15:00:00'),(122,1996,38,'seoul','p',28,0,'03:00:00',25600,NULL,'jeonju','seoul','2022-12-23 12:30:00','2022-12-23 15:30:00'),(123,1142,31,'seoul','p',28,0,'03:00:00',25600,NULL,'jeonju','seoul','2022-12-23 13:00:00','2022-12-23 16:00:00'),(124,1133,30,'seoul','p',28,0,'03:00:00',25600,NULL,'jeonju','seoul','2022-12-23 13:30:00','2022-12-23 16:30:00'),(125,1124,29,'seoul','p',28,0,'03:00:00',25600,NULL,'jeonju','seoul','2022-12-23 14:00:00','2022-12-23 17:00:00'),(126,1116,28,'seoul','p',28,0,'03:00:00',25600,NULL,'jeonju','seoul','2022-12-23 14:30:00','2022-12-23 17:30:00'),(127,1113,27,'seoul','p',28,0,'03:00:00',25600,NULL,'jeonju','seoul','2022-12-23 15:00:00','2022-12-23 18:00:00'),(128,1103,26,'seoul','p',28,0,'03:00:00',25600,NULL,'jeonju','seoul','2022-12-23 15:30:00','2022-12-23 18:30:00'),(129,1099,25,'seoul','h',28,0,'03:00:00',20600,NULL,'jeonju','seoul','2022-12-23 16:00:00','2022-12-23 19:00:00'),(130,1093,24,'seoul','p',28,0,'03:00:00',25600,NULL,'jeonju','seoul','2022-12-23 16:30:00','2022-12-23 19:30:00'),(131,1090,23,'seoul','p',28,0,'03:00:00',25600,NULL,'jeonju','seoul','2022-12-23 17:00:00','2022-12-23 20:00:00'),(132,1084,22,'seoul','n',36,0,'03:00:00',15600,NULL,'jeonju','seoul','2022-12-23 17:30:00','2022-12-23 20:30:00'),(133,1082,21,'seoul','p',28,0,'03:00:00',25600,NULL,'jeonju','seoul','2022-12-23 18:00:00','2022-12-23 21:00:00'),(134,1003,1,'seoul','p',28,0,'03:00:00',25600,NULL,'jeonju','seoul','2022-12-23 18:30:00','2022-12-23 21:30:00'),(135,1071,19,'seoul','n',36,0,'03:00:00',15600,NULL,'jeonju','seoul','2022-12-23 19:00:00','2022-12-23 22:00:00'),(136,1069,18,'seoul','p',28,0,'03:00:00',25600,NULL,'jeonju','seoul','2022-12-23 19:30:00','2022-12-23 22:30:00'),(137,1067,17,'seoul','p',28,0,'03:00:00',25600,NULL,'jeonju','seoul','2022-12-23 20:00:00','2022-12-23 23:00:00'),(138,1064,16,'seoul','p',28,0,'03:00:00',25600,NULL,'jeonju','seoul','2022-12-23 20:30:00','2022-12-23 23:30:00'),(139,1049,15,'seoul','n',36,0,'03:00:00',15600,NULL,'jeonju','seoul','2022-12-23 21:00:00','2022-12-24 00:00:00'),(140,1041,14,'seoul','n',36,0,'03:00:00',15600,NULL,'jeonju','seoul','2022-12-23 21:30:00','2022-12-24 00:30:00'),(141,1037,13,'seoul','p',28,0,'03:00:00',25600,NULL,'jeonju','seoul','2022-12-23 22:00:00','2022-12-24 01:00:00'),(142,1032,12,'seoul','h',28,0,'03:00:00',20600,NULL,'jeonju','seoul','2022-12-23 22:30:00','2022-12-24 01:30:00'),(143,1031,11,'seoul','n',36,0,'03:00:00',15600,NULL,'jeonju','seoul','2022-12-23 23:00:00','2022-12-24 02:00:00'),(144,1024,10,'seoul','n',36,0,'03:00:00',15600,NULL,'jeonju','seoul','2022-12-23 23:30:00','2022-12-24 02:30:00'),(145,1075,20,'seoul','p',28,0,'03:00:00',25600,NULL,'jeonju','seoul','2022-12-24 00:15:00','2022-12-24 03:15:00'),(146,1996,38,'seoul','p',28,0,'03:00:00',25600,NULL,'jeonju','seoul','2022-12-24 00:45:00','2022-12-24 03:45:00'),(147,1142,31,'seoul','p',28,0,'03:00:00',25600,NULL,'jeonju','seoul','2022-12-24 01:15:00','2022-12-24 04:15:00'),(148,1133,30,'seoul','p',28,0,'03:00:00',25600,NULL,'jeonju','seoul','2022-12-24 01:45:00','2022-12-24 04:45:00'),(149,1124,29,'seoul','p',28,0,'03:00:00',25600,NULL,'jeonju','seoul','2022-12-24 02:15:00','2022-12-24 05:15:00'),(150,1116,28,'seoul','p',28,0,'03:00:00',25600,NULL,'jeonju','seoul','2022-12-24 02:45:00','2022-12-24 05:45:00'),(151,1113,27,'seoul','p',28,0,'03:00:00',25600,NULL,'jeonju','seoul','2022-12-24 03:15:00','2022-12-24 06:15:00'),(152,1103,26,'seoul','p',28,0,'03:00:00',25600,NULL,'jeonju','seoul','2022-12-24 03:45:00','2022-12-24 06:45:00'),(153,1099,25,'seoul','h',28,0,'03:00:00',20600,NULL,'jeonju','seoul','2022-12-24 04:15:00','2022-12-24 07:15:00'),(154,1093,24,'seoul','p',28,0,'03:00:00',25600,NULL,'jeonju','seoul','2022-12-24 04:45:00','2022-12-24 07:45:00'),(155,1090,23,'seoul','p',28,0,'03:00:00',25600,NULL,'jeonju','seoul','2022-12-24 05:15:00','2022-12-24 08:15:00'),(156,1084,22,'seoul','n',36,0,'03:00:00',15600,NULL,'jeonju','seoul','2022-12-24 05:45:00','2022-12-24 08:45:00'),(157,1082,21,'seoul','p',28,0,'03:00:00',25600,NULL,'jeonju','seoul','2022-12-24 06:15:00','2022-12-24 09:15:00'),(158,1003,1,'seoul','p',28,0,'03:00:00',25600,NULL,'jeonju','seoul','2022-12-24 06:45:00','2022-12-24 09:45:00'),(159,1071,19,'seoul','n',36,0,'03:00:00',15600,NULL,'jeonju','seoul','2022-12-24 07:15:00','2022-12-24 10:15:00'),(160,1069,18,'seoul','p',28,0,'03:00:00',25600,NULL,'jeonju','seoul','2022-12-24 07:45:00','2022-12-24 10:45:00'),(161,1067,17,'seoul','p',28,0,'03:00:00',25600,NULL,'jeonju','seoul','2022-12-24 08:15:00','2022-12-24 11:15:00'),(162,1064,16,'seoul','p',28,0,'03:00:00',25600,NULL,'jeonju','seoul','2022-12-24 08:45:00','2022-12-24 11:45:00'),(163,1049,15,'seoul','n',36,0,'03:00:00',15600,NULL,'jeonju','seoul','2022-12-24 09:15:00','2022-12-24 12:15:00'),(164,1041,14,'seoul','n',36,0,'03:00:00',15600,NULL,'jeonju','seoul','2022-12-24 09:45:00','2022-12-24 12:45:00'),(165,1037,13,'seoul','p',28,0,'03:00:00',25600,NULL,'jeonju','seoul','2022-12-24 10:15:00','2022-12-24 13:15:00'),(166,1032,12,'seoul','h',28,0,'03:00:00',20600,NULL,'jeonju','seoul','2022-12-24 10:45:00','2022-12-24 13:45:00'),(167,1031,11,'seoul','n',36,0,'03:00:00',15600,NULL,'jeonju','seoul','2022-12-24 11:15:00','2022-12-24 14:15:00'),(168,1024,10,'seoul','n',36,0,'03:00:00',15600,NULL,'jeonju','seoul','2022-12-24 11:45:00','2022-12-24 14:45:00'),(169,1075,20,'seoul','p',28,0,'03:00:00',25600,NULL,'jeonju','seoul','2022-12-24 12:15:00','2022-12-24 15:15:00'),(170,1996,38,'seoul','p',28,0,'03:00:00',25600,NULL,'jeonju','seoul','2022-12-24 12:45:00','2022-12-24 15:45:00'),(171,1142,31,'seoul','p',28,0,'03:00:00',25600,NULL,'jeonju','seoul','2022-12-24 13:15:00','2022-12-24 16:15:00'),(172,1133,30,'seoul','p',28,0,'03:00:00',25600,NULL,'jeonju','seoul','2022-12-24 13:45:00','2022-12-24 16:45:00'),(173,1124,29,'seoul','p',28,0,'03:00:00',25600,NULL,'jeonju','seoul','2022-12-24 14:15:00','2022-12-24 17:15:00'),(174,1087,51,'jeonju','h',28,0,'03:00:00',20600,NULL,'seoul','jeonju','2022-12-21 00:00:00','2022-12-21 03:00:00'),(175,1989,80,'jeonju','h',28,0,'03:00:00',20600,NULL,'seoul','jeonju','2022-12-21 00:30:00','2022-12-21 03:30:00'),(176,1161,62,'jeonju','p',28,0,'03:00:00',25600,NULL,'seoul','jeonju','2022-12-21 01:00:00','2022-12-21 04:00:00'),(177,1159,61,'jeonju','n',36,0,'03:00:00',15600,NULL,'seoul','jeonju','2022-12-21 01:30:00','2022-12-21 04:30:00'),(178,1154,60,'jeonju','p',28,0,'03:00:00',25600,NULL,'seoul','jeonju','2022-12-21 02:00:00','2022-12-21 05:00:00'),(179,1147,59,'jeonju','p',28,0,'03:00:00',25600,NULL,'seoul','jeonju','2022-12-21 02:30:00','2022-12-21 05:30:00'),(180,1141,58,'jeonju','p',28,0,'03:00:00',25600,NULL,'seoul','jeonju','2022-12-21 03:00:00','2022-12-21 06:00:00'),(181,1136,57,'jeonju','p',28,0,'03:00:00',25600,NULL,'seoul','jeonju','2022-12-21 03:30:00','2022-12-21 06:30:00'),(182,1131,56,'jeonju','p',28,0,'03:00:00',25600,NULL,'seoul','jeonju','2022-12-21 04:00:00','2022-12-21 07:00:00'),(183,1127,55,'jeonju','p',28,0,'03:00:00',25600,NULL,'seoul','jeonju','2022-12-21 04:30:00','2022-12-21 07:30:00'),(184,1108,54,'jeonju','n',36,0,'03:00:00',15600,NULL,'seoul','jeonju','2022-12-21 05:00:00','2022-12-21 08:00:00'),(185,1107,53,'jeonju','h',28,0,'03:00:00',20600,NULL,'seoul','jeonju','2022-12-21 05:30:00','2022-12-21 08:30:00'),(186,1089,52,'jeonju','p',28,0,'03:00:00',25600,NULL,'seoul','jeonju','2022-12-21 06:00:00','2022-12-21 09:00:00'),(187,1001,39,'jeonju','p',28,0,'03:00:00',25600,NULL,'seoul','jeonju','2022-12-21 06:30:00','2022-12-21 09:30:00'),(188,1085,50,'jeonju','p',28,0,'03:00:00',25600,NULL,'seoul','jeonju','2022-12-21 07:00:00','2022-12-21 10:00:00'),(189,1074,49,'jeonju','n',36,0,'03:00:00',15600,NULL,'seoul','jeonju','2022-12-21 07:30:00','2022-12-21 10:30:00'),(190,1061,48,'jeonju','p',28,0,'03:00:00',25600,NULL,'seoul','jeonju','2022-12-21 08:00:00','2022-12-21 11:00:00'),(191,1059,47,'jeonju','n',36,0,'03:00:00',15600,NULL,'seoul','jeonju','2022-12-21 08:30:00','2022-12-21 11:30:00'),(192,1054,46,'jeonju','p',28,0,'03:00:00',25600,NULL,'seoul','jeonju','2022-12-21 09:00:00','2022-12-21 12:00:00'),(193,1050,45,'jeonju','p',28,0,'03:00:00',25600,NULL,'seoul','jeonju','2022-12-21 09:30:00','2022-12-21 12:30:00'),(194,1046,44,'jeonju','p',28,0,'03:00:00',25600,NULL,'seoul','jeonju','2022-12-21 10:00:00','2022-12-21 13:00:00'),(195,1044,43,'jeonju','n',36,0,'03:00:00',15600,NULL,'seoul','jeonju','2022-12-21 10:30:00','2022-12-21 13:30:00'),(196,1038,42,'jeonju','p',28,0,'03:00:00',25600,NULL,'seoul','jeonju','2022-12-21 11:00:00','2022-12-21 14:00:00'),(197,1035,41,'jeonju','h',28,0,'03:00:00',20600,NULL,'seoul','jeonju','2022-12-21 11:30:00','2022-12-21 14:30:00'),(198,1087,51,'jeonju','h',28,0,'03:00:00',20600,NULL,'seoul','jeonju','2022-12-21 12:00:00','2022-12-21 15:00:00'),(199,1989,80,'jeonju','h',28,0,'03:00:00',20600,NULL,'seoul','jeonju','2022-12-21 12:30:00','2022-12-21 15:30:00'),(200,1161,62,'jeonju','p',28,0,'03:00:00',25600,NULL,'seoul','jeonju','2022-12-21 13:00:00','2022-12-21 16:00:00'),(201,1159,61,'jeonju','n',36,0,'03:00:00',15600,NULL,'seoul','jeonju','2022-12-21 13:30:00','2022-12-21 16:30:00'),(202,1154,60,'jeonju','p',28,0,'03:00:00',25600,NULL,'seoul','jeonju','2022-12-21 14:00:00','2022-12-21 17:00:00'),(203,1147,59,'jeonju','p',28,0,'03:00:00',25600,NULL,'seoul','jeonju','2022-12-21 14:30:00','2022-12-21 17:30:00'),(204,1141,58,'jeonju','p',28,0,'03:00:00',25600,NULL,'seoul','jeonju','2022-12-21 15:00:00','2022-12-21 18:00:00'),(205,1136,57,'jeonju','p',28,0,'03:00:00',25600,NULL,'seoul','jeonju','2022-12-21 15:30:00','2022-12-21 18:30:00'),(206,1131,56,'jeonju','p',28,0,'03:00:00',25600,NULL,'seoul','jeonju','2022-12-21 16:00:00','2022-12-21 19:00:00'),(207,1127,55,'jeonju','p',28,0,'03:00:00',25600,NULL,'seoul','jeonju','2022-12-21 16:30:00','2022-12-21 19:30:00'),(208,1108,54,'jeonju','n',36,0,'03:00:00',15600,NULL,'seoul','jeonju','2022-12-21 17:00:00','2022-12-21 20:00:00'),(209,1107,53,'jeonju','h',28,0,'03:00:00',20600,NULL,'seoul','jeonju','2022-12-21 17:30:00','2022-12-21 20:30:00'),(210,1089,52,'jeonju','p',28,0,'03:00:00',25600,NULL,'seoul','jeonju','2022-12-21 18:00:00','2022-12-21 21:00:00'),(211,1001,39,'jeonju','p',28,0,'03:00:00',25600,NULL,'seoul','jeonju','2022-12-21 18:30:00','2022-12-21 21:30:00'),(212,1085,50,'jeonju','p',28,0,'03:00:00',25600,NULL,'seoul','jeonju','2022-12-21 19:00:00','2022-12-21 22:00:00'),(213,1074,49,'jeonju','n',36,0,'03:00:00',15600,NULL,'seoul','jeonju','2022-12-21 19:30:00','2022-12-21 22:30:00'),(214,1061,48,'jeonju','p',28,0,'03:00:00',25600,NULL,'seoul','jeonju','2022-12-21 20:00:00','2022-12-21 23:00:00'),(215,1059,47,'jeonju','n',36,0,'03:00:00',15600,NULL,'seoul','jeonju','2022-12-21 20:30:00','2022-12-21 23:30:00'),(216,1054,46,'jeonju','p',28,0,'03:00:00',25600,NULL,'seoul','jeonju','2022-12-21 21:00:00','2022-12-22 00:00:00'),(217,1050,45,'jeonju','p',28,0,'03:00:00',25600,NULL,'seoul','jeonju','2022-12-21 21:30:00','2022-12-22 00:30:00'),(218,1046,44,'jeonju','p',28,0,'03:00:00',25600,NULL,'seoul','jeonju','2022-12-21 22:00:00','2022-12-22 01:00:00'),(219,1044,43,'jeonju','n',36,0,'03:00:00',15600,NULL,'seoul','jeonju','2022-12-21 22:30:00','2022-12-22 01:30:00'),(220,1038,42,'jeonju','p',28,0,'03:00:00',25600,NULL,'seoul','jeonju','2022-12-21 23:00:00','2022-12-22 02:00:00'),(221,1035,41,'jeonju','h',28,0,'03:00:00',20600,NULL,'seoul','jeonju','2022-12-21 23:30:00','2022-12-22 02:30:00'),(222,1087,51,'jeonju','h',28,0,'03:00:00',20600,NULL,'seoul','jeonju','2022-12-22 00:15:00','2022-12-22 03:15:00'),(223,1989,80,'jeonju','h',28,0,'03:00:00',20600,NULL,'seoul','jeonju','2022-12-22 00:45:00','2022-12-22 03:45:00'),(224,1161,62,'jeonju','p',28,0,'03:00:00',25600,NULL,'seoul','jeonju','2022-12-22 01:15:00','2022-12-22 04:15:00'),(225,1159,61,'jeonju','n',36,0,'03:00:00',15600,NULL,'seoul','jeonju','2022-12-22 01:45:00','2022-12-22 04:45:00'),(226,1154,60,'jeonju','p',28,0,'03:00:00',25600,NULL,'seoul','jeonju','2022-12-22 02:15:00','2022-12-22 05:15:00'),(227,1147,59,'jeonju','p',28,0,'03:00:00',25600,NULL,'seoul','jeonju','2022-12-22 02:45:00','2022-12-22 05:45:00'),(228,1141,58,'jeonju','p',28,0,'03:00:00',25600,NULL,'seoul','jeonju','2022-12-22 03:15:00','2022-12-22 06:15:00'),(229,1136,57,'jeonju','p',28,0,'03:00:00',25600,NULL,'seoul','jeonju','2022-12-22 03:45:00','2022-12-22 06:45:00'),(230,1131,56,'jeonju','p',28,0,'03:00:00',25600,NULL,'seoul','jeonju','2022-12-22 04:15:00','2022-12-22 07:15:00'),(231,1127,55,'jeonju','p',28,0,'03:00:00',25600,NULL,'seoul','jeonju','2022-12-22 04:45:00','2022-12-22 07:45:00'),(232,1108,54,'jeonju','n',36,0,'03:00:00',15600,NULL,'seoul','jeonju','2022-12-22 05:15:00','2022-12-22 08:15:00'),(233,1107,53,'jeonju','h',28,0,'03:00:00',20600,NULL,'seoul','jeonju','2022-12-22 05:45:00','2022-12-22 08:45:00'),(234,1089,52,'jeonju','p',28,0,'03:00:00',25600,NULL,'seoul','jeonju','2022-12-22 06:15:00','2022-12-22 09:15:00'),(235,1001,39,'jeonju','p',28,0,'03:00:00',25600,NULL,'seoul','jeonju','2022-12-22 06:45:00','2022-12-22 09:45:00'),(236,1085,50,'jeonju','p',28,0,'03:00:00',25600,NULL,'seoul','jeonju','2022-12-22 07:15:00','2022-12-22 10:15:00'),(237,1074,49,'jeonju','n',36,0,'03:00:00',15600,NULL,'seoul','jeonju','2022-12-22 07:45:00','2022-12-22 10:45:00'),(238,1061,48,'jeonju','p',28,0,'03:00:00',25600,NULL,'seoul','jeonju','2022-12-22 08:15:00','2022-12-22 11:15:00'),(239,1059,47,'jeonju','n',36,0,'03:00:00',15600,NULL,'seoul','jeonju','2022-12-22 08:45:00','2022-12-22 11:45:00'),(240,1054,46,'jeonju','p',28,0,'03:00:00',25600,NULL,'seoul','jeonju','2022-12-22 09:15:00','2022-12-22 12:15:00'),(241,1050,45,'jeonju','p',28,0,'03:00:00',25600,NULL,'seoul','jeonju','2022-12-22 09:45:00','2022-12-22 12:45:00'),(242,1046,44,'jeonju','p',28,0,'03:00:00',25600,NULL,'seoul','jeonju','2022-12-22 10:15:00','2022-12-22 13:15:00'),(243,1044,43,'jeonju','n',36,0,'03:00:00',15600,NULL,'seoul','jeonju','2022-12-22 10:45:00','2022-12-22 13:45:00'),(244,1038,42,'jeonju','p',28,0,'03:00:00',25600,NULL,'seoul','jeonju','2022-12-22 11:15:00','2022-12-22 14:15:00'),(245,1035,41,'jeonju','h',28,0,'03:00:00',20600,NULL,'seoul','jeonju','2022-12-22 11:45:00','2022-12-22 14:45:00'),(246,1087,51,'jeonju','h',28,0,'03:00:00',20600,NULL,'seoul','jeonju','2022-12-22 12:15:00','2022-12-22 15:15:00'),(247,1989,80,'jeonju','h',28,0,'03:00:00',20600,NULL,'seoul','jeonju','2022-12-22 12:45:00','2022-12-22 15:45:00'),(248,1161,62,'jeonju','p',28,0,'03:00:00',25600,NULL,'seoul','jeonju','2022-12-22 13:15:00','2022-12-22 16:15:00'),(249,1159,61,'jeonju','n',36,0,'03:00:00',15600,NULL,'seoul','jeonju','2022-12-22 13:45:00','2022-12-22 16:45:00'),(250,1154,60,'jeonju','p',28,0,'03:00:00',25600,NULL,'seoul','jeonju','2022-12-22 14:15:00','2022-12-22 17:15:00'),(251,1147,59,'jeonju','p',28,0,'03:00:00',25600,NULL,'seoul','jeonju','2022-12-22 14:45:00','2022-12-22 17:45:00'),(252,1141,58,'jeonju','p',28,0,'03:00:00',25600,NULL,'seoul','jeonju','2022-12-22 15:15:00','2022-12-22 18:15:00'),(253,1136,57,'jeonju','p',28,0,'03:00:00',25600,NULL,'seoul','jeonju','2022-12-22 15:45:00','2022-12-22 18:45:00'),(254,1131,56,'jeonju','p',28,0,'03:00:00',25600,NULL,'seoul','jeonju','2022-12-22 16:15:00','2022-12-22 19:15:00'),(255,1127,55,'jeonju','p',28,0,'03:00:00',25600,NULL,'seoul','jeonju','2022-12-22 16:45:00','2022-12-22 19:45:00'),(256,1108,54,'jeonju','n',36,0,'03:00:00',15600,NULL,'seoul','jeonju','2022-12-22 17:15:00','2022-12-22 20:15:00'),(257,1107,53,'jeonju','h',28,0,'03:00:00',20600,NULL,'seoul','jeonju','2022-12-22 17:45:00','2022-12-22 20:45:00'),(258,1089,52,'jeonju','p',28,0,'03:00:00',25600,NULL,'seoul','jeonju','2022-12-22 18:15:00','2022-12-22 21:15:00'),(259,1001,39,'jeonju','p',28,0,'03:00:00',25600,NULL,'seoul','jeonju','2022-12-22 18:45:00','2022-12-22 21:45:00'),(260,1085,50,'jeonju','p',28,0,'03:00:00',25600,NULL,'seoul','jeonju','2022-12-22 19:15:00','2022-12-22 22:15:00'),(261,1074,49,'jeonju','n',36,0,'03:00:00',15600,NULL,'seoul','jeonju','2022-12-22 19:45:00','2022-12-22 22:45:00'),(262,1061,48,'jeonju','p',28,0,'03:00:00',25600,NULL,'seoul','jeonju','2022-12-22 20:15:00','2022-12-22 23:15:00'),(263,1059,47,'jeonju','n',36,0,'03:00:00',15600,NULL,'seoul','jeonju','2022-12-22 20:45:00','2022-12-22 23:45:00'),(264,1054,46,'jeonju','p',28,0,'03:00:00',25600,NULL,'seoul','jeonju','2022-12-22 21:15:00','2022-12-23 00:15:00'),(265,1050,45,'jeonju','p',28,0,'03:00:00',25600,NULL,'seoul','jeonju','2022-12-22 21:45:00','2022-12-23 00:45:00'),(266,1046,44,'jeonju','p',28,0,'03:00:00',25600,NULL,'seoul','jeonju','2022-12-22 22:15:00','2022-12-23 01:15:00'),(267,1044,43,'jeonju','n',36,0,'03:00:00',15600,NULL,'seoul','jeonju','2022-12-22 22:45:00','2022-12-23 01:45:00'),(268,1038,42,'jeonju','p',28,0,'03:00:00',25600,NULL,'seoul','jeonju','2022-12-22 23:15:00','2022-12-23 02:15:00'),(269,1035,41,'jeonju','h',28,0,'03:00:00',20600,NULL,'seoul','jeonju','2022-12-22 23:45:00','2022-12-23 02:45:00'),(270,1087,51,'jeonju','h',28,0,'03:00:00',20600,NULL,'seoul','jeonju','2022-12-23 00:00:00','2022-12-23 03:00:00'),(271,1989,80,'jeonju','h',28,0,'03:00:00',20600,NULL,'seoul','jeonju','2022-12-23 00:30:00','2022-12-23 03:30:00'),(272,1161,62,'jeonju','p',28,0,'03:00:00',25600,NULL,'seoul','jeonju','2022-12-23 01:00:00','2022-12-23 04:00:00'),(273,1159,61,'jeonju','n',36,0,'03:00:00',15600,NULL,'seoul','jeonju','2022-12-23 01:30:00','2022-12-23 04:30:00'),(274,1154,60,'jeonju','p',28,0,'03:00:00',25600,NULL,'seoul','jeonju','2022-12-23 02:00:00','2022-12-23 05:00:00'),(275,1147,59,'jeonju','p',28,0,'03:00:00',25600,NULL,'seoul','jeonju','2022-12-23 02:30:00','2022-12-23 05:30:00'),(276,1141,58,'jeonju','p',28,0,'03:00:00',25600,NULL,'seoul','jeonju','2022-12-23 03:00:00','2022-12-23 06:00:00'),(277,1136,57,'jeonju','p',28,0,'03:00:00',25600,NULL,'seoul','jeonju','2022-12-23 03:30:00','2022-12-23 06:30:00'),(278,1131,56,'jeonju','p',28,0,'03:00:00',25600,NULL,'seoul','jeonju','2022-12-23 04:00:00','2022-12-23 07:00:00'),(279,1127,55,'jeonju','p',28,0,'03:00:00',25600,NULL,'seoul','jeonju','2022-12-23 04:30:00','2022-12-23 07:30:00'),(280,1108,54,'jeonju','n',36,0,'03:00:00',15600,NULL,'seoul','jeonju','2022-12-23 05:00:00','2022-12-23 08:00:00'),(281,1107,53,'jeonju','h',28,0,'03:00:00',20600,NULL,'seoul','jeonju','2022-12-23 05:30:00','2022-12-23 08:30:00'),(282,1089,52,'jeonju','p',28,0,'03:00:00',25600,NULL,'seoul','jeonju','2022-12-23 06:00:00','2022-12-23 09:00:00'),(283,1001,39,'jeonju','p',28,0,'03:00:00',25600,NULL,'seoul','jeonju','2022-12-23 06:30:00','2022-12-23 09:30:00'),(284,1085,50,'jeonju','p',28,0,'03:00:00',25600,NULL,'seoul','jeonju','2022-12-23 07:00:00','2022-12-23 10:00:00'),(285,1074,49,'jeonju','n',36,0,'03:00:00',15600,NULL,'seoul','jeonju','2022-12-23 07:30:00','2022-12-23 10:30:00'),(286,1061,48,'jeonju','p',28,0,'03:00:00',25600,NULL,'seoul','jeonju','2022-12-23 08:00:00','2022-12-23 11:00:00'),(287,1059,47,'jeonju','n',36,0,'03:00:00',15600,NULL,'seoul','jeonju','2022-12-23 08:30:00','2022-12-23 11:30:00'),(288,1054,46,'jeonju','p',28,0,'03:00:00',25600,NULL,'seoul','jeonju','2022-12-23 09:00:00','2022-12-23 12:00:00'),(289,1050,45,'jeonju','p',28,0,'03:00:00',25600,NULL,'seoul','jeonju','2022-12-23 09:30:00','2022-12-23 12:30:00'),(290,1046,44,'jeonju','p',28,0,'03:00:00',25600,NULL,'seoul','jeonju','2022-12-23 10:00:00','2022-12-23 13:00:00'),(291,1044,43,'jeonju','n',36,0,'03:00:00',15600,NULL,'seoul','jeonju','2022-12-23 10:30:00','2022-12-23 13:30:00'),(292,1038,42,'jeonju','p',28,0,'03:00:00',25600,NULL,'seoul','jeonju','2022-12-23 11:00:00','2022-12-23 14:00:00'),(293,1035,41,'jeonju','h',28,0,'03:00:00',20600,NULL,'seoul','jeonju','2022-12-23 11:30:00','2022-12-23 14:30:00'),(294,1087,51,'jeonju','h',28,0,'03:00:00',20600,NULL,'seoul','jeonju','2022-12-23 12:00:00','2022-12-23 15:00:00'),(295,1989,80,'jeonju','h',28,0,'03:00:00',20600,NULL,'seoul','jeonju','2022-12-23 12:30:00','2022-12-23 15:30:00'),(296,1161,62,'jeonju','p',28,0,'03:00:00',25600,NULL,'seoul','jeonju','2022-12-23 13:00:00','2022-12-23 16:00:00'),(297,1159,61,'jeonju','n',36,0,'03:00:00',15600,NULL,'seoul','jeonju','2022-12-23 13:30:00','2022-12-23 16:30:00'),(298,1154,60,'jeonju','p',28,0,'03:00:00',25600,NULL,'seoul','jeonju','2022-12-23 14:00:00','2022-12-23 17:00:00'),(299,1147,59,'jeonju','p',28,0,'03:00:00',25600,NULL,'seoul','jeonju','2022-12-23 14:30:00','2022-12-23 17:30:00'),(300,1141,58,'jeonju','p',28,0,'03:00:00',25600,NULL,'seoul','jeonju','2022-12-23 15:00:00','2022-12-23 18:00:00'),(301,1136,57,'jeonju','p',28,0,'03:00:00',25600,NULL,'seoul','jeonju','2022-12-23 15:30:00','2022-12-23 18:30:00'),(302,1131,56,'jeonju','p',28,0,'03:00:00',25600,NULL,'seoul','jeonju','2022-12-23 16:00:00','2022-12-23 19:00:00'),(303,1127,55,'jeonju','p',28,0,'03:00:00',25600,NULL,'seoul','jeonju','2022-12-23 16:30:00','2022-12-23 19:30:00'),(304,1108,54,'jeonju','n',36,0,'03:00:00',15600,NULL,'seoul','jeonju','2022-12-23 17:00:00','2022-12-23 20:00:00'),(305,1107,53,'jeonju','h',28,0,'03:00:00',20600,NULL,'seoul','jeonju','2022-12-23 17:30:00','2022-12-23 20:30:00'),(306,1089,52,'jeonju','p',28,0,'03:00:00',25600,NULL,'seoul','jeonju','2022-12-23 18:00:00','2022-12-23 21:00:00'),(307,1001,39,'jeonju','p',28,0,'03:00:00',25600,NULL,'seoul','jeonju','2022-12-23 18:30:00','2022-12-23 21:30:00'),(308,1085,50,'jeonju','p',28,0,'03:00:00',25600,NULL,'seoul','jeonju','2022-12-23 19:00:00','2022-12-23 22:00:00'),(309,1074,49,'jeonju','n',36,0,'03:00:00',15600,NULL,'seoul','jeonju','2022-12-23 19:30:00','2022-12-23 22:30:00'),(310,1061,48,'jeonju','p',28,0,'03:00:00',25600,NULL,'seoul','jeonju','2022-12-23 20:00:00','2022-12-23 23:00:00'),(311,1059,47,'jeonju','n',36,0,'03:00:00',15600,NULL,'seoul','jeonju','2022-12-23 20:30:00','2022-12-23 23:30:00'),(312,1054,46,'jeonju','p',28,0,'03:00:00',25600,NULL,'seoul','jeonju','2022-12-23 21:00:00','2022-12-24 00:00:00'),(313,1050,45,'jeonju','p',28,0,'03:00:00',25600,NULL,'seoul','jeonju','2022-12-23 21:30:00','2022-12-24 00:30:00'),(314,1046,44,'jeonju','p',28,0,'03:00:00',25600,NULL,'seoul','jeonju','2022-12-23 22:00:00','2022-12-24 01:00:00'),(315,1044,43,'jeonju','n',36,0,'03:00:00',15600,NULL,'seoul','jeonju','2022-12-23 22:30:00','2022-12-24 01:30:00'),(316,1038,42,'jeonju','p',28,0,'03:00:00',25600,NULL,'seoul','jeonju','2022-12-23 23:00:00','2022-12-24 02:00:00'),(317,1035,41,'jeonju','h',28,0,'03:00:00',20600,NULL,'seoul','jeonju','2022-12-23 23:30:00','2022-12-24 02:30:00'),(318,1087,51,'jeonju','h',28,0,'03:00:00',20600,NULL,'seoul','jeonju','2022-12-24 00:15:00','2022-12-24 03:15:00'),(319,1989,80,'jeonju','h',28,0,'03:00:00',20600,NULL,'seoul','jeonju','2022-12-24 00:45:00','2022-12-24 03:45:00'),(320,1161,62,'jeonju','p',28,0,'03:00:00',25600,NULL,'seoul','jeonju','2022-12-24 01:15:00','2022-12-24 04:15:00'),(321,1159,61,'jeonju','n',36,0,'03:00:00',15600,NULL,'seoul','jeonju','2022-12-24 01:45:00','2022-12-24 04:45:00'),(322,1154,60,'jeonju','p',28,0,'03:00:00',25600,NULL,'seoul','jeonju','2022-12-24 02:15:00','2022-12-24 05:15:00'),(323,1147,59,'jeonju','p',28,0,'03:00:00',25600,NULL,'seoul','jeonju','2022-12-24 02:45:00','2022-12-24 05:45:00'),(324,1141,58,'jeonju','p',28,0,'03:00:00',25600,NULL,'seoul','jeonju','2022-12-24 03:15:00','2022-12-24 06:15:00'),(325,1136,57,'jeonju','p',28,0,'03:00:00',25600,NULL,'seoul','jeonju','2022-12-24 03:45:00','2022-12-24 06:45:00'),(326,1131,56,'jeonju','p',28,0,'03:00:00',25600,NULL,'seoul','jeonju','2022-12-24 04:15:00','2022-12-24 07:15:00'),(327,1127,55,'jeonju','p',28,0,'03:00:00',25600,NULL,'seoul','jeonju','2022-12-24 04:45:00','2022-12-24 07:45:00'),(328,1108,54,'jeonju','n',36,0,'03:00:00',15600,NULL,'seoul','jeonju','2022-12-24 05:15:00','2022-12-24 08:15:00'),(329,1107,53,'jeonju','h',28,0,'03:00:00',20600,NULL,'seoul','jeonju','2022-12-24 05:45:00','2022-12-24 08:45:00'),(330,1089,52,'jeonju','p',28,0,'03:00:00',25600,NULL,'seoul','jeonju','2022-12-24 06:15:00','2022-12-24 09:15:00'),(331,1001,39,'jeonju','p',28,0,'03:00:00',25600,NULL,'seoul','jeonju','2022-12-24 06:45:00','2022-12-24 09:45:00'),(332,1085,50,'jeonju','p',28,0,'03:00:00',25600,NULL,'seoul','jeonju','2022-12-24 07:15:00','2022-12-24 10:15:00'),(333,1074,49,'jeonju','n',36,0,'03:00:00',15600,NULL,'seoul','jeonju','2022-12-24 07:45:00','2022-12-24 10:45:00'),(334,1061,48,'jeonju','p',28,0,'03:00:00',25600,NULL,'seoul','jeonju','2022-12-24 08:15:00','2022-12-24 11:15:00'),(335,1059,47,'jeonju','n',36,0,'03:00:00',15600,NULL,'seoul','jeonju','2022-12-24 08:45:00','2022-12-24 11:45:00'),(336,1054,46,'jeonju','p',28,0,'03:00:00',25600,NULL,'seoul','jeonju','2022-12-24 09:15:00','2022-12-24 12:15:00'),(337,1050,45,'jeonju','p',28,0,'03:00:00',25600,NULL,'seoul','jeonju','2022-12-24 09:45:00','2022-12-24 12:45:00'),(338,1046,44,'jeonju','p',28,0,'03:00:00',25600,NULL,'seoul','jeonju','2022-12-24 10:15:00','2022-12-24 13:15:00'),(339,1044,43,'jeonju','n',36,0,'03:00:00',15600,NULL,'seoul','jeonju','2022-12-24 10:45:00','2022-12-24 13:45:00'),(340,1038,42,'jeonju','p',28,0,'03:00:00',25600,NULL,'seoul','jeonju','2022-12-24 11:15:00','2022-12-24 14:15:00'),(341,1035,41,'jeonju','h',28,0,'03:00:00',20600,NULL,'seoul','jeonju','2022-12-24 11:45:00','2022-12-24 14:45:00'),(342,1087,51,'jeonju','h',28,0,'03:00:00',20600,NULL,'seoul','jeonju','2022-12-24 12:15:00','2022-12-24 15:15:00'),(343,1989,80,'jeonju','h',28,0,'03:00:00',20600,NULL,'seoul','jeonju','2022-12-24 12:45:00','2022-12-24 15:45:00'),(344,1161,62,'jeonju','p',28,0,'03:00:00',25600,NULL,'seoul','jeonju','2022-12-24 13:15:00','2022-12-24 16:15:00'),(345,1159,61,'jeonju','n',36,0,'03:00:00',15600,NULL,'seoul','jeonju','2022-12-24 13:45:00','2022-12-24 16:45:00'),(346,1154,60,'jeonju','p',28,0,'03:00:00',25600,NULL,'seoul','jeonju','2022-12-24 14:15:00','2022-12-24 17:15:00'),(347,1075,20,'incheon','p',28,0,'03:30:00',25900,NULL,'jeonju','incheon','2022-12-21 00:00:00','2022-12-21 03:00:00'),(348,1996,38,'incheon','p',28,0,'03:30:00',25900,NULL,'jeonju','incheon','2022-12-21 00:30:00','2022-12-21 03:30:00'),(349,1142,31,'incheon','p',28,0,'03:30:00',25900,NULL,'jeonju','incheon','2022-12-21 01:00:00','2022-12-21 04:00:00'),(350,1133,30,'incheon','p',28,0,'03:30:00',25900,NULL,'jeonju','incheon','2022-12-21 01:30:00','2022-12-21 04:30:00'),(351,1124,29,'incheon','p',28,0,'03:30:00',25900,NULL,'jeonju','incheon','2022-12-21 02:00:00','2022-12-21 05:00:00'),(352,1116,28,'incheon','p',28,0,'03:30:00',25900,NULL,'jeonju','incheon','2022-12-21 02:30:00','2022-12-21 05:30:00'),(353,1113,27,'incheon','p',28,0,'03:30:00',25900,NULL,'jeonju','incheon','2022-12-21 03:00:00','2022-12-21 06:00:00'),(354,1103,26,'incheon','p',28,0,'03:30:00',25900,NULL,'jeonju','incheon','2022-12-21 03:30:00','2022-12-21 06:30:00'),(355,1099,25,'incheon','h',28,0,'03:30:00',20900,NULL,'jeonju','incheon','2022-12-21 04:00:00','2022-12-21 07:00:00'),(356,1093,24,'incheon','p',28,0,'03:30:00',25900,NULL,'jeonju','incheon','2022-12-21 04:30:00','2022-12-21 07:30:00'),(357,1090,23,'incheon','p',28,0,'03:30:00',25900,NULL,'jeonju','incheon','2022-12-21 05:00:00','2022-12-21 08:00:00'),(358,1084,22,'incheon','n',36,0,'03:30:00',15900,NULL,'jeonju','incheon','2022-12-21 05:30:00','2022-12-21 08:30:00'),(359,1082,21,'incheon','p',28,0,'03:30:00',25900,NULL,'jeonju','incheon','2022-12-21 06:00:00','2022-12-21 09:00:00'),(360,1003,1,'incheon','p',28,0,'03:30:00',25900,NULL,'jeonju','incheon','2022-12-21 06:30:00','2022-12-21 09:30:00'),(361,1071,19,'incheon','n',36,0,'03:30:00',15900,NULL,'jeonju','incheon','2022-12-21 07:00:00','2022-12-21 10:00:00'),(362,1069,18,'incheon','p',28,0,'03:30:00',25900,NULL,'jeonju','incheon','2022-12-21 07:30:00','2022-12-21 10:30:00'),(363,1067,17,'incheon','p',28,0,'03:30:00',25900,NULL,'jeonju','incheon','2022-12-21 08:00:00','2022-12-21 11:00:00'),(364,1064,16,'incheon','p',28,0,'03:30:00',25900,NULL,'jeonju','incheon','2022-12-21 08:30:00','2022-12-21 11:30:00'),(365,1049,15,'incheon','n',36,0,'03:30:00',15900,NULL,'jeonju','incheon','2022-12-21 09:00:00','2022-12-21 12:00:00'),(366,1041,14,'incheon','n',36,0,'03:30:00',15900,NULL,'jeonju','incheon','2022-12-21 09:30:00','2022-12-21 12:30:00'),(367,1037,13,'incheon','p',28,0,'03:30:00',25900,NULL,'jeonju','incheon','2022-12-21 10:00:00','2022-12-21 13:00:00'),(368,1032,12,'incheon','h',28,0,'03:30:00',20900,NULL,'jeonju','incheon','2022-12-21 10:30:00','2022-12-21 13:30:00'),(369,1031,11,'incheon','n',36,0,'03:30:00',15900,NULL,'jeonju','incheon','2022-12-21 11:00:00','2022-12-21 14:00:00'),(370,1024,10,'incheon','n',36,0,'03:30:00',15900,NULL,'jeonju','incheon','2022-12-21 11:30:00','2022-12-21 14:30:00'),(371,1075,20,'incheon','p',28,0,'03:30:00',25900,NULL,'jeonju','incheon','2022-12-21 12:00:00','2022-12-21 15:00:00'),(372,1996,38,'incheon','p',28,0,'03:30:00',25900,NULL,'jeonju','incheon','2022-12-21 12:30:00','2022-12-21 15:30:00'),(373,1142,31,'incheon','p',28,0,'03:30:00',25900,NULL,'jeonju','incheon','2022-12-21 13:00:00','2022-12-21 16:00:00'),(374,1133,30,'incheon','p',28,0,'03:30:00',25900,NULL,'jeonju','incheon','2022-12-21 13:30:00','2022-12-21 16:30:00'),(375,1124,29,'incheon','p',28,0,'03:30:00',25900,NULL,'jeonju','incheon','2022-12-21 14:00:00','2022-12-21 17:00:00'),(376,1116,28,'incheon','p',28,0,'03:30:00',25900,NULL,'jeonju','incheon','2022-12-21 14:30:00','2022-12-21 17:30:00'),(377,1113,27,'incheon','p',28,0,'03:30:00',25900,NULL,'jeonju','incheon','2022-12-21 15:00:00','2022-12-21 18:00:00'),(378,1103,26,'incheon','p',28,0,'03:30:00',25900,NULL,'jeonju','incheon','2022-12-21 15:30:00','2022-12-21 18:30:00'),(379,1099,25,'incheon','h',28,0,'03:30:00',20900,NULL,'jeonju','incheon','2022-12-21 16:00:00','2022-12-21 19:00:00'),(380,1093,24,'incheon','p',28,0,'03:30:00',25900,NULL,'jeonju','incheon','2022-12-21 16:30:00','2022-12-21 19:30:00'),(381,1090,23,'incheon','p',28,0,'03:30:00',25900,NULL,'jeonju','incheon','2022-12-21 17:00:00','2022-12-21 20:00:00'),(382,1084,22,'incheon','n',36,0,'03:30:00',15900,NULL,'jeonju','incheon','2022-12-21 17:30:00','2022-12-21 20:30:00'),(383,1082,21,'incheon','p',28,0,'03:30:00',25900,NULL,'jeonju','incheon','2022-12-21 18:00:00','2022-12-21 21:00:00'),(384,1003,1,'incheon','p',28,0,'03:30:00',25900,NULL,'jeonju','incheon','2022-12-21 18:30:00','2022-12-21 21:30:00'),(385,1071,19,'incheon','n',36,0,'03:30:00',15900,NULL,'jeonju','incheon','2022-12-21 19:00:00','2022-12-21 22:00:00'),(386,1069,18,'incheon','p',28,0,'03:30:00',25900,NULL,'jeonju','incheon','2022-12-21 19:30:00','2022-12-21 22:30:00'),(387,1067,17,'incheon','p',28,0,'03:30:00',25900,NULL,'jeonju','incheon','2022-12-21 20:00:00','2022-12-21 23:00:00'),(388,1064,16,'incheon','p',28,0,'03:30:00',25900,NULL,'jeonju','incheon','2022-12-21 20:30:00','2022-12-21 23:30:00'),(389,1049,15,'incheon','n',36,0,'03:30:00',15900,NULL,'jeonju','incheon','2022-12-21 21:00:00','2022-12-22 00:00:00'),(390,1041,14,'incheon','n',36,0,'03:30:00',15900,NULL,'jeonju','incheon','2022-12-21 21:30:00','2022-12-22 00:30:00'),(391,1037,13,'incheon','p',28,0,'03:30:00',25900,NULL,'jeonju','incheon','2022-12-21 22:00:00','2022-12-22 01:00:00'),(392,1032,12,'incheon','h',28,0,'03:30:00',20900,NULL,'jeonju','incheon','2022-12-21 22:30:00','2022-12-22 01:30:00'),(393,1031,11,'incheon','n',36,0,'03:30:00',15900,NULL,'jeonju','incheon','2022-12-21 23:00:00','2022-12-22 02:00:00'),(394,1024,10,'incheon','n',36,0,'03:30:00',15900,NULL,'jeonju','incheon','2022-12-21 23:30:00','2022-12-22 02:30:00'),(395,1075,20,'incheon','p',28,0,'03:30:00',25900,NULL,'jeonju','incheon','2022-12-22 00:15:00','2022-12-22 03:15:00'),(396,1996,38,'incheon','p',28,0,'03:30:00',25900,NULL,'jeonju','incheon','2022-12-22 00:45:00','2022-12-22 03:45:00'),(397,1142,31,'incheon','p',28,0,'03:30:00',25900,NULL,'jeonju','incheon','2022-12-22 01:15:00','2022-12-22 04:15:00'),(398,1133,30,'incheon','p',28,0,'03:30:00',25900,NULL,'jeonju','incheon','2022-12-22 01:45:00','2022-12-22 04:45:00'),(399,1124,29,'incheon','p',28,0,'03:30:00',25900,NULL,'jeonju','incheon','2022-12-22 02:15:00','2022-12-22 05:15:00'),(400,1116,28,'incheon','p',28,0,'03:30:00',25900,NULL,'jeonju','incheon','2022-12-22 02:45:00','2022-12-22 05:45:00'),(401,1113,27,'incheon','p',28,0,'03:30:00',25900,NULL,'jeonju','incheon','2022-12-22 03:15:00','2022-12-22 06:15:00'),(402,1103,26,'incheon','p',28,0,'03:30:00',25900,NULL,'jeonju','incheon','2022-12-22 03:45:00','2022-12-22 06:45:00'),(403,1099,25,'incheon','h',28,0,'03:30:00',20900,NULL,'jeonju','incheon','2022-12-22 04:15:00','2022-12-22 07:15:00'),(404,1093,24,'incheon','p',28,0,'03:30:00',25900,NULL,'jeonju','incheon','2022-12-22 04:45:00','2022-12-22 07:45:00'),(405,1090,23,'incheon','p',28,0,'03:30:00',25900,NULL,'jeonju','incheon','2022-12-22 05:15:00','2022-12-22 08:15:00'),(406,1084,22,'incheon','n',36,0,'03:30:00',15900,NULL,'jeonju','incheon','2022-12-22 05:45:00','2022-12-22 08:45:00'),(407,1082,21,'incheon','p',28,0,'03:30:00',25900,NULL,'jeonju','incheon','2022-12-22 06:15:00','2022-12-22 09:15:00'),(408,1003,1,'incheon','p',28,0,'03:30:00',25900,NULL,'jeonju','incheon','2022-12-22 06:45:00','2022-12-22 09:45:00'),(409,1071,19,'incheon','n',36,0,'03:30:00',15900,NULL,'jeonju','incheon','2022-12-22 07:15:00','2022-12-22 10:15:00'),(410,1069,18,'incheon','p',28,0,'03:30:00',25900,NULL,'jeonju','incheon','2022-12-22 07:45:00','2022-12-22 10:45:00'),(411,1067,17,'incheon','p',28,0,'03:30:00',25900,NULL,'jeonju','incheon','2022-12-22 08:15:00','2022-12-22 11:15:00'),(412,1064,16,'incheon','p',28,0,'03:30:00',25900,NULL,'jeonju','incheon','2022-12-22 08:45:00','2022-12-22 11:45:00'),(413,1049,15,'incheon','n',36,0,'03:30:00',15900,NULL,'jeonju','incheon','2022-12-22 09:15:00','2022-12-22 12:15:00'),(414,1041,14,'incheon','n',36,0,'03:30:00',15900,NULL,'jeonju','incheon','2022-12-22 09:45:00','2022-12-22 12:45:00'),(415,1037,13,'incheon','p',28,0,'03:30:00',25900,NULL,'jeonju','incheon','2022-12-22 10:15:00','2022-12-22 13:15:00'),(416,1032,12,'incheon','h',28,0,'03:30:00',20900,NULL,'jeonju','incheon','2022-12-22 10:45:00','2022-12-22 13:45:00'),(417,1031,11,'incheon','n',36,0,'03:30:00',15900,NULL,'jeonju','incheon','2022-12-22 11:15:00','2022-12-22 14:15:00'),(418,1024,10,'incheon','n',36,0,'03:30:00',15900,NULL,'jeonju','incheon','2022-12-22 11:45:00','2022-12-22 14:45:00'),(419,1075,20,'incheon','p',28,0,'03:30:00',25900,NULL,'jeonju','incheon','2022-12-22 12:15:00','2022-12-22 15:15:00'),(420,1996,38,'incheon','p',28,0,'03:30:00',25900,NULL,'jeonju','incheon','2022-12-22 12:45:00','2022-12-22 15:45:00'),(421,1142,31,'incheon','p',28,0,'03:30:00',25900,NULL,'jeonju','incheon','2022-12-22 13:15:00','2022-12-22 16:15:00'),(422,1133,30,'incheon','p',28,0,'03:30:00',25900,NULL,'jeonju','incheon','2022-12-22 13:45:00','2022-12-22 16:45:00'),(423,1124,29,'incheon','p',28,0,'03:30:00',25900,NULL,'jeonju','incheon','2022-12-22 14:15:00','2022-12-22 17:15:00'),(424,1116,28,'incheon','p',28,0,'03:30:00',25900,NULL,'jeonju','incheon','2022-12-22 14:45:00','2022-12-22 17:45:00'),(425,1113,27,'incheon','p',28,0,'03:30:00',25900,NULL,'jeonju','incheon','2022-12-22 15:15:00','2022-12-22 18:15:00'),(426,1103,26,'incheon','p',28,0,'03:30:00',25900,NULL,'jeonju','incheon','2022-12-22 15:45:00','2022-12-22 18:45:00'),(427,1099,25,'incheon','h',28,0,'03:30:00',20900,NULL,'jeonju','incheon','2022-12-22 16:15:00','2022-12-22 19:15:00'),(428,1093,24,'incheon','p',28,0,'03:30:00',25900,NULL,'jeonju','incheon','2022-12-22 16:45:00','2022-12-22 19:45:00'),(429,1090,23,'incheon','p',28,0,'03:30:00',25900,NULL,'jeonju','incheon','2022-12-22 17:15:00','2022-12-22 20:15:00'),(430,1084,22,'incheon','n',36,0,'03:30:00',15900,NULL,'jeonju','incheon','2022-12-22 17:45:00','2022-12-22 20:45:00'),(431,1082,21,'incheon','p',28,0,'03:30:00',25900,NULL,'jeonju','incheon','2022-12-22 18:15:00','2022-12-22 21:15:00'),(432,1003,1,'incheon','p',28,0,'03:30:00',25900,NULL,'jeonju','incheon','2022-12-22 18:45:00','2022-12-22 21:45:00'),(433,1071,19,'incheon','n',36,0,'03:30:00',15900,NULL,'jeonju','incheon','2022-12-22 19:15:00','2022-12-22 22:15:00'),(434,1069,18,'incheon','p',28,0,'03:30:00',25900,NULL,'jeonju','incheon','2022-12-22 19:45:00','2022-12-22 22:45:00'),(435,1067,17,'incheon','p',28,0,'03:30:00',25900,NULL,'jeonju','incheon','2022-12-22 20:15:00','2022-12-22 23:15:00'),(436,1064,16,'incheon','p',28,0,'03:30:00',25900,NULL,'jeonju','incheon','2022-12-22 20:45:00','2022-12-22 23:45:00'),(437,1049,15,'incheon','n',36,0,'03:30:00',15900,NULL,'jeonju','incheon','2022-12-22 21:15:00','2022-12-23 00:15:00'),(438,1041,14,'incheon','n',36,0,'03:30:00',15900,NULL,'jeonju','incheon','2022-12-22 21:45:00','2022-12-23 00:45:00'),(439,1037,13,'incheon','p',28,0,'03:30:00',25900,NULL,'jeonju','incheon','2022-12-22 22:15:00','2022-12-23 01:15:00'),(440,1032,12,'incheon','h',28,0,'03:30:00',20900,NULL,'jeonju','incheon','2022-12-22 22:45:00','2022-12-23 01:45:00'),(441,1031,11,'incheon','n',36,0,'03:30:00',15900,NULL,'jeonju','incheon','2022-12-22 23:15:00','2022-12-23 02:15:00'),(442,1024,10,'incheon','n',36,0,'03:30:00',15900,NULL,'jeonju','incheon','2022-12-22 23:45:00','2022-12-23 02:45:00'),(443,1075,20,'incheon','p',28,0,'03:30:00',25900,NULL,'jeonju','incheon','2022-12-23 00:00:00','2022-12-23 03:00:00'),(444,1996,38,'incheon','p',28,0,'03:30:00',25900,NULL,'jeonju','incheon','2022-12-23 00:30:00','2022-12-23 03:30:00'),(445,1142,31,'incheon','p',28,0,'03:30:00',25900,NULL,'jeonju','incheon','2022-12-23 01:00:00','2022-12-23 04:00:00'),(446,1133,30,'incheon','p',28,0,'03:30:00',25900,NULL,'jeonju','incheon','2022-12-23 01:30:00','2022-12-23 04:30:00'),(447,1124,29,'incheon','p',28,0,'03:30:00',25900,NULL,'jeonju','incheon','2022-12-23 02:00:00','2022-12-23 05:00:00'),(448,1116,28,'incheon','p',28,0,'03:30:00',25900,NULL,'jeonju','incheon','2022-12-23 02:30:00','2022-12-23 05:30:00'),(449,1113,27,'incheon','p',28,0,'03:30:00',25900,NULL,'jeonju','incheon','2022-12-23 03:00:00','2022-12-23 06:00:00'),(450,1103,26,'incheon','p',28,0,'03:30:00',25900,NULL,'jeonju','incheon','2022-12-23 03:30:00','2022-12-23 06:30:00'),(451,1099,25,'incheon','h',28,0,'03:30:00',20900,NULL,'jeonju','incheon','2022-12-23 04:00:00','2022-12-23 07:00:00'),(452,1093,24,'incheon','p',28,0,'03:30:00',25900,NULL,'jeonju','incheon','2022-12-23 04:30:00','2022-12-23 07:30:00'),(453,1090,23,'incheon','p',28,0,'03:30:00',25900,NULL,'jeonju','incheon','2022-12-23 05:00:00','2022-12-23 08:00:00'),(454,1084,22,'incheon','n',36,0,'03:30:00',15900,NULL,'jeonju','incheon','2022-12-23 05:30:00','2022-12-23 08:30:00'),(455,1082,21,'incheon','p',28,0,'03:30:00',25900,NULL,'jeonju','incheon','2022-12-23 06:00:00','2022-12-23 09:00:00'),(456,1003,1,'incheon','p',28,0,'03:30:00',25900,NULL,'jeonju','incheon','2022-12-23 06:30:00','2022-12-23 09:30:00'),(457,1071,19,'incheon','n',36,0,'03:30:00',15900,NULL,'jeonju','incheon','2022-12-23 07:00:00','2022-12-23 10:00:00'),(458,1069,18,'incheon','p',28,0,'03:30:00',25900,NULL,'jeonju','incheon','2022-12-23 07:30:00','2022-12-23 10:30:00'),(459,1067,17,'incheon','p',28,0,'03:30:00',25900,NULL,'jeonju','incheon','2022-12-23 08:00:00','2022-12-23 11:00:00'),(460,1064,16,'incheon','p',28,0,'03:30:00',25900,NULL,'jeonju','incheon','2022-12-23 08:30:00','2022-12-23 11:30:00'),(461,1049,15,'incheon','n',36,0,'03:30:00',15900,NULL,'jeonju','incheon','2022-12-23 09:00:00','2022-12-23 12:00:00'),(462,1041,14,'incheon','n',36,0,'03:30:00',15900,NULL,'jeonju','incheon','2022-12-23 09:30:00','2022-12-23 12:30:00'),(463,1037,13,'incheon','p',28,0,'03:30:00',25900,NULL,'jeonju','incheon','2022-12-23 10:00:00','2022-12-23 13:00:00'),(464,1032,12,'incheon','h',28,0,'03:30:00',20900,NULL,'jeonju','incheon','2022-12-23 10:30:00','2022-12-23 13:30:00'),(465,1031,11,'incheon','n',36,0,'03:30:00',15900,NULL,'jeonju','incheon','2022-12-23 11:00:00','2022-12-23 14:00:00'),(466,1024,10,'incheon','n',36,0,'03:30:00',15900,NULL,'jeonju','incheon','2022-12-23 11:30:00','2022-12-23 14:30:00'),(467,1075,20,'incheon','p',28,0,'03:30:00',25900,NULL,'jeonju','incheon','2022-12-23 12:00:00','2022-12-23 15:00:00'),(468,1996,38,'incheon','p',28,0,'03:30:00',25900,NULL,'jeonju','incheon','2022-12-23 12:30:00','2022-12-23 15:30:00'),(469,1142,31,'incheon','p',28,0,'03:30:00',25900,NULL,'jeonju','incheon','2022-12-23 13:00:00','2022-12-23 16:00:00'),(470,1133,30,'incheon','p',28,0,'03:30:00',25900,NULL,'jeonju','incheon','2022-12-23 13:30:00','2022-12-23 16:30:00'),(471,1124,29,'incheon','p',28,0,'03:30:00',25900,NULL,'jeonju','incheon','2022-12-23 14:00:00','2022-12-23 17:00:00'),(472,1116,28,'incheon','p',28,0,'03:30:00',25900,NULL,'jeonju','incheon','2022-12-23 14:30:00','2022-12-23 17:30:00'),(473,1113,27,'incheon','p',28,0,'03:30:00',25900,NULL,'jeonju','incheon','2022-12-23 15:00:00','2022-12-23 18:00:00'),(474,1103,26,'incheon','p',28,0,'03:30:00',25900,NULL,'jeonju','incheon','2022-12-23 15:30:00','2022-12-23 18:30:00'),(475,1099,25,'incheon','h',28,0,'03:30:00',20900,NULL,'jeonju','incheon','2022-12-23 16:00:00','2022-12-23 19:00:00'),(476,1093,24,'incheon','p',28,0,'03:30:00',25900,NULL,'jeonju','incheon','2022-12-23 16:30:00','2022-12-23 19:30:00'),(477,1090,23,'incheon','p',28,0,'03:30:00',25900,NULL,'jeonju','incheon','2022-12-23 17:00:00','2022-12-23 20:00:00'),(478,1084,22,'incheon','n',36,0,'03:30:00',15900,NULL,'jeonju','incheon','2022-12-23 17:30:00','2022-12-23 20:30:00'),(479,1082,21,'incheon','p',28,0,'03:30:00',25900,NULL,'jeonju','incheon','2022-12-23 18:00:00','2022-12-23 21:00:00'),(480,1003,1,'incheon','p',28,0,'03:30:00',25900,NULL,'jeonju','incheon','2022-12-23 18:30:00','2022-12-23 21:30:00'),(481,1071,19,'incheon','n',36,0,'03:30:00',15900,NULL,'jeonju','incheon','2022-12-23 19:00:00','2022-12-23 22:00:00'),(482,1069,18,'incheon','p',28,0,'03:30:00',25900,NULL,'jeonju','incheon','2022-12-23 19:30:00','2022-12-23 22:30:00'),(483,1067,17,'incheon','p',28,0,'03:30:00',25900,NULL,'jeonju','incheon','2022-12-23 20:00:00','2022-12-23 23:00:00'),(484,1064,16,'incheon','p',28,0,'03:30:00',25900,NULL,'jeonju','incheon','2022-12-23 20:30:00','2022-12-23 23:30:00'),(485,1049,15,'incheon','n',36,0,'03:30:00',15900,NULL,'jeonju','incheon','2022-12-23 21:00:00','2022-12-24 00:00:00'),(486,1041,14,'incheon','n',36,0,'03:30:00',15900,NULL,'jeonju','incheon','2022-12-23 21:30:00','2022-12-24 00:30:00'),(487,1037,13,'incheon','p',28,0,'03:30:00',25900,NULL,'jeonju','incheon','2022-12-23 22:00:00','2022-12-24 01:00:00'),(488,1032,12,'incheon','h',28,0,'03:30:00',20900,NULL,'jeonju','incheon','2022-12-23 22:30:00','2022-12-24 01:30:00'),(489,1031,11,'incheon','n',36,0,'03:30:00',15900,NULL,'jeonju','incheon','2022-12-23 23:00:00','2022-12-24 02:00:00'),(490,1024,10,'incheon','n',36,0,'03:30:00',15900,NULL,'jeonju','incheon','2022-12-23 23:30:00','2022-12-24 02:30:00'),(491,1075,20,'incheon','p',28,0,'03:30:00',25900,NULL,'jeonju','incheon','2022-12-24 00:15:00','2022-12-24 03:15:00'),(492,1996,38,'incheon','p',28,0,'03:30:00',25900,NULL,'jeonju','incheon','2022-12-24 00:45:00','2022-12-24 03:45:00'),(493,1142,31,'incheon','p',28,0,'03:30:00',25900,NULL,'jeonju','incheon','2022-12-24 01:15:00','2022-12-24 04:15:00'),(494,1133,30,'incheon','p',28,0,'03:30:00',25900,NULL,'jeonju','incheon','2022-12-24 01:45:00','2022-12-24 04:45:00'),(495,1124,29,'incheon','p',28,0,'03:30:00',25900,NULL,'jeonju','incheon','2022-12-24 02:15:00','2022-12-24 05:15:00'),(496,1116,28,'incheon','p',28,0,'03:30:00',25900,NULL,'jeonju','incheon','2022-12-24 02:45:00','2022-12-24 05:45:00'),(497,1113,27,'incheon','p',28,0,'03:30:00',25900,NULL,'jeonju','incheon','2022-12-24 03:15:00','2022-12-24 06:15:00'),(498,1103,26,'incheon','p',28,0,'03:30:00',25900,NULL,'jeonju','incheon','2022-12-24 03:45:00','2022-12-24 06:45:00'),(499,1099,25,'incheon','h',28,0,'03:30:00',20900,NULL,'jeonju','incheon','2022-12-24 04:15:00','2022-12-24 07:15:00'),(500,1093,24,'incheon','p',28,0,'03:30:00',25900,NULL,'jeonju','incheon','2022-12-24 04:45:00','2022-12-24 07:45:00'),(501,1090,23,'incheon','p',28,0,'03:30:00',25900,NULL,'jeonju','incheon','2022-12-24 05:15:00','2022-12-24 08:15:00'),(502,1084,22,'incheon','n',36,0,'03:30:00',15900,NULL,'jeonju','incheon','2022-12-24 05:45:00','2022-12-24 08:45:00'),(503,1082,21,'incheon','p',28,0,'03:30:00',25900,NULL,'jeonju','incheon','2022-12-24 06:15:00','2022-12-24 09:15:00'),(504,1003,1,'incheon','p',28,0,'03:30:00',25900,NULL,'jeonju','incheon','2022-12-24 06:45:00','2022-12-24 09:45:00'),(505,1071,19,'incheon','n',36,0,'03:30:00',15900,NULL,'jeonju','incheon','2022-12-24 07:15:00','2022-12-24 10:15:00'),(506,1069,18,'incheon','p',28,0,'03:30:00',25900,NULL,'jeonju','incheon','2022-12-24 07:45:00','2022-12-24 10:45:00'),(507,1067,17,'incheon','p',28,0,'03:30:00',25900,NULL,'jeonju','incheon','2022-12-24 08:15:00','2022-12-24 11:15:00'),(508,1064,16,'incheon','p',28,0,'03:30:00',25900,NULL,'jeonju','incheon','2022-12-24 08:45:00','2022-12-24 11:45:00'),(509,1049,15,'incheon','n',36,0,'03:30:00',15900,NULL,'jeonju','incheon','2022-12-24 09:15:00','2022-12-24 12:15:00'),(510,1041,14,'incheon','n',36,0,'03:30:00',15900,NULL,'jeonju','incheon','2022-12-24 09:45:00','2022-12-24 12:45:00'),(511,1037,13,'incheon','p',28,0,'03:30:00',25900,NULL,'jeonju','incheon','2022-12-24 10:15:00','2022-12-24 13:15:00'),(512,1032,12,'incheon','h',28,0,'03:30:00',20900,NULL,'jeonju','incheon','2022-12-24 10:45:00','2022-12-24 13:45:00'),(513,1031,11,'incheon','n',36,0,'03:30:00',15900,NULL,'jeonju','incheon','2022-12-24 11:15:00','2022-12-24 14:15:00'),(514,1024,10,'incheon','n',36,0,'03:30:00',15900,NULL,'jeonju','incheon','2022-12-24 11:45:00','2022-12-24 14:45:00'),(515,1075,20,'incheon','p',28,0,'03:30:00',25900,NULL,'jeonju','incheon','2022-12-24 12:15:00','2022-12-24 15:15:00'),(516,1996,38,'incheon','p',28,0,'03:30:00',25900,NULL,'jeonju','incheon','2022-12-24 12:45:00','2022-12-24 15:45:00'),(517,1142,31,'incheon','p',28,0,'03:30:00',25900,NULL,'jeonju','incheon','2022-12-24 13:15:00','2022-12-24 16:15:00'),(518,1133,30,'incheon','p',28,0,'03:30:00',25900,NULL,'jeonju','incheon','2022-12-24 13:45:00','2022-12-24 16:45:00'),(519,1124,29,'incheon','p',28,0,'03:30:00',25900,NULL,'jeonju','incheon','2022-12-24 14:15:00','2022-12-24 17:15:00'),(520,1112,94,'jeonju','p',28,0,'03:30:00',25900,NULL,'incheon','jeonju','2022-12-21 00:00:00','2022-12-21 03:00:00'),(521,1981,147,'jeonju','h',28,0,'03:30:00',20900,NULL,'incheon','jeonju','2022-12-21 00:30:00','2022-12-21 03:30:00'),(522,1244,110,'jeonju','p',28,0,'03:30:00',25900,NULL,'incheon','jeonju','2022-12-21 01:00:00','2022-12-21 04:00:00'),(523,1240,104,'jeonju','p',28,0,'03:30:00',25900,NULL,'incheon','jeonju','2022-12-21 01:30:00','2022-12-21 04:30:00'),(524,1224,103,'jeonju','h',28,0,'03:30:00',20900,NULL,'incheon','jeonju','2022-12-21 02:00:00','2022-12-21 05:00:00'),(525,1220,102,'jeonju','n',36,0,'03:30:00',15900,NULL,'incheon','jeonju','2022-12-21 02:30:00','2022-12-21 05:30:00'),(526,1211,101,'jeonju','p',28,0,'03:30:00',25900,NULL,'incheon','jeonju','2022-12-21 03:00:00','2022-12-21 06:00:00'),(527,1138,100,'jeonju','p',28,0,'03:30:00',25900,NULL,'incheon','jeonju','2022-12-21 03:30:00','2022-12-21 06:30:00'),(528,1135,99,'jeonju','h',28,0,'03:30:00',20900,NULL,'incheon','jeonju','2022-12-21 04:00:00','2022-12-21 07:00:00'),(529,1126,98,'jeonju','p',28,0,'03:30:00',25900,NULL,'incheon','jeonju','2022-12-21 04:30:00','2022-12-21 07:30:00'),(530,1123,97,'jeonju','p',28,0,'03:30:00',25900,NULL,'incheon','jeonju','2022-12-21 05:00:00','2022-12-21 08:00:00'),(531,1119,96,'jeonju','p',28,0,'03:30:00',25900,NULL,'incheon','jeonju','2022-12-21 05:30:00','2022-12-21 08:30:00'),(532,1118,95,'jeonju','p',28,0,'03:30:00',25900,NULL,'incheon','jeonju','2022-12-21 06:00:00','2022-12-21 09:00:00'),(533,1004,82,'jeonju','p',28,0,'03:30:00',25900,NULL,'incheon','jeonju','2022-12-21 06:30:00','2022-12-21 09:30:00'),(534,1088,93,'jeonju','n',36,0,'03:30:00',15900,NULL,'incheon','jeonju','2022-12-21 07:00:00','2022-12-21 10:00:00'),(535,1080,92,'jeonju','h',28,0,'03:30:00',20900,NULL,'incheon','jeonju','2022-12-21 07:30:00','2022-12-21 10:30:00'),(536,1078,91,'jeonju','h',28,0,'03:30:00',20900,NULL,'incheon','jeonju','2022-12-21 08:00:00','2022-12-21 11:00:00'),(537,1077,90,'jeonju','h',28,0,'03:30:00',20900,NULL,'incheon','jeonju','2022-12-21 08:30:00','2022-12-21 11:30:00'),(538,1072,89,'jeonju','n',36,0,'03:30:00',15900,NULL,'incheon','jeonju','2022-12-21 09:00:00','2022-12-21 12:00:00'),(539,1042,88,'jeonju','n',36,0,'03:30:00',15900,NULL,'incheon','jeonju','2022-12-21 09:30:00','2022-12-21 12:30:00'),(540,1029,87,'jeonju','p',28,0,'03:30:00',25900,NULL,'incheon','jeonju','2022-12-21 10:00:00','2022-12-21 13:00:00'),(541,1027,86,'jeonju','n',36,0,'03:30:00',15900,NULL,'incheon','jeonju','2022-12-21 10:30:00','2022-12-21 13:30:00'),(542,1026,85,'jeonju','p',28,0,'03:30:00',25900,NULL,'incheon','jeonju','2022-12-21 11:00:00','2022-12-21 14:00:00'),(543,1022,84,'jeonju','n',36,0,'03:30:00',15900,NULL,'incheon','jeonju','2022-12-21 11:30:00','2022-12-21 14:30:00'),(544,1112,94,'jeonju','p',28,0,'03:30:00',25900,NULL,'incheon','jeonju','2022-12-21 12:00:00','2022-12-21 15:00:00'),(545,1981,147,'jeonju','h',28,0,'03:30:00',20900,NULL,'incheon','jeonju','2022-12-21 12:30:00','2022-12-21 15:30:00'),(546,1244,110,'jeonju','p',28,0,'03:30:00',25900,NULL,'incheon','jeonju','2022-12-21 13:00:00','2022-12-21 16:00:00'),(547,1240,104,'jeonju','p',28,0,'03:30:00',25900,NULL,'incheon','jeonju','2022-12-21 13:30:00','2022-12-21 16:30:00'),(548,1224,103,'jeonju','h',28,0,'03:30:00',20900,NULL,'incheon','jeonju','2022-12-21 14:00:00','2022-12-21 17:00:00'),(549,1220,102,'jeonju','n',36,0,'03:30:00',15900,NULL,'incheon','jeonju','2022-12-21 14:30:00','2022-12-21 17:30:00'),(550,1211,101,'jeonju','p',28,0,'03:30:00',25900,NULL,'incheon','jeonju','2022-12-21 15:00:00','2022-12-21 18:00:00'),(551,1138,100,'jeonju','p',28,0,'03:30:00',25900,NULL,'incheon','jeonju','2022-12-21 15:30:00','2022-12-21 18:30:00'),(552,1135,99,'jeonju','h',28,0,'03:30:00',20900,NULL,'incheon','jeonju','2022-12-21 16:00:00','2022-12-21 19:00:00'),(553,1126,98,'jeonju','p',28,0,'03:30:00',25900,NULL,'incheon','jeonju','2022-12-21 16:30:00','2022-12-21 19:30:00'),(554,1123,97,'jeonju','p',28,0,'03:30:00',25900,NULL,'incheon','jeonju','2022-12-21 17:00:00','2022-12-21 20:00:00'),(555,1119,96,'jeonju','p',28,0,'03:30:00',25900,NULL,'incheon','jeonju','2022-12-21 17:30:00','2022-12-21 20:30:00'),(556,1118,95,'jeonju','p',28,0,'03:30:00',25900,NULL,'incheon','jeonju','2022-12-21 18:00:00','2022-12-21 21:00:00'),(557,1004,82,'jeonju','p',28,0,'03:30:00',25900,NULL,'incheon','jeonju','2022-12-21 18:30:00','2022-12-21 21:30:00'),(558,1088,93,'jeonju','n',36,0,'03:30:00',15900,NULL,'incheon','jeonju','2022-12-21 19:00:00','2022-12-21 22:00:00'),(559,1080,92,'jeonju','h',28,0,'03:30:00',20900,NULL,'incheon','jeonju','2022-12-21 19:30:00','2022-12-21 22:30:00'),(560,1078,91,'jeonju','h',28,0,'03:30:00',20900,NULL,'incheon','jeonju','2022-12-21 20:00:00','2022-12-21 23:00:00'),(561,1077,90,'jeonju','h',28,0,'03:30:00',20900,NULL,'incheon','jeonju','2022-12-21 20:30:00','2022-12-21 23:30:00'),(562,1072,89,'jeonju','n',36,0,'03:30:00',15900,NULL,'incheon','jeonju','2022-12-21 21:00:00','2022-12-22 00:00:00'),(563,1042,88,'jeonju','n',36,0,'03:30:00',15900,NULL,'incheon','jeonju','2022-12-21 21:30:00','2022-12-22 00:30:00'),(564,1029,87,'jeonju','p',28,0,'03:30:00',25900,NULL,'incheon','jeonju','2022-12-21 22:00:00','2022-12-22 01:00:00'),(565,1027,86,'jeonju','n',36,0,'03:30:00',15900,NULL,'incheon','jeonju','2022-12-21 22:30:00','2022-12-22 01:30:00'),(566,1026,85,'jeonju','p',28,0,'03:30:00',25900,NULL,'incheon','jeonju','2022-12-21 23:00:00','2022-12-22 02:00:00'),(567,1022,84,'jeonju','n',36,0,'03:30:00',15900,NULL,'incheon','jeonju','2022-12-21 23:30:00','2022-12-22 02:30:00'),(568,1112,94,'jeonju','p',28,0,'03:30:00',25900,NULL,'incheon','jeonju','2022-12-22 00:15:00','2022-12-22 03:15:00'),(569,1981,147,'jeonju','h',28,0,'03:30:00',20900,NULL,'incheon','jeonju','2022-12-22 00:45:00','2022-12-22 03:45:00'),(570,1244,110,'jeonju','p',28,0,'03:30:00',25900,NULL,'incheon','jeonju','2022-12-22 01:15:00','2022-12-22 04:15:00'),(571,1240,104,'jeonju','p',28,0,'03:30:00',25900,NULL,'incheon','jeonju','2022-12-22 01:45:00','2022-12-22 04:45:00'),(572,1224,103,'jeonju','h',28,0,'03:30:00',20900,NULL,'incheon','jeonju','2022-12-22 02:15:00','2022-12-22 05:15:00'),(573,1220,102,'jeonju','n',36,0,'03:30:00',15900,NULL,'incheon','jeonju','2022-12-22 02:45:00','2022-12-22 05:45:00'),(574,1211,101,'jeonju','p',28,0,'03:30:00',25900,NULL,'incheon','jeonju','2022-12-22 03:15:00','2022-12-22 06:15:00'),(575,1138,100,'jeonju','p',28,0,'03:30:00',25900,NULL,'incheon','jeonju','2022-12-22 03:45:00','2022-12-22 06:45:00'),(576,1135,99,'jeonju','h',28,0,'03:30:00',20900,NULL,'incheon','jeonju','2022-12-22 04:15:00','2022-12-22 07:15:00'),(577,1126,98,'jeonju','p',28,0,'03:30:00',25900,NULL,'incheon','jeonju','2022-12-22 04:45:00','2022-12-22 07:45:00'),(578,1123,97,'jeonju','p',28,0,'03:30:00',25900,NULL,'incheon','jeonju','2022-12-22 05:15:00','2022-12-22 08:15:00'),(579,1119,96,'jeonju','p',28,0,'03:30:00',25900,NULL,'incheon','jeonju','2022-12-22 05:45:00','2022-12-22 08:45:00'),(580,1118,95,'jeonju','p',28,0,'03:30:00',25900,NULL,'incheon','jeonju','2022-12-22 06:15:00','2022-12-22 09:15:00'),(581,1004,82,'jeonju','p',28,0,'03:30:00',25900,NULL,'incheon','jeonju','2022-12-22 06:45:00','2022-12-22 09:45:00'),(582,1088,93,'jeonju','n',36,0,'03:30:00',15900,NULL,'incheon','jeonju','2022-12-22 07:15:00','2022-12-22 10:15:00'),(583,1080,92,'jeonju','h',28,0,'03:30:00',20900,NULL,'incheon','jeonju','2022-12-22 07:45:00','2022-12-22 10:45:00'),(584,1078,91,'jeonju','h',28,0,'03:30:00',20900,NULL,'incheon','jeonju','2022-12-22 08:15:00','2022-12-22 11:15:00'),(585,1077,90,'jeonju','h',28,0,'03:30:00',20900,NULL,'incheon','jeonju','2022-12-22 08:45:00','2022-12-22 11:45:00'),(586,1072,89,'jeonju','n',36,0,'03:30:00',15900,NULL,'incheon','jeonju','2022-12-22 09:15:00','2022-12-22 12:15:00'),(587,1042,88,'jeonju','n',36,0,'03:30:00',15900,NULL,'incheon','jeonju','2022-12-22 09:45:00','2022-12-22 12:45:00'),(588,1029,87,'jeonju','p',28,0,'03:30:00',25900,NULL,'incheon','jeonju','2022-12-22 10:15:00','2022-12-22 13:15:00'),(589,1027,86,'jeonju','n',36,0,'03:30:00',15900,NULL,'incheon','jeonju','2022-12-22 10:45:00','2022-12-22 13:45:00'),(590,1026,85,'jeonju','p',28,0,'03:30:00',25900,NULL,'incheon','jeonju','2022-12-22 11:15:00','2022-12-22 14:15:00'),(591,1022,84,'jeonju','n',36,0,'03:30:00',15900,NULL,'incheon','jeonju','2022-12-22 11:45:00','2022-12-22 14:45:00'),(592,1112,94,'jeonju','p',28,0,'03:30:00',25900,NULL,'incheon','jeonju','2022-12-22 12:15:00','2022-12-22 15:15:00'),(593,1981,147,'jeonju','h',28,0,'03:30:00',20900,NULL,'incheon','jeonju','2022-12-22 12:45:00','2022-12-22 15:45:00'),(594,1244,110,'jeonju','p',28,0,'03:30:00',25900,NULL,'incheon','jeonju','2022-12-22 13:15:00','2022-12-22 16:15:00'),(595,1240,104,'jeonju','p',28,0,'03:30:00',25900,NULL,'incheon','jeonju','2022-12-22 13:45:00','2022-12-22 16:45:00'),(596,1224,103,'jeonju','h',28,0,'03:30:00',20900,NULL,'incheon','jeonju','2022-12-22 14:15:00','2022-12-22 17:15:00'),(597,1220,102,'jeonju','n',36,0,'03:30:00',15900,NULL,'incheon','jeonju','2022-12-22 14:45:00','2022-12-22 17:45:00'),(598,1211,101,'jeonju','p',28,0,'03:30:00',25900,NULL,'incheon','jeonju','2022-12-22 15:15:00','2022-12-22 18:15:00'),(599,1138,100,'jeonju','p',28,0,'03:30:00',25900,NULL,'incheon','jeonju','2022-12-22 15:45:00','2022-12-22 18:45:00'),(600,1135,99,'jeonju','h',28,0,'03:30:00',20900,NULL,'incheon','jeonju','2022-12-22 16:15:00','2022-12-22 19:15:00'),(601,1126,98,'jeonju','p',28,0,'03:30:00',25900,NULL,'incheon','jeonju','2022-12-22 16:45:00','2022-12-22 19:45:00'),(602,1123,97,'jeonju','p',28,0,'03:30:00',25900,NULL,'incheon','jeonju','2022-12-22 17:15:00','2022-12-22 20:15:00'),(603,1119,96,'jeonju','p',28,0,'03:30:00',25900,NULL,'incheon','jeonju','2022-12-22 17:45:00','2022-12-22 20:45:00'),(604,1118,95,'jeonju','p',28,0,'03:30:00',25900,NULL,'incheon','jeonju','2022-12-22 18:15:00','2022-12-22 21:15:00'),(605,1004,82,'jeonju','p',28,0,'03:30:00',25900,NULL,'incheon','jeonju','2022-12-22 18:45:00','2022-12-22 21:45:00'),(606,1088,93,'jeonju','n',36,0,'03:30:00',15900,NULL,'incheon','jeonju','2022-12-22 19:15:00','2022-12-22 22:15:00'),(607,1080,92,'jeonju','h',28,0,'03:30:00',20900,NULL,'incheon','jeonju','2022-12-22 19:45:00','2022-12-22 22:45:00'),(608,1078,91,'jeonju','h',28,0,'03:30:00',20900,NULL,'incheon','jeonju','2022-12-22 20:15:00','2022-12-22 23:15:00'),(609,1077,90,'jeonju','h',28,0,'03:30:00',20900,NULL,'incheon','jeonju','2022-12-22 20:45:00','2022-12-22 23:45:00'),(610,1072,89,'jeonju','n',36,0,'03:30:00',15900,NULL,'incheon','jeonju','2022-12-22 21:15:00','2022-12-23 00:15:00'),(611,1042,88,'jeonju','n',36,0,'03:30:00',15900,NULL,'incheon','jeonju','2022-12-22 21:45:00','2022-12-23 00:45:00'),(612,1029,87,'jeonju','p',28,0,'03:30:00',25900,NULL,'incheon','jeonju','2022-12-22 22:15:00','2022-12-23 01:15:00'),(613,1027,86,'jeonju','n',36,0,'03:30:00',15900,NULL,'incheon','jeonju','2022-12-22 22:45:00','2022-12-23 01:45:00'),(614,1026,85,'jeonju','p',28,0,'03:30:00',25900,NULL,'incheon','jeonju','2022-12-22 23:15:00','2022-12-23 02:15:00'),(615,1022,84,'jeonju','n',36,0,'03:30:00',15900,NULL,'incheon','jeonju','2022-12-22 23:45:00','2022-12-23 02:45:00'),(616,1112,94,'jeonju','p',28,0,'03:30:00',25900,NULL,'incheon','jeonju','2022-12-23 00:00:00','2022-12-23 03:00:00'),(617,1981,147,'jeonju','h',28,0,'03:30:00',20900,NULL,'incheon','jeonju','2022-12-23 00:30:00','2022-12-23 03:30:00'),(618,1244,110,'jeonju','p',28,0,'03:30:00',25900,NULL,'incheon','jeonju','2022-12-23 01:00:00','2022-12-23 04:00:00'),(619,1240,104,'jeonju','p',28,0,'03:30:00',25900,NULL,'incheon','jeonju','2022-12-23 01:30:00','2022-12-23 04:30:00'),(620,1224,103,'jeonju','h',28,0,'03:30:00',20900,NULL,'incheon','jeonju','2022-12-23 02:00:00','2022-12-23 05:00:00'),(621,1220,102,'jeonju','n',36,0,'03:30:00',15900,NULL,'incheon','jeonju','2022-12-23 02:30:00','2022-12-23 05:30:00'),(622,1211,101,'jeonju','p',28,0,'03:30:00',25900,NULL,'incheon','jeonju','2022-12-23 03:00:00','2022-12-23 06:00:00'),(623,1138,100,'jeonju','p',28,0,'03:30:00',25900,NULL,'incheon','jeonju','2022-12-23 03:30:00','2022-12-23 06:30:00'),(624,1135,99,'jeonju','h',28,0,'03:30:00',20900,NULL,'incheon','jeonju','2022-12-23 04:00:00','2022-12-23 07:00:00'),(625,1126,98,'jeonju','p',28,0,'03:30:00',25900,NULL,'incheon','jeonju','2022-12-23 04:30:00','2022-12-23 07:30:00'),(626,1123,97,'jeonju','p',28,0,'03:30:00',25900,NULL,'incheon','jeonju','2022-12-23 05:00:00','2022-12-23 08:00:00'),(627,1119,96,'jeonju','p',28,0,'03:30:00',25900,NULL,'incheon','jeonju','2022-12-23 05:30:00','2022-12-23 08:30:00'),(628,1118,95,'jeonju','p',28,0,'03:30:00',25900,NULL,'incheon','jeonju','2022-12-23 06:00:00','2022-12-23 09:00:00'),(629,1004,82,'jeonju','p',28,0,'03:30:00',25900,NULL,'incheon','jeonju','2022-12-23 06:30:00','2022-12-23 09:30:00'),(630,1088,93,'jeonju','n',36,0,'03:30:00',15900,NULL,'incheon','jeonju','2022-12-23 07:00:00','2022-12-23 10:00:00'),(631,1080,92,'jeonju','h',28,0,'03:30:00',20900,NULL,'incheon','jeonju','2022-12-23 07:30:00','2022-12-23 10:30:00'),(632,1078,91,'jeonju','h',28,0,'03:30:00',20900,NULL,'incheon','jeonju','2022-12-23 08:00:00','2022-12-23 11:00:00'),(633,1077,90,'jeonju','h',28,0,'03:30:00',20900,NULL,'incheon','jeonju','2022-12-23 08:30:00','2022-12-23 11:30:00'),(634,1072,89,'jeonju','n',36,0,'03:30:00',15900,NULL,'incheon','jeonju','2022-12-23 09:00:00','2022-12-23 12:00:00'),(635,1042,88,'jeonju','n',36,0,'03:30:00',15900,NULL,'incheon','jeonju','2022-12-23 09:30:00','2022-12-23 12:30:00'),(636,1029,87,'jeonju','p',28,0,'03:30:00',25900,NULL,'incheon','jeonju','2022-12-23 10:00:00','2022-12-23 13:00:00'),(637,1027,86,'jeonju','n',36,0,'03:30:00',15900,NULL,'incheon','jeonju','2022-12-23 10:30:00','2022-12-23 13:30:00'),(638,1026,85,'jeonju','p',28,0,'03:30:00',25900,NULL,'incheon','jeonju','2022-12-23 11:00:00','2022-12-23 14:00:00'),(639,1022,84,'jeonju','n',36,0,'03:30:00',15900,NULL,'incheon','jeonju','2022-12-23 11:30:00','2022-12-23 14:30:00'),(640,1112,94,'jeonju','p',28,0,'03:30:00',25900,NULL,'incheon','jeonju','2022-12-23 12:00:00','2022-12-23 15:00:00'),(641,1981,147,'jeonju','h',28,0,'03:30:00',20900,NULL,'incheon','jeonju','2022-12-23 12:30:00','2022-12-23 15:30:00'),(642,1244,110,'jeonju','p',28,0,'03:30:00',25900,NULL,'incheon','jeonju','2022-12-23 13:00:00','2022-12-23 16:00:00'),(643,1240,104,'jeonju','p',28,0,'03:30:00',25900,NULL,'incheon','jeonju','2022-12-23 13:30:00','2022-12-23 16:30:00'),(644,1224,103,'jeonju','h',28,0,'03:30:00',20900,NULL,'incheon','jeonju','2022-12-23 14:00:00','2022-12-23 17:00:00'),(645,1220,102,'jeonju','n',36,0,'03:30:00',15900,NULL,'incheon','jeonju','2022-12-23 14:30:00','2022-12-23 17:30:00'),(646,1211,101,'jeonju','p',28,0,'03:30:00',25900,NULL,'incheon','jeonju','2022-12-23 15:00:00','2022-12-23 18:00:00'),(647,1138,100,'jeonju','p',28,0,'03:30:00',25900,NULL,'incheon','jeonju','2022-12-23 15:30:00','2022-12-23 18:30:00'),(648,1135,99,'jeonju','h',28,0,'03:30:00',20900,NULL,'incheon','jeonju','2022-12-23 16:00:00','2022-12-23 19:00:00'),(649,1126,98,'jeonju','p',28,0,'03:30:00',25900,NULL,'incheon','jeonju','2022-12-23 16:30:00','2022-12-23 19:30:00'),(650,1123,97,'jeonju','p',28,0,'03:30:00',25900,NULL,'incheon','jeonju','2022-12-23 17:00:00','2022-12-23 20:00:00'),(651,1119,96,'jeonju','p',28,0,'03:30:00',25900,NULL,'incheon','jeonju','2022-12-23 17:30:00','2022-12-23 20:30:00'),(652,1118,95,'jeonju','p',28,0,'03:30:00',25900,NULL,'incheon','jeonju','2022-12-23 18:00:00','2022-12-23 21:00:00'),(653,1004,82,'jeonju','p',28,0,'03:30:00',25900,NULL,'incheon','jeonju','2022-12-23 18:30:00','2022-12-23 21:30:00'),(654,1088,93,'jeonju','n',36,0,'03:30:00',15900,NULL,'incheon','jeonju','2022-12-23 19:00:00','2022-12-23 22:00:00'),(655,1080,92,'jeonju','h',28,0,'03:30:00',20900,NULL,'incheon','jeonju','2022-12-23 19:30:00','2022-12-23 22:30:00'),(656,1078,91,'jeonju','h',28,0,'03:30:00',20900,NULL,'incheon','jeonju','2022-12-23 20:00:00','2022-12-23 23:00:00'),(657,1077,90,'jeonju','h',28,0,'03:30:00',20900,NULL,'incheon','jeonju','2022-12-23 20:30:00','2022-12-23 23:30:00'),(658,1072,89,'jeonju','n',36,0,'03:30:00',15900,NULL,'incheon','jeonju','2022-12-23 21:00:00','2022-12-24 00:00:00'),(659,1042,88,'jeonju','n',36,0,'03:30:00',15900,NULL,'incheon','jeonju','2022-12-23 21:30:00','2022-12-24 00:30:00'),(660,1029,87,'jeonju','p',28,0,'03:30:00',25900,NULL,'incheon','jeonju','2022-12-23 22:00:00','2022-12-24 01:00:00'),(661,1027,86,'jeonju','n',36,0,'03:30:00',15900,NULL,'incheon','jeonju','2022-12-23 22:30:00','2022-12-24 01:30:00'),(662,1026,85,'jeonju','p',28,0,'03:30:00',25900,NULL,'incheon','jeonju','2022-12-23 23:00:00','2022-12-24 02:00:00'),(663,1022,84,'jeonju','n',36,0,'03:30:00',15900,NULL,'incheon','jeonju','2022-12-23 23:30:00','2022-12-24 02:30:00'),(664,1112,94,'jeonju','p',28,0,'03:30:00',25900,NULL,'incheon','jeonju','2022-12-24 00:15:00','2022-12-24 03:15:00'),(665,1981,147,'jeonju','h',28,0,'03:30:00',20900,NULL,'incheon','jeonju','2022-12-24 00:45:00','2022-12-24 03:45:00'),(666,1244,110,'jeonju','p',28,0,'03:30:00',25900,NULL,'incheon','jeonju','2022-12-24 01:15:00','2022-12-24 04:15:00'),(667,1240,104,'jeonju','p',28,0,'03:30:00',25900,NULL,'incheon','jeonju','2022-12-24 01:45:00','2022-12-24 04:45:00'),(668,1224,103,'jeonju','h',28,0,'03:30:00',20900,NULL,'incheon','jeonju','2022-12-24 02:15:00','2022-12-24 05:15:00'),(669,1220,102,'jeonju','n',36,0,'03:30:00',15900,NULL,'incheon','jeonju','2022-12-24 02:45:00','2022-12-24 05:45:00'),(670,1211,101,'jeonju','p',28,0,'03:30:00',25900,NULL,'incheon','jeonju','2022-12-24 03:15:00','2022-12-24 06:15:00'),(671,1138,100,'jeonju','p',28,0,'03:30:00',25900,NULL,'incheon','jeonju','2022-12-24 03:45:00','2022-12-24 06:45:00'),(672,1135,99,'jeonju','h',28,0,'03:30:00',20900,NULL,'incheon','jeonju','2022-12-24 04:15:00','2022-12-24 07:15:00'),(673,1126,98,'jeonju','p',28,0,'03:30:00',25900,NULL,'incheon','jeonju','2022-12-24 04:45:00','2022-12-24 07:45:00'),(674,1123,97,'jeonju','p',28,0,'03:30:00',25900,NULL,'incheon','jeonju','2022-12-24 05:15:00','2022-12-24 08:15:00'),(675,1119,96,'jeonju','p',28,0,'03:30:00',25900,NULL,'incheon','jeonju','2022-12-24 05:45:00','2022-12-24 08:45:00'),(676,1118,95,'jeonju','p',28,0,'03:30:00',25900,NULL,'incheon','jeonju','2022-12-24 06:15:00','2022-12-24 09:15:00'),(677,1004,82,'jeonju','p',28,0,'03:30:00',25900,NULL,'incheon','jeonju','2022-12-24 06:45:00','2022-12-24 09:45:00'),(678,1088,93,'jeonju','n',36,0,'03:30:00',15900,NULL,'incheon','jeonju','2022-12-24 07:15:00','2022-12-24 10:15:00'),(679,1080,92,'jeonju','h',28,0,'03:30:00',20900,NULL,'incheon','jeonju','2022-12-24 07:45:00','2022-12-24 10:45:00'),(680,1078,91,'jeonju','h',28,0,'03:30:00',20900,NULL,'incheon','jeonju','2022-12-24 08:15:00','2022-12-24 11:15:00'),(681,1077,90,'jeonju','h',28,0,'03:30:00',20900,NULL,'incheon','jeonju','2022-12-24 08:45:00','2022-12-24 11:45:00'),(682,1072,89,'jeonju','n',36,0,'03:30:00',15900,NULL,'incheon','jeonju','2022-12-24 09:15:00','2022-12-24 12:15:00'),(683,1042,88,'jeonju','n',36,0,'03:30:00',15900,NULL,'incheon','jeonju','2022-12-24 09:45:00','2022-12-24 12:45:00'),(684,1029,87,'jeonju','p',28,0,'03:30:00',25900,NULL,'incheon','jeonju','2022-12-24 10:15:00','2022-12-24 13:15:00'),(685,1027,86,'jeonju','n',36,0,'03:30:00',15900,NULL,'incheon','jeonju','2022-12-24 10:45:00','2022-12-24 13:45:00'),(686,1026,85,'jeonju','p',28,0,'03:30:00',25900,NULL,'incheon','jeonju','2022-12-24 11:15:00','2022-12-24 14:15:00'),(687,1022,84,'jeonju','n',36,0,'03:30:00',15900,NULL,'incheon','jeonju','2022-12-24 11:45:00','2022-12-24 14:45:00'),(688,1112,94,'jeonju','p',28,0,'03:30:00',25900,NULL,'incheon','jeonju','2022-12-24 12:15:00','2022-12-24 15:15:00'),(689,1981,147,'jeonju','h',28,0,'03:30:00',20900,NULL,'incheon','jeonju','2022-12-24 12:45:00','2022-12-24 15:45:00'),(690,1244,110,'jeonju','p',28,0,'03:30:00',25900,NULL,'incheon','jeonju','2022-12-24 13:15:00','2022-12-24 16:15:00'),(691,1240,104,'jeonju','p',28,0,'03:30:00',25900,NULL,'incheon','jeonju','2022-12-24 13:45:00','2022-12-24 16:45:00'),(692,1224,103,'jeonju','h',28,0,'03:30:00',20900,NULL,'incheon','jeonju','2022-12-24 14:15:00','2022-12-24 17:15:00');
/*!40000 ALTER TABLE `bus_move_info` ENABLE KEYS */;
UNLOCK TABLES;

--
-- Table structure for table `bus_price`
--

DROP TABLE IF EXISTS `bus_price`;
/*!40101 SET @saved_cs_client     = @@character_set_client */;
/*!50503 SET character_set_client = utf8mb4 */;
CREATE TABLE `bus_price` (
  `leave_location` varchar(20) NOT NULL COMMENT '출발지',
  `arrive_location` varchar(20) NOT NULL COMMENT '도착지',
  `class` char(1) NOT NULL COMMENT 'n= 일반, p=프리미엄, h=우등',
  `price` int unsigned NOT NULL DEFAULT '0' COMMENT '요금',
  PRIMARY KEY (`leave_location`,`arrive_location`,`class`)
) ENGINE=InnoDB DEFAULT CHARSET=utf8mb4 COLLATE=utf8mb4_0900_ai_ci COMMENT='버스 경로별 가격 테이블';
/*!40101 SET character_set_client = @saved_cs_client */;

--
-- Dumping data for table `bus_price`
--

LOCK TABLES `bus_price` WRITE;
/*!40000 ALTER TABLE `bus_price` DISABLE KEYS */;
INSERT INTO `bus_price` VALUES ('incheon','jeonju','h',20900),('incheon','jeonju','n',15900),('incheon','jeonju','p',25900),('jeonju','incheon','h',20900),('jeonju','incheon','n',15900),('jeonju','incheon','p',25900),('jeonju','seoul','h',20600),('jeonju','seoul','n',15600),('jeonju','seoul','p',25600),('seoul','jeonju','h',20600),('seoul','jeonju','n',15600),('seoul','jeonju','p',25600);
/*!40000 ALTER TABLE `bus_price` ENABLE KEYS */;
UNLOCK TABLES;

--
-- Table structure for table `customers`
--

DROP TABLE IF EXISTS `customers`;
/*!40101 SET @saved_cs_client     = @@character_set_client */;
/*!50503 SET character_set_client = utf8mb4 */;
CREATE TABLE `customers` (
  `customerID` int unsigned NOT NULL AUTO_INCREMENT,
  `name` char(50) NOT NULL,
  `address` char(100) NOT NULL,
  `city` char(30) NOT NULL,
  PRIMARY KEY (`customerID`),
  CONSTRAINT `customers_ibfk_1` FOREIGN KEY (`customerID`) REFERENCES `ordersf` (`customerID`)
) ENGINE=InnoDB AUTO_INCREMENT=10 DEFAULT CHARSET=utf8mb4 COLLATE=utf8mb4_0900_ai_ci;
/*!40101 SET character_set_client = @saved_cs_client */;

--
-- Dumping data for table `customers`
--

LOCK TABLES `customers` WRITE;
/*!40000 ALTER TABLE `customers` DISABLE KEYS */;
/*!40000 ALTER TABLE `customers` ENABLE KEYS */;
UNLOCK TABLES;

--
-- Table structure for table `dev_account_book`
--

DROP TABLE IF EXISTS `dev_account_book`;
/*!40101 SET @saved_cs_client     = @@character_set_client */;
/*!50503 SET character_set_client = utf8mb4 */;
CREATE TABLE `dev_account_book` (
  `trade_id` int unsigned NOT NULL AUTO_INCREMENT COMMENT '거래번호',
  `seller_id` varchar(10) NOT NULL COMMENT '판매자ID',
  `buyer_id` varchar(10) NOT NULL COMMENT '구매자ID',
  `quantity` int unsigned NOT NULL COMMENT '거래수량',
  `money` int unsigned NOT NULL COMMENT '거래금액',
  `reg_date` datetime NOT NULL COMMENT '거래일',
  PRIMARY KEY (`trade_id`),
  KEY `seller_id` (`seller_id`),
  KEY `buyer_id` (`buyer_id`),
  KEY `quantity` (`quantity`),
  KEY `money` (`money`),
  KEY `reg_date` (`reg_date`)
) ENGINE=InnoDB AUTO_INCREMENT=100000 DEFAULT CHARSET=utf8mb4 COLLATE=utf8mb4_0900_ai_ci;
/*!40101 SET character_set_client = @saved_cs_client */;

--
-- Dumping data for table `dev_account_book`
--

LOCK TABLES `dev_account_book` WRITE;
/*!40000 ALTER TABLE `dev_account_book` DISABLE KEYS */;
/*!40000 ALTER TABLE `dev_account_book` ENABLE KEYS */;
UNLOCK TABLES;

--
-- Table structure for table `dev_user_info`
--

DROP TABLE IF EXISTS `dev_user_info`;
/*!40101 SET @saved_cs_client     = @@character_set_client */;
/*!50503 SET character_set_client = utf8mb4 */;
CREATE TABLE `dev_user_info` (
  `user_no` int unsigned NOT NULL AUTO_INCREMENT COMMENT '회원번호',
  `user_id` varchar(10) NOT NULL COMMENT '회원아이디',
  `user_passwd` varchar(50) NOT NULL COMMENT '회원비밀번호',
  `user_birth` char(6) NOT NULL COMMENT '회원생일',
  `user_gender` char(1) NOT NULL COMMENT '회원성별(1:남/2:여)',
  `user_city` char(2) NOT NULL COMMENT '회원 거주지',
  `user_reg_date` datetime NOT NULL COMMENT '가입일',
  PRIMARY KEY (`user_no`),
  KEY `idx_user_id` (`user_id`)
) ENGINE=InnoDB AUTO_INCREMENT=11 DEFAULT CHARSET=utf8mb4 COLLATE=utf8mb4_0900_ai_ci;
/*!40101 SET character_set_client = @saved_cs_client */;

--
-- Dumping data for table `dev_user_info`
--

LOCK TABLES `dev_user_info` WRITE;
/*!40000 ALTER TABLE `dev_user_info` DISABLE KEYS */;
/*!40000 ALTER TABLE `dev_user_info` ENABLE KEYS */;
UNLOCK TABLES;

--
-- Table structure for table `driver_info`
--

DROP TABLE IF EXISTS `driver_info`;
/*!40101 SET @saved_cs_client     = @@character_set_client */;
/*!50503 SET character_set_client = utf8mb4 */;
CREATE TABLE `driver_info` (
  `driver_num` int unsigned NOT NULL AUTO_INCREMENT COMMENT '기사번호',
  `driver_id` varchar(20) NOT NULL COMMENT '기사 아이디',
  `driver_pw` varchar(20) NOT NULL COMMENT '기사 패스워드',
  `driver_name` varchar(20) NOT NULL COMMENT '기사 이름',
  `driver_phone` int NOT NULL COMMENT '전화번호',
  `driver_email` varchar(50) NOT NULL COMMENT '기사 이메일',
  `driver_location` varchar(45) NOT NULL COMMENT '위치',
  `driver_check` char(1) NOT NULL COMMENT '운행여부 y=yes, n=no',
  `reg_day` datetime NOT NULL COMMENT '등록일',
  `change_day` datetime NOT NULL DEFAULT '0000-00-00 00:00:00' COMMENT '수정일',
  PRIMARY KEY (`driver_num`),
  UNIQUE KEY `driver_id_UNIQUE` (`driver_id`)
) ENGINE=InnoDB AUTO_INCREMENT=148 DEFAULT CHARSET=utf8mb4 COLLATE=utf8mb4_0900_ai_ci COMMENT='기사 정보';
/*!40101 SET character_set_client = @saved_cs_client */;

--
-- Dumping data for table `driver_info`
--

LOCK TABLES `driver_info` WRITE;
/*!40000 ALTER TABLE `driver_info` DISABLE KEYS */;
INSERT INTO `driver_info` VALUES (1,'dirver1','123','김민혁',3213,'driver1@driver.com','jeonju','n','2022-12-12 09:07:52','0000-00-00 00:00:00'),(2,'dirver2','123','김수민',3213,'driver1@driver.com','jeonju','n','2022-12-12 09:08:54','0000-00-00 00:00:00'),(10,'dirver3','123','김주현',3213,'driver1@driver.com','jeonju','n','2022-12-12 09:27:58','0000-00-00 00:00:00'),(11,'dirver4','123','김정혁',3213,'driver1@driver.com','jeonju','n','2022-12-12 09:27:58','0000-00-00 00:00:00'),(12,'dirver5','123','이전민',3213,'driver1@driver.com','jeonju','n','2022-12-12 09:27:58','0000-00-00 00:00:00'),(13,'dirver6','123','이주혁',3213,'driver1@driver.com','jeonju','n','2022-12-12 09:27:58','0000-00-00 00:00:00'),(14,'dirver7','123','김범',3213,'driver1@driver.com','jeonju','n','2022-12-12 09:27:58','0000-00-00 00:00:00'),(15,'dirver8','123','김범수',3213,'driver1@driver.com','jeonju','n','2022-12-12 09:27:58','0000-00-00 00:00:00'),(16,'dirver9','123','김지훈',3213,'driver1@driver.com','jeonju','n','2022-12-12 09:27:58','0000-00-00 00:00:00'),(17,'dirver10','123','박빈',3213,'driver1@driver.com','jeonju','n','2022-12-12 09:27:58','0000-00-00 00:00:00'),(18,'dirver11','123','박혁',3213,'driver1@driver.com','jeonju','n','2022-12-12 09:27:58','0000-00-00 00:00:00'),(19,'dirver12','123','김혁',3213,'driver1@driver.com','jeonju','n','2022-12-12 09:27:58','0000-00-00 00:00:00'),(20,'dirver13','123','서정민',3213,'driver1@driver.com','jeonju','n','2022-12-12 09:27:58','0000-00-00 00:00:00'),(21,'dirver14','123','김소라',3213,'driver1@driver.com','jeonju','n','2022-12-12 09:27:58','0000-00-00 00:00:00'),(22,'dirver15','123','김수정',3213,'driver1@driver.com','jeonju','n','2022-12-12 09:27:58','0000-00-00 00:00:00'),(23,'dirver16','123','조정혁',3213,'driver1@driver.com','jeonju','n','2022-12-12 09:27:58','0000-00-00 00:00:00'),(24,'dirver17','123','조주영',3213,'driver1@driver.com','jeonju','n','2022-12-12 09:27:58','0000-00-00 00:00:00'),(25,'dirver18','123','주수민',3213,'driver1@driver.com','jeonju','n','2022-12-12 09:27:58','0000-00-00 00:00:00'),(26,'dirver19','123','주수혁',3213,'driver1@driver.com','jeonju','n','2022-12-12 09:27:58','0000-00-00 00:00:00'),(27,'dirver20','123','이혁',3213,'driver1@driver.com','jeonju','n','2022-12-12 09:27:58','0000-00-00 00:00:00'),(28,'dirver21','123','오정훈',3213,'driver1@driver.com','jeonju','n','2022-12-12 09:27:58','0000-00-00 00:00:00'),(29,'dirver22','123','정훈',3213,'driver1@driver.com','jeonju','n','2022-12-12 09:27:58','0000-00-00 00:00:00'),(30,'dirver23','123','김수현',3213,'driver1@driver.com','jeonju','n','2022-12-12 09:27:58','0000-00-00 00:00:00'),(31,'dirver24','123','현정혁',3213,'driver1@driver.com','jeonju','n','2022-12-12 09:27:58','0000-00-00 00:00:00'),(32,'dirver25','123','설정수',3213,'driver1@driver.com','jeonju','n','2022-12-12 09:27:58','0000-00-00 00:00:00'),(33,'dirver26','123','설정민',3213,'driver1@driver.com','jeonju','n','2022-12-12 09:27:58','0000-00-00 00:00:00'),(34,'dirver27','123','김수민',3213,'driver1@driver.com','jeonju','n','2022-12-12 09:27:58','0000-00-00 00:00:00'),(35,'dirver28','123','김수민',3213,'driver1@driver.com','jeonju','n','2022-12-12 09:27:58','0000-00-00 00:00:00'),(36,'dirver29','123','김수민',3213,'driver1@driver.com','jeonju','n','2022-12-12 09:27:58','0000-00-00 00:00:00'),(37,'dirver30','123','김수민',3213,'driver1@driver.com','jeonju','n','2022-12-12 09:27:58','0000-00-00 00:00:00'),(38,'dirver31','123','김수민',3213,'driver1@driver.com','jeonju','n','2022-12-12 09:27:58','0000-00-00 00:00:00'),(39,'dirver32','123','김수민',3213,'driver1@driver.com','seoul','n','2022-12-12 09:27:58','0000-00-00 00:00:00'),(40,'dirver33','123','김수민',3213,'driver1@driver.com','seoul','n','2022-12-12 09:27:58','0000-00-00 00:00:00'),(41,'dirver34','123','김수민',3213,'driver1@driver.com','seoul','n','2022-12-12 09:27:58','0000-00-00 00:00:00'),(42,'dirver35','123','김수민',3213,'driver1@driver.com','seoul','n','2022-12-12 09:27:58','0000-00-00 00:00:00'),(43,'dirver36','123','김수민',3213,'driver1@driver.com','seoul','n','2022-12-12 09:27:58','0000-00-00 00:00:00'),(44,'dirver37','123','김수민',3213,'driver1@driver.com','seoul','n','2022-12-12 09:27:58','0000-00-00 00:00:00'),(45,'dirver38','123','김수민',3213,'driver1@driver.com','seoul','n','2022-12-12 09:27:58','0000-00-00 00:00:00'),(46,'dirver39','123','김수민',3213,'driver1@driver.com','seoul','n','2022-12-12 09:27:58','0000-00-00 00:00:00'),(47,'dirver40','123','김수민',3213,'driver1@driver.com','seoul','n','2022-12-12 09:27:58','0000-00-00 00:00:00'),(48,'dirver41','123','김수민',3213,'driver1@driver.com','seoul','n','2022-12-12 09:27:58','0000-00-00 00:00:00'),(49,'dirver42','123','김수민',3213,'driver1@driver.com','seoul','n','2022-12-12 09:27:58','0000-00-00 00:00:00'),(50,'dirver43','123','김수민',3213,'driver1@driver.com','seoul','n','2022-12-12 09:27:58','0000-00-00 00:00:00'),(51,'dirver44','123','김수민',3213,'driver1@driver.com','seoul','n','2022-12-12 09:27:58','0000-00-00 00:00:00'),(52,'dirver45','123','김수민',3213,'driver1@driver.com','seoul','n','2022-12-12 09:27:58','0000-00-00 00:00:00'),(53,'dirver46','123','김수민',3213,'driver1@driver.com','seoul','n','2022-12-12 09:27:58','0000-00-00 00:00:00'),(54,'dirver47','123','김수민',3213,'driver1@driver.com','seoul','n','2022-12-12 09:27:58','0000-00-00 00:00:00'),(55,'dirver48','123','김수민',3213,'driver1@driver.com','seoul','n','2022-12-12 09:27:58','0000-00-00 00:00:00'),(56,'dirver49','123','김수민',3213,'driver1@driver.com','seoul','n','2022-12-12 09:27:58','0000-00-00 00:00:00'),(57,'dirver50','123','김수민',3213,'driver1@driver.com','seoul','n','2022-12-12 09:27:58','0000-00-00 00:00:00'),(58,'dirver51','123','김수민',3213,'driver1@driver.com','seoul','n','2022-12-12 09:27:58','0000-00-00 00:00:00'),(59,'dirver52','123','김수민',3213,'driver1@driver.com','seoul','n','2022-12-12 09:27:58','0000-00-00 00:00:00'),(60,'dirver53','123','김수민',3213,'driver1@driver.com','seoul','n','2022-12-12 09:27:58','0000-00-00 00:00:00'),(61,'dirver54','123','김수민',3213,'driver1@driver.com','seoul','n','2022-12-12 09:27:58','0000-00-00 00:00:00'),(62,'dirver55','123','김수민',3213,'driver1@driver.com','seoul','n','2022-12-12 09:27:58','0000-00-00 00:00:00'),(63,'dirver56','123','김수민',3213,'driver1@driver.com','seoul','n','2022-12-12 09:27:58','0000-00-00 00:00:00'),(64,'dirver57','123','김수민',3213,'driver1@driver.com','seoul','n','2022-12-12 09:27:58','0000-00-00 00:00:00'),(65,'dirver58','123','김수민',3213,'driver1@driver.com','seoul','n','2022-12-12 09:27:58','0000-00-00 00:00:00'),(66,'dirver59','123','김수민',3213,'driver1@driver.com','seoul','n','2022-12-12 09:27:58','0000-00-00 00:00:00'),(67,'dirver60','123','김수민',3213,'driver1@driver.com','seoul','n','2022-12-12 09:27:58','0000-00-00 00:00:00'),(68,'dirver61','123','김수민',3213,'driver1@driver.com','seoul','n','2022-12-12 09:27:58','0000-00-00 00:00:00'),(69,'dirver62','123','김수민',3213,'driver1@driver.com','seoul','n','2022-12-12 09:27:58','0000-00-00 00:00:00'),(70,'dirver63','123','김수민',3213,'driver1@driver.com','seoul','n','2022-12-12 09:27:58','0000-00-00 00:00:00'),(71,'dirver64','123','김수민',3213,'driver1@driver.com','seoul','n','2022-12-12 09:27:58','0000-00-00 00:00:00'),(72,'dirver65','123','김수민',3213,'driver1@driver.com','seoul','n','2022-12-12 09:27:58','0000-00-00 00:00:00'),(73,'dirver66','123','김수민',3213,'driver1@driver.com','seoul','n','2022-12-12 09:27:59','0000-00-00 00:00:00'),(77,'dirver67','123','김수민',3213,'driver1@driver.com','seoul','n','2022-12-12 09:28:28','0000-00-00 00:00:00'),(78,'dirver68','123','김수민',3213,'driver1@driver.com','seoul','n','2022-12-12 09:28:29','0000-00-00 00:00:00'),(79,'dirver69','123','김수민',3213,'driver1@driver.com','seoul','n','2022-12-12 09:28:30','0000-00-00 00:00:00'),(80,'dirver70','123','김수민',3213,'driver1@driver.com','seoul','n','2022-12-12 09:28:30','0000-00-00 00:00:00'),(82,'dirver93','123','김수민',3213,'driver1@driver.com','incheon','n','2022-12-13 10:11:25','0000-00-00 00:00:00'),(83,'dirver71','123','김수민',3213,'driver1@driver.com','incheon','n','2022-12-13 10:12:09','0000-00-00 00:00:00'),(84,'dirver72','123','김수민',3213,'driver1@driver.com','incheon','n','2022-12-13 10:12:09','0000-00-00 00:00:00'),(85,'dirver73','123','김수민',3213,'driver1@driver.com','incheon','n','2022-12-13 10:12:09','0000-00-00 00:00:00'),(86,'dirver74','123','김수민',3213,'driver1@driver.com','incheon','n','2022-12-13 10:12:09','0000-00-00 00:00:00'),(87,'dirver75','123','김수민',3213,'driver1@driver.com','incheon','n','2022-12-13 10:12:09','0000-00-00 00:00:00'),(88,'dirver76','123','김수민',3213,'driver1@driver.com','incheon','n','2022-12-13 10:12:09','0000-00-00 00:00:00'),(89,'dirver77','123','김수민',3213,'driver1@driver.com','incheon','n','2022-12-13 10:12:09','0000-00-00 00:00:00'),(90,'dirver78','123','김수민',3213,'driver1@driver.com','incheon','n','2022-12-13 10:12:09','0000-00-00 00:00:00'),(91,'dirver79','123','김수민',3213,'driver1@driver.com','incheon','n','2022-12-13 10:12:09','0000-00-00 00:00:00'),(92,'dirver80','123','김수민',3213,'driver1@driver.com','incheon','n','2022-12-13 10:12:09','0000-00-00 00:00:00'),(93,'dirver81','123','김수민',3213,'driver1@driver.com','incheon','n','2022-12-13 10:12:09','0000-00-00 00:00:00'),(94,'dirver82','123','김수민',3213,'driver1@driver.com','incheon','n','2022-12-13 10:12:09','0000-00-00 00:00:00'),(95,'dirver83','123','김수민',3213,'driver1@driver.com','incheon','n','2022-12-13 10:12:09','0000-00-00 00:00:00'),(96,'dirver84','123','김수민',3213,'driver1@driver.com','incheon','n','2022-12-13 10:12:09','0000-00-00 00:00:00'),(97,'dirver85','123','김수민',3213,'driver1@driver.com','incheon','n','2022-12-13 10:12:09','0000-00-00 00:00:00'),(98,'dirver86','123','김수민',3213,'driver1@driver.com','incheon','n','2022-12-13 10:12:09','0000-00-00 00:00:00'),(99,'dirver87','123','김수민',3213,'driver1@driver.com','incheon','n','2022-12-13 10:12:09','0000-00-00 00:00:00'),(100,'dirver88','123','김수민',3213,'driver1@driver.com','incheon','n','2022-12-13 10:12:09','0000-00-00 00:00:00'),(101,'dirver89','123','김수민',3213,'driver1@driver.com','incheon','n','2022-12-13 10:12:09','0000-00-00 00:00:00'),(102,'dirver90','123','김수민',3213,'driver1@driver.com','incheon','n','2022-12-13 10:12:09','0000-00-00 00:00:00'),(103,'dirver91','123','김수민',3213,'driver1@driver.com','incheon','n','2022-12-13 10:12:09','0000-00-00 00:00:00'),(104,'dirver92','123','김수민',3213,'driver1@driver.com','incheon','n','2022-12-13 10:12:09','0000-00-00 00:00:00'),(110,'dirver94','123','김수민',3213,'driver1@driver.com','incheon','n','2022-12-13 10:45:11','0000-00-00 00:00:00'),(111,'dirver95','123','김수민',3213,'driver1@driver.com','incheon','n','2022-12-13 10:45:11','0000-00-00 00:00:00'),(112,'dirver96','123','김수민',3213,'driver1@driver.com','incheon','n','2022-12-13 10:45:11','0000-00-00 00:00:00'),(113,'dirver97','123','김수민',3213,'driver1@driver.com','incheon','n','2022-12-13 10:45:11','0000-00-00 00:00:00'),(114,'dirver98','123','김수민',3213,'driver1@driver.com','incheon','n','2022-12-13 10:45:11','0000-00-00 00:00:00'),(115,'dirver99','123','김수민',3213,'driver1@driver.com','incheon','n','2022-12-13 10:45:11','0000-00-00 00:00:00'),(116,'dirver100','123','김수민',3213,'driver1@driver.com','incheon','n','2022-12-13 10:45:11','0000-00-00 00:00:00'),(117,'dirver101','123','김수민',3213,'driver1@driver.com','incheon','n','2022-12-13 10:45:11','0000-00-00 00:00:00'),(118,'dirver102','123','김수민',3213,'driver1@driver.com','incheon','n','2022-12-13 10:45:11','0000-00-00 00:00:00'),(119,'dirver103','123','김수민',3213,'driver1@driver.com','incheon','n','2022-12-13 10:45:11','0000-00-00 00:00:00'),(120,'dirver104','123','김수민',3213,'driver1@driver.com','incheon','n','2022-12-13 10:45:11','0000-00-00 00:00:00'),(121,'dirver105','123','김수민',3213,'driver1@driver.com','incheon','n','2022-12-13 10:45:11','0000-00-00 00:00:00'),(122,'dirver106','123','김수민',3213,'driver1@driver.com','incheon','n','2022-12-13 10:45:11','0000-00-00 00:00:00'),(123,'dirver107','123','김수민',3213,'driver1@driver.com','incheon','n','2022-12-13 10:45:11','0000-00-00 00:00:00'),(124,'dirver108','123','김수민',3213,'driver1@driver.com','incheon','n','2022-12-13 10:45:11','0000-00-00 00:00:00'),(125,'dirver109','123','김수민',3213,'driver1@driver.com','incheon','n','2022-12-13 10:45:11','0000-00-00 00:00:00'),(126,'dirver110','123','김수민',3213,'driver1@driver.com','incheon','n','2022-12-13 10:45:11','0000-00-00 00:00:00'),(127,'dirver111','123','김수민',3213,'driver1@driver.com','incheon','n','2022-12-13 10:45:11','0000-00-00 00:00:00'),(128,'dirver112','123','김수민',3213,'driver1@driver.com','incheon','n','2022-12-13 10:45:11','0000-00-00 00:00:00'),(129,'dirver113','123','김수민',3213,'driver1@driver.com','incheon','n','2022-12-13 10:45:11','0000-00-00 00:00:00'),(130,'dirver114','123','김수민',3213,'driver1@driver.com','incheon','n','2022-12-13 10:45:11','0000-00-00 00:00:00'),(131,'dirver115','123','김수민',3213,'driver1@driver.com','incheon','n','2022-12-13 10:45:11','0000-00-00 00:00:00'),(132,'dirver116','123','김수민',3213,'driver1@driver.com','incheon','n','2022-12-13 10:45:11','0000-00-00 00:00:00'),(133,'dirver117','123','김수민',3213,'driver1@driver.com','incheon','n','2022-12-13 10:45:11','0000-00-00 00:00:00'),(134,'dirver118','123','김수민',3213,'driver1@driver.com','incheon','n','2022-12-13 13:33:07','0000-00-00 00:00:00'),(135,'dirver119','123','김수민',3213,'driver1@driver.com','incheon','n','2022-12-13 13:33:07','0000-00-00 00:00:00'),(136,'dirver120','123','김수민',3213,'driver1@driver.com','incheon','n','2022-12-13 13:33:07','0000-00-00 00:00:00'),(137,'dirver121','123','김수민',3213,'driver1@driver.com','incheon','n','2022-12-13 13:33:07','0000-00-00 00:00:00'),(138,'dirver122','123','김수민',3213,'driver1@driver.com','incheon','n','2022-12-13 13:33:07','0000-00-00 00:00:00'),(139,'dirver123','123','김수민',3213,'driver1@driver.com','incheon','n','2022-12-13 13:33:07','0000-00-00 00:00:00'),(140,'dirver124','123','김수민',3213,'driver1@driver.com','incheon','n','2022-12-13 13:33:07','0000-00-00 00:00:00'),(141,'dirver125','123','김수민',3213,'driver1@driver.com','incheon','n','2022-12-13 13:33:07','0000-00-00 00:00:00'),(142,'dirver126','123','김수민',3213,'driver1@driver.com','incheon','n','2022-12-13 13:33:07','0000-00-00 00:00:00'),(143,'dirver127','123','김수민',3213,'driver1@driver.com','incheon','n','2022-12-13 13:33:07','0000-00-00 00:00:00'),(144,'dirver128','123','김수민',3213,'driver1@driver.com','incheon','n','2022-12-13 13:33:07','0000-00-00 00:00:00'),(145,'dirver129','123','김수민',3213,'driver1@driver.com','incheon','n','2022-12-13 13:33:07','0000-00-00 00:00:00'),(146,'dirver130','123','김수민',3213,'driver1@driver.com','incheon','n','2022-12-13 13:33:07','0000-00-00 00:00:00'),(147,'dirver131','123','김수민',3213,'driver1@driver.com','incheon','n','2022-12-13 13:33:07','0000-00-00 00:00:00');
/*!40000 ALTER TABLE `driver_info` ENABLE KEYS */;
UNLOCK TABLES;

--
-- Table structure for table `login_list`
--

DROP TABLE IF EXISTS `login_list`;
/*!40101 SET @saved_cs_client     = @@character_set_client */;
/*!50503 SET character_set_client = utf8mb4 */;
CREATE TABLE `login_list` (
  `seq` int unsigned NOT NULL AUTO_INCREMENT COMMENT '시퀀스',
  `user_num` int unsigned NOT NULL COMMENT '유저번호',
  `success_flag` char(1) NOT NULL COMMENT '성공 여부 t=true, f=flase',
  `login_day` datetime NOT NULL COMMENT '로그인 날짜',
  PRIMARY KEY (`seq`),
  KEY `fk_login_list_user_info1_idx` (`user_num`),
  CONSTRAINT `fk_login_list_user_info1` FOREIGN KEY (`user_num`) REFERENCES `user_info` (`user_num`)
) ENGINE=InnoDB AUTO_INCREMENT=12 DEFAULT CHARSET=utf8mb4 COLLATE=utf8mb4_0900_ai_ci COMMENT='로그인 리스트';
/*!40101 SET character_set_client = @saved_cs_client */;

--
-- Dumping data for table `login_list`
--

LOCK TABLES `login_list` WRITE;
/*!40000 ALTER TABLE `login_list` DISABLE KEYS */;
INSERT INTO `login_list` VALUES (1,1,'t','2022-12-21 13:47:20'),(2,2,'t','2022-12-21 13:47:32'),(3,2,'t','2022-12-21 13:48:08'),(4,3,'t','2022-12-21 13:49:22'),(5,2,'t','2022-12-21 13:50:25'),(6,3,'t','2022-12-21 13:50:32'),(7,2,'t','2022-12-21 13:51:47'),(8,3,'t','2022-12-21 13:52:05'),(9,2,'t','2022-12-21 13:54:23'),(10,2,'t','2022-12-21 14:19:22'),(11,3,'t','2022-12-21 14:27:59');
/*!40000 ALTER TABLE `login_list` ENABLE KEYS */;
UNLOCK TABLES;

--
-- Table structure for table `mile_charge_list`
--

DROP TABLE IF EXISTS `mile_charge_list`;
/*!40101 SET @saved_cs_client     = @@character_set_client */;
/*!50503 SET character_set_client = utf8mb4 */;
CREATE TABLE `mile_charge_list` (
  `seq` int unsigned NOT NULL AUTO_INCREMENT COMMENT '시퀀스',
  `user_num` int unsigned NOT NULL,
  `account_code` char(5) NOT NULL COMMENT '장부코드',
  `trade_code` varchar(20) NOT NULL COMMENT '거래번호',
  `charge_mile` int unsigned NOT NULL DEFAULT '0' COMMENT '충전금액',
  `charge_route` varchar(6) NOT NULL COMMENT '충전 경로 (A=계좌이체 , M=모바일 등)',
  `charge_day` datetime NOT NULL COMMENT '충전일',
  PRIMARY KEY (`seq`)
) ENGINE=InnoDB DEFAULT CHARSET=utf8mb4 COLLATE=utf8mb4_0900_ai_ci COMMENT='마일리지 충전 리스트';
/*!40101 SET character_set_client = @saved_cs_client */;

--
-- Dumping data for table `mile_charge_list`
--

LOCK TABLES `mile_charge_list` WRITE;
/*!40000 ALTER TABLE `mile_charge_list` DISABLE KEYS */;
/*!40000 ALTER TABLE `mile_charge_list` ENABLE KEYS */;
UNLOCK TABLES;

--
-- Table structure for table `mile_withdraw_list`
--

DROP TABLE IF EXISTS `mile_withdraw_list`;
/*!40101 SET @saved_cs_client     = @@character_set_client */;
/*!50503 SET character_set_client = utf8mb4 */;
CREATE TABLE `mile_withdraw_list` (
  `seq` int unsigned NOT NULL AUTO_INCREMENT COMMENT '시퀀스',
  `user_num` int unsigned NOT NULL,
  `account_code` char(5) NOT NULL COMMENT '장부코드',
  `trade_code` varchar(20) NOT NULL COMMENT '거래번호',
  `withdraw_mile` int unsigned NOT NULL COMMENT '출금 마일리지',
  `withdraw_route` varchar(20) NOT NULL COMMENT '출금 경로(계좌)',
  `withdraw_day` datetime NOT NULL COMMENT '출금일',
  PRIMARY KEY (`seq`)
) ENGINE=InnoDB DEFAULT CHARSET=utf8mb4 COLLATE=utf8mb4_0900_ai_ci COMMENT='마일리지 출금 리스트';
/*!40101 SET character_set_client = @saved_cs_client */;

--
-- Dumping data for table `mile_withdraw_list`
--

LOCK TABLES `mile_withdraw_list` WRITE;
/*!40000 ALTER TABLE `mile_withdraw_list` DISABLE KEYS */;
/*!40000 ALTER TABLE `mile_withdraw_list` ENABLE KEYS */;
UNLOCK TABLES;

--
-- Table structure for table `order_items`
--

DROP TABLE IF EXISTS `order_items`;
/*!40101 SET @saved_cs_client     = @@character_set_client */;
/*!50503 SET character_set_client = utf8mb4 */;
CREATE TABLE `order_items` (
  `orderID` int unsigned NOT NULL,
  `isbn` char(13) NOT NULL,
  `quantity` tinyint unsigned DEFAULT NULL,
  PRIMARY KEY (`orderID`,`isbn`)
) ENGINE=InnoDB DEFAULT CHARSET=utf8mb4 COLLATE=utf8mb4_0900_ai_ci;
/*!40101 SET character_set_client = @saved_cs_client */;

--
-- Dumping data for table `order_items`
--

LOCK TABLES `order_items` WRITE;
/*!40000 ALTER TABLE `order_items` DISABLE KEYS */;
/*!40000 ALTER TABLE `order_items` ENABLE KEYS */;
UNLOCK TABLES;

--
-- Table structure for table `orders`
--

DROP TABLE IF EXISTS `orders`;
/*!40101 SET @saved_cs_client     = @@character_set_client */;
/*!50503 SET character_set_client = utf8mb4 */;
CREATE TABLE `orders` (
  `orderID` int unsigned NOT NULL AUTO_INCREMENT,
  `customerID` int unsigned NOT NULL,
  `amount` float NOT NULL,
  `date` date NOT NULL,
  PRIMARY KEY (`orderID`),
  KEY `customerID` (`customerID`),
  CONSTRAINT `orders_ibfk_1` FOREIGN KEY (`customerID`) REFERENCES `ordersf` (`customerID`)
) ENGINE=InnoDB AUTO_INCREMENT=5 DEFAULT CHARSET=utf8mb4 COLLATE=utf8mb4_0900_ai_ci;
/*!40101 SET character_set_client = @saved_cs_client */;

--
-- Dumping data for table `orders`
--

LOCK TABLES `orders` WRITE;
/*!40000 ALTER TABLE `orders` DISABLE KEYS */;
/*!40000 ALTER TABLE `orders` ENABLE KEYS */;
UNLOCK TABLES;

--
-- Table structure for table `ordersf`
--

DROP TABLE IF EXISTS `ordersf`;
/*!40101 SET @saved_cs_client     = @@character_set_client */;
/*!50503 SET character_set_client = utf8mb4 */;
CREATE TABLE `ordersf` (
  `customerID` int unsigned NOT NULL,
  `orderID` int unsigned NOT NULL,
  `ordernumber` int NOT NULL,
  PRIMARY KEY (`customerID`),
  KEY `orderID` (`orderID`)
) ENGINE=InnoDB DEFAULT CHARSET=utf8mb4 COLLATE=utf8mb4_0900_ai_ci;
/*!40101 SET character_set_client = @saved_cs_client */;

--
-- Dumping data for table `ordersf`
--

LOCK TABLES `ordersf` WRITE;
/*!40000 ALTER TABLE `ordersf` DISABLE KEYS */;
/*!40000 ALTER TABLE `ordersf` ENABLE KEYS */;
UNLOCK TABLES;

--
-- Table structure for table `reservation`
--

DROP TABLE IF EXISTS `reservation`;
/*!40101 SET @saved_cs_client     = @@character_set_client */;
/*!50503 SET character_set_client = utf8mb4 */;
CREATE TABLE `reservation` (
  `seq` int unsigned NOT NULL AUTO_INCREMENT COMMENT '시퀀스',
  `trade_code` varchar(30) NOT NULL COMMENT '거래 번호',
  `user_num` int unsigned NOT NULL COMMENT '유저번호',
  `bus_move_info_seq` int unsigned NOT NULL COMMENT '운행 정보 시퀀스',
  `status` char(1) NOT NULL COMMENT '예매상태 y=성공, n=취소, e=예약, f=예약취소',
  `account_code` char(5) NOT NULL COMMENT '장부코드',
  `bus_num` int unsigned NOT NULL COMMENT '버스번호',
  `bus_class` char(1) NOT NULL COMMENT '버스등급',
  `price` int unsigned NOT NULL COMMENT '금액',
  `seat_num` int unsigned NOT NULL COMMENT '좌석 번호',
  `route` varchar(20) NOT NULL COMMENT '예매경로',
  `trade_type` varchar(20) NOT NULL COMMENT '예매 = y, 예매취소 = n, , 충전 = c, 출금 = w',
  `start_day` datetime NOT NULL COMMENT '출발일시',
  `buy_day` datetime NOT NULL COMMENT '구매일시',
  `change_day` datetime NOT NULL DEFAULT '0000-00-00 00:00:00' COMMENT '예매변경일시',
  PRIMARY KEY (`seq`),
  KEY `fk_reservation_userinfo1_idx` (`user_num`),
  KEY `fk_reservation_bus_move_info1_idx` (`bus_move_info_seq`),
  KEY `fk_reservation_bus_info1_idx` (`bus_num`),
  CONSTRAINT `fk_reservation_bus_info1` FOREIGN KEY (`bus_num`) REFERENCES `bus_info` (`bus_num`),
  CONSTRAINT `fk_reservation_bus_move_info1` FOREIGN KEY (`bus_move_info_seq`) REFERENCES `bus_move_info` (`seq`),
  CONSTRAINT `fk_reservation_userinfo1` FOREIGN KEY (`user_num`) REFERENCES `user_info` (`user_num`)
) ENGINE=InnoDB AUTO_INCREMENT=99 DEFAULT CHARSET=utf8mb4 COLLATE=utf8mb4_0900_ai_ci COMMENT='예매정보';
/*!40101 SET character_set_client = @saved_cs_client */;

--
-- Dumping data for table `reservation`
--

LOCK TABLES `reservation` WRITE;
/*!40000 ALTER TABLE `reservation` DISABLE KEYS */;
INSERT INTO `reservation` VALUES (13,'20221221142235rm00t20',2,32,'y','rm00t',1103,'p',26880,3,'seoul','r','2022-12-21 15:30:00','2022-12-21 14:22:35','0000-00-00 00:00:00'),(14,'20221221142235rm00t21',2,32,'y','rm00t',1103,'p',26880,6,'seoul','r','2022-12-21 15:30:00','2022-12-21 14:22:35','0000-00-00 00:00:00'),(15,'20221221142235rm00t22',2,32,'y','rm00t',1103,'p',26880,9,'seoul','r','2022-12-21 15:30:00','2022-12-21 14:22:35','0000-00-00 00:00:00'),(16,'20221221142317rm00t20',2,32,'y','rm00t',1103,'p',26880,1,'seoul','r','2022-12-21 15:30:00','2022-12-21 14:23:17','0000-00-00 00:00:00'),(17,'20221221142317rm00t21',2,32,'y','rm00t',1103,'p',26880,2,'seoul','r','2022-12-21 15:30:00','2022-12-21 14:23:17','0000-00-00 00:00:00'),(18,'20221221142317rm00t22',2,32,'y','rm00t',1103,'p',26880,4,'seoul','r','2022-12-21 15:30:00','2022-12-21 14:23:17','0000-00-00 00:00:00'),(19,'20221221142317rm00t23',2,32,'y','rm00t',1103,'p',26880,5,'seoul','r','2022-12-21 15:30:00','2022-12-21 14:23:17','0000-00-00 00:00:00'),(20,'20221221142317rm00t24',2,32,'y','rm00t',1103,'p',26880,7,'seoul','r','2022-12-21 15:30:00','2022-12-21 14:23:17','0000-00-00 00:00:00'),(21,'20221221142317rm00t25',2,32,'y','rm00t',1103,'p',26880,8,'seoul','r','2022-12-21 15:30:00','2022-12-21 14:23:17','0000-00-00 00:00:00'),(22,'20221221142317rm00t26',2,32,'y','rm00t',1103,'p',26880,10,'seoul','r','2022-12-21 15:30:00','2022-12-21 14:23:17','0000-00-00 00:00:00'),(23,'20221221142317rm00t27',2,32,'y','rm00t',1103,'p',26880,11,'seoul','r','2022-12-21 15:30:00','2022-12-21 14:23:17','0000-00-00 00:00:00'),(24,'20221221142317rm00t28',2,32,'y','rm00t',1103,'p',26880,12,'seoul','r','2022-12-21 15:30:00','2022-12-21 14:23:17','0000-00-00 00:00:00'),(25,'20221221142317rm00t29',2,32,'y','rm00t',1103,'p',26880,13,'seoul','r','2022-12-21 15:30:00','2022-12-21 14:23:17','0000-00-00 00:00:00'),(26,'20221221142317rm00t210',2,32,'y','rm00t',1103,'p',26880,14,'seoul','r','2022-12-21 15:30:00','2022-12-21 14:23:17','0000-00-00 00:00:00'),(27,'20221221142317rm00t211',2,32,'y','rm00t',1103,'p',26880,15,'seoul','r','2022-12-21 15:30:00','2022-12-21 14:23:17','0000-00-00 00:00:00'),(28,'20221221142317rm00t212',2,32,'y','rm00t',1103,'p',26880,16,'seoul','r','2022-12-21 15:30:00','2022-12-21 14:23:17','0000-00-00 00:00:00'),(29,'20221221142317rm00t213',2,32,'y','rm00t',1103,'p',26880,17,'seoul','r','2022-12-21 15:30:00','2022-12-21 14:23:17','0000-00-00 00:00:00'),(30,'20221221142317rm00t214',2,32,'y','rm00t',1103,'p',26880,18,'seoul','r','2022-12-21 15:30:00','2022-12-21 14:23:17','0000-00-00 00:00:00'),(31,'20221221142317rm00t215',2,32,'y','rm00t',1103,'p',26880,19,'seoul','r','2022-12-21 15:30:00','2022-12-21 14:23:17','0000-00-00 00:00:00'),(32,'20221221142317rm00t216',2,32,'y','rm00t',1103,'p',26880,20,'seoul','r','2022-12-21 15:30:00','2022-12-21 14:23:17','0000-00-00 00:00:00'),(33,'20221221142317rm00t217',2,32,'y','rm00t',1103,'p',26880,21,'seoul','r','2022-12-21 15:30:00','2022-12-21 14:23:17','0000-00-00 00:00:00'),(34,'20221221142317rm00t218',2,32,'y','rm00t',1103,'p',26880,22,'seoul','r','2022-12-21 15:30:00','2022-12-21 14:23:17','0000-00-00 00:00:00'),(35,'20221221142317rm00t219',2,32,'y','rm00t',1103,'p',26880,23,'seoul','r','2022-12-21 15:30:00','2022-12-21 14:23:17','0000-00-00 00:00:00'),(36,'20221221142317rm00t220',2,32,'y','rm00t',1103,'p',26880,24,'seoul','r','2022-12-21 15:30:00','2022-12-21 14:23:17','0000-00-00 00:00:00'),(37,'20221221142317rm00t221',2,32,'y','rm00t',1103,'p',26880,25,'seoul','r','2022-12-21 15:30:00','2022-12-21 14:23:17','0000-00-00 00:00:00'),(38,'20221221142317rm00t222',2,32,'y','rm00t',1103,'p',26880,26,'seoul','r','2022-12-21 15:30:00','2022-12-21 14:23:17','0000-00-00 00:00:00'),(39,'20221221142317rm00t223',2,32,'y','rm00t',1103,'p',26880,27,'seoul','r','2022-12-21 15:30:00','2022-12-21 14:23:17','0000-00-00 00:00:00'),(40,'20221221142317rm00t224',2,32,'y','rm00t',1103,'p',26880,28,'seoul','r','2022-12-21 15:30:00','2022-12-21 14:23:17','0000-00-00 00:00:00'),(98,'20221221142847rm00t30',3,33,'y','rm00t',1099,'h',21630,3,'seoul','r','2022-12-21 16:00:00','2022-12-21 14:28:47','0000-00-00 00:00:00');
/*!40000 ALTER TABLE `reservation` ENABLE KEYS */;
UNLOCK TABLES;

--
-- Table structure for table `thistory`
--

DROP TABLE IF EXISTS `thistory`;
/*!40101 SET @saved_cs_client     = @@character_set_client */;
/*!50503 SET character_set_client = utf8mb4 */;
CREATE TABLE `thistory` (
  `id` int NOT NULL AUTO_INCREMENT,
  `1_id` int NOT NULL,
  `2_id` int NOT NULL,
  `amount` decimal(19,4) NOT NULL,
  `date` datetime DEFAULT NULL,
  PRIMARY KEY (`id`)
) ENGINE=InnoDB AUTO_INCREMENT=2 DEFAULT CHARSET=utf8mb4 COLLATE=utf8mb4_0900_ai_ci;
/*!40101 SET character_set_client = @saved_cs_client */;

--
-- Dumping data for table `thistory`
--

LOCK TABLES `thistory` WRITE;
/*!40000 ALTER TABLE `thistory` DISABLE KEYS */;
/*!40000 ALTER TABLE `thistory` ENABLE KEYS */;
UNLOCK TABLES;

--
-- Table structure for table `user_account`
--

DROP TABLE IF EXISTS `user_account`;
/*!40101 SET @saved_cs_client     = @@character_set_client */;
/*!50503 SET character_set_client = utf8mb4 */;
CREATE TABLE `user_account` (
  `number` varchar(8) NOT NULL,
  `user_name` varchar(20) DEFAULT NULL,
  `balance` int DEFAULT NULL,
  PRIMARY KEY (`number`)
) ENGINE=InnoDB DEFAULT CHARSET=utf8mb4 COLLATE=utf8mb4_0900_ai_ci;
/*!40101 SET character_set_client = @saved_cs_client */;

--
-- Dumping data for table `user_account`
--

LOCK TABLES `user_account` WRITE;
/*!40000 ALTER TABLE `user_account` DISABLE KEYS */;
/*!40000 ALTER TABLE `user_account` ENABLE KEYS */;
UNLOCK TABLES;

--
-- Table structure for table `user_bank`
--

DROP TABLE IF EXISTS `user_bank`;
/*!40101 SET @saved_cs_client     = @@character_set_client */;
/*!50503 SET character_set_client = utf8mb4 */;
CREATE TABLE `user_bank` (
  `number` varchar(8) NOT NULL,
  `order_no` int NOT NULL,
  `date` date DEFAULT NULL,
  `bank_gb` varchar(1) DEFAULT NULL,
  `bankmoney` int DEFAULT NULL,
  `bank_info` varchar(20) DEFAULT NULL,
  PRIMARY KEY (`number`,`order_no`)
) ENGINE=InnoDB DEFAULT CHARSET=utf8mb4 COLLATE=utf8mb4_0900_ai_ci;
/*!40101 SET character_set_client = @saved_cs_client */;

--
-- Dumping data for table `user_bank`
--

LOCK TABLES `user_bank` WRITE;
/*!40000 ALTER TABLE `user_bank` DISABLE KEYS */;
/*!40000 ALTER TABLE `user_bank` ENABLE KEYS */;
UNLOCK TABLES;

--
-- Table structure for table `user_info`
--

DROP TABLE IF EXISTS `user_info`;
/*!40101 SET @saved_cs_client     = @@character_set_client */;
/*!50503 SET character_set_client = utf8mb4 */;
CREATE TABLE `user_info` (
  `user_num` int unsigned NOT NULL AUTO_INCREMENT COMMENT '유저번호',
  `user_name` varchar(20) NOT NULL COMMENT '유저 이름',
  `user_id` varchar(20) NOT NULL COMMENT '유저 아이디',
  `user_pw` varchar(20) NOT NULL COMMENT '유저 비밀번호',
  `user_phone` int NOT NULL COMMENT '전화번호',
  `user_email` varchar(50) NOT NULL COMMENT '이메일',
  `user_birth` date NOT NULL COMMENT '생일',
  `user_account` varchar(20) NOT NULL COMMENT '유저 출금 계좌',
  `user_account_num` int NOT NULL COMMENT '출금 계좌 번호',
  `last_login_day` datetime NOT NULL COMMENT '마지막 로그인 날짜',
  `reg_day` datetime NOT NULL COMMENT '가입 날짜',
  `status` char(1) DEFAULT 'n' COMMENT '회원 탈퇴 체크  y=탈퇴',
  PRIMARY KEY (`user_num`)
) ENGINE=InnoDB AUTO_INCREMENT=9 DEFAULT CHARSET=utf8mb4 COLLATE=utf8mb4_0900_ai_ci COMMENT='회원정보';
/*!40101 SET character_set_client = @saved_cs_client */;

--
-- Dumping data for table `user_info`
--

LOCK TABLES `user_info` WRITE;
/*!40000 ALTER TABLE `user_info` DISABLE KEYS */;
INSERT INTO `user_info` VALUES (1,'관리자','admin','123',1000000000,'admin@admin.com','2000-01-01','농협',2147483647,'2022-12-21 13:47:20','2022-12-21 13:43:32','n'),(2,'이현민','item1','123',1012345678,'item1@item.com','1998-02-09','농협',2147483647,'2022-12-21 14:19:22','2022-12-21 13:43:55','n'),(3,'김우연','item2','123',1023456789,'item2@item.com','1999-11-11','농협',4158641,'2022-12-21 14:27:59','2022-12-21 13:44:16','n'),(4,'김현우','item3','123',1022356678,'item3@item.com','1990-09-09','농협',458641563,'0000-00-00 00:00:00','2022-12-21 13:44:42','n'),(5,'조은아','item5','123',1066859965,'item5@item.com','1995-05-09','카카오뱅크',2147483647,'0000-00-00 00:00:00','2022-12-21 13:45:28','n'),(6,'오민주','item6','123',1022235555,'item6@item.com','1993-02-05','농협',45845616,'0000-00-00 00:00:00','2022-12-21 13:45:59','n'),(7,'유은지','item7','123',1099998888,'item7@item.com','1999-02-10','우리은행',48564516,'0000-00-00 00:00:00','2022-12-21 13:46:27','n'),(8,'소유림','item8','213',1033526699,'item8@item.com','1999-11-13','농협',4856454,'0000-00-00 00:00:00','2022-12-21 13:47:03','n');
/*!40000 ALTER TABLE `user_info` ENABLE KEYS */;
UNLOCK TABLES;

--
-- Table structure for table `user_mile_change_list`
--

DROP TABLE IF EXISTS `user_mile_change_list`;
/*!40101 SET @saved_cs_client     = @@character_set_client */;
/*!50503 SET character_set_client = utf8mb4 */;
CREATE TABLE `user_mile_change_list` (
  `seq` int unsigned NOT NULL AUTO_INCREMENT COMMENT '시퀀스',
  `user_num` int unsigned NOT NULL COMMENT '유저 번호',
  `account_code` char(5) NOT NULL COMMENT '장부코드',
  `trade_code` varchar(30) DEFAULT NULL COMMENT '거래 번호',
  `before_mile` int NOT NULL DEFAULT '0' COMMENT '이전 보유 마일리지',
  `change_mile` int NOT NULL DEFAULT '0' COMMENT '변동금액',
  `after_mile` int unsigned NOT NULL DEFAULT '0' COMMENT '현재 보유 마일리지',
  `change_text` varchar(50) DEFAULT '' COMMENT '변동이유',
  `chagne_day` datetime NOT NULL COMMENT '변동날짜',
  PRIMARY KEY (`seq`)
) ENGINE=InnoDB AUTO_INCREMENT=90 DEFAULT CHARSET=utf8mb4 COLLATE=utf8mb4_0900_ai_ci COMMENT='마일리지 변동내역';
/*!40101 SET character_set_client = @saved_cs_client */;

--
-- Dumping data for table `user_mile_change_list`
--

LOCK TABLES `user_mile_change_list` WRITE;
/*!40000 ALTER TABLE `user_mile_change_list` DISABLE KEYS */;
INSERT INTO `user_mile_change_list` VALUES (1,2,'ca01t','20221221141928ca01t2',0,900000,900000,'','2022-12-21 14:19:28'),(2,2,'rm00t','20221221142235rm00t20',900000,26880,873120,'','2022-12-21 14:22:35'),(3,2,'rm00t','20221221142235rm00t21',873120,26880,846240,'','2022-12-21 14:22:35'),(4,2,'rm00t','20221221142235rm00t22',846240,26880,819360,'','2022-12-21 14:22:35'),(5,2,'rm00t','20221221142317rm00t20',819360,26880,792480,'','2022-12-21 14:23:17'),(6,2,'rm00t','20221221142317rm00t21',792480,26880,765600,'','2022-12-21 14:23:17'),(7,2,'rm00t','20221221142317rm00t22',765600,26880,738720,'','2022-12-21 14:23:17'),(8,2,'rm00t','20221221142317rm00t23',738720,26880,711840,'','2022-12-21 14:23:17'),(9,2,'rm00t','20221221142317rm00t24',711840,26880,684960,'','2022-12-21 14:23:17'),(10,2,'rm00t','20221221142317rm00t25',684960,26880,658080,'','2022-12-21 14:23:17'),(11,2,'rm00t','20221221142317rm00t26',658080,26880,631200,'','2022-12-21 14:23:17'),(12,2,'rm00t','20221221142317rm00t27',631200,26880,604320,'','2022-12-21 14:23:17'),(13,2,'rm00t','20221221142317rm00t28',604320,26880,577440,'','2022-12-21 14:23:17'),(14,2,'rm00t','20221221142317rm00t29',577440,26880,550560,'','2022-12-21 14:23:17'),(15,2,'rm00t','20221221142317rm00t210',550560,26880,523680,'','2022-12-21 14:23:17'),(16,2,'rm00t','20221221142317rm00t211',523680,26880,496800,'','2022-12-21 14:23:17'),(17,2,'rm00t','20221221142317rm00t212',496800,26880,469920,'','2022-12-21 14:23:17'),(18,2,'rm00t','20221221142317rm00t213',469920,26880,443040,'','2022-12-21 14:23:17'),(19,2,'rm00t','20221221142317rm00t214',443040,26880,416160,'','2022-12-21 14:23:17'),(20,2,'rm00t','20221221142317rm00t215',416160,26880,389280,'','2022-12-21 14:23:17'),(21,2,'rm00t','20221221142317rm00t216',389280,26880,362400,'','2022-12-21 14:23:17'),(22,2,'rm00t','20221221142317rm00t217',362400,26880,335520,'','2022-12-21 14:23:17'),(23,2,'rm00t','20221221142317rm00t218',335520,26880,308640,'','2022-12-21 14:23:17'),(24,2,'rm00t','20221221142317rm00t219',308640,26880,281760,'','2022-12-21 14:23:17'),(25,2,'rm00t','20221221142317rm00t220',281760,26880,254880,'','2022-12-21 14:23:17'),(26,2,'rm00t','20221221142317rm00t221',254880,26880,228000,'','2022-12-21 14:23:17'),(27,2,'rm00t','20221221142317rm00t222',228000,26880,201120,'','2022-12-21 14:23:17'),(28,2,'rm00t','20221221142317rm00t223',201120,26880,174240,'','2022-12-21 14:23:17'),(29,2,'rm00t','20221221142317rm00t224',174240,26880,147360,'','2022-12-21 14:23:17'),(30,2,'ca01t','20221221142429ca01t2',147360,900000,1047360,'','2022-12-21 14:24:29'),(87,3,'ca01t','20221221142806ca01t3',0,900000,900000,'','2022-12-21 14:28:06'),(89,3,'rm00t','20221221142847rm00t30',900000,21630,878370,'','2022-12-21 14:28:47');
/*!40000 ALTER TABLE `user_mile_change_list` ENABLE KEYS */;
UNLOCK TABLES;

--
-- Table structure for table `user_mileage`
--

DROP TABLE IF EXISTS `user_mileage`;
/*!40101 SET @saved_cs_client     = @@character_set_client */;
/*!50503 SET character_set_client = utf8mb4 */;
CREATE TABLE `user_mileage` (
  `user_num` int NOT NULL COMMENT '유저 번호',
  `account_code` char(5) NOT NULL COMMENT '장부 코드',
  `own_mile` int unsigned NOT NULL DEFAULT '0' COMMENT '보유중인 마일리지',
  `change_day` datetime NOT NULL COMMENT '마지막 변동일',
  PRIMARY KEY (`user_num`,`account_code`)
) ENGINE=InnoDB DEFAULT CHARSET=utf8mb4 COLLATE=utf8mb4_0900_ai_ci COMMENT='사용자 마일리지';
/*!40101 SET character_set_client = @saved_cs_client */;

--
-- Dumping data for table `user_mileage`
--

LOCK TABLES `user_mileage` WRITE;
/*!40000 ALTER TABLE `user_mileage` DISABLE KEYS */;
INSERT INTO `user_mileage` VALUES (2,'ca01t',1047360,'2022-12-21 14:24:29'),(3,'ca01t',878370,'2022-12-21 14:28:47');
/*!40000 ALTER TABLE `user_mileage` ENABLE KEYS */;
UNLOCK TABLES;
/*!40103 SET TIME_ZONE=@OLD_TIME_ZONE */;

/*!40101 SET SQL_MODE=@OLD_SQL_MODE */;
/*!40014 SET FOREIGN_KEY_CHECKS=@OLD_FOREIGN_KEY_CHECKS */;
/*!40014 SET UNIQUE_CHECKS=@OLD_UNIQUE_CHECKS */;
/*!40101 SET CHARACTER_SET_CLIENT=@OLD_CHARACTER_SET_CLIENT */;
/*!40101 SET CHARACTER_SET_RESULTS=@OLD_CHARACTER_SET_RESULTS */;
/*!40101 SET COLLATION_CONNECTION=@OLD_COLLATION_CONNECTION */;
/*!40111 SET SQL_NOTES=@OLD_SQL_NOTES */;

-- Dump completed on 2022-12-22 16:12:42
