-- MySQL dump 10.13  Distrib 8.0.30, for Linux (x86_64)
--
-- Host: localhost    Database: dev_test
-- ------------------------------------------------------
-- Server version	8.0.30

/*!40101 SET @OLD_CHARACTER_SET_CLIENT=@@CHARACTER_SET_CLIENT */;
/*!40101 SET @OLD_CHARACTER_SET_RESULTS=@@CHARACTER_SET_RESULTS */;
/*!40101 SET @OLD_COLLATION_CONNECTION=@@COLLATION_CONNECTION */;
/*!50503 SET NAMES utf8mb4 */;
/*!40103 SET @OLD_TIME_ZONE=@@TIME_ZONE */;
/*!40103 SET TIME_ZONE='+00:00' */;
/*!40014 SET @OLD_UNIQUE_CHECKS=@@UNIQUE_CHECKS, UNIQUE_CHECKS=0 */;
/*!40014 SET @OLD_FOREIGN_KEY_CHECKS=@@FOREIGN_KEY_CHECKS, FOREIGN_KEY_CHECKS=0 */;
/*!40101 SET @OLD_SQL_MODE=@@SQL_MODE, SQL_MODE='NO_AUTO_VALUE_ON_ZERO' */;
/*!40111 SET @OLD_SQL_NOTES=@@SQL_NOTES, SQL_NOTES=0 */;

--
-- Table structure for table `account_book`
--

DROP TABLE IF EXISTS `account_book`;
/*!40101 SET @saved_cs_client     = @@character_set_client */;
/*!50503 SET character_set_client = utf8mb4 */;
CREATE TABLE `account_book` (
  `trade_code` varchar(30) NOT NULL COMMENT '거래 번호',
  `user_num` int unsigned NOT NULL COMMENT '유저번호',
  `user_id` varchar(20) NOT NULL COMMENT '유저아이디',
  `user_name` varchar(20) NOT NULL COMMENT '유저이름',
  `account_code` char(5) NOT NULL COMMENT '장부 코드',
  `trade_type` char(1) NOT NULL COMMENT '예매 = y, 예매취소 = n, , 충전 = c, 출금 = w',
  `payment_type` char(1) NOT NULL COMMENT '결제 방법 a=계좌 m=마일리지, p=모바일',
  `before_mile` int NOT NULL DEFAULT '0' COMMENT '변동 전 마일리지',
  `change_mile` int unsigned NOT NULL DEFAULT '0' COMMENT '변동 마일리지',
  `after_mile` int unsigned NOT NULL DEFAULT '0' COMMENT '변동 후 마일리지',
  `commission` int unsigned NOT NULL DEFAULT '0' COMMENT '수수료',
  `reg_day` datetime NOT NULL COMMENT '등록일',
  PRIMARY KEY (`trade_code`)
) ENGINE=InnoDB DEFAULT CHARSET=utf8mb4 COLLATE=utf8mb4_0900_ai_ci COMMENT='매출 장부';
/*!40101 SET character_set_client = @saved_cs_client */;

--
-- Dumping data for table `account_book`
--

LOCK TABLES `account_book` WRITE;
/*!40000 ALTER TABLE `account_book` DISABLE KEYS */;
INSERT INTO `account_book` VALUES ('20221219190033ca01t1',1,'item1','이현민','ca01t','c','a',0,450000,450000,50000,'2022-12-19 19:00:33'),('20221219190155ca02t1',1,'item1','이현민','ca02t','c','a',450000,900000,1350000,100000,'2022-12-19 19:01:55'),('20221219191133rm00t10',1,'item1','이현민','rm00t','r','m',1350000,26880,1323120,1280,'2022-12-19 19:11:33'),('20221219191133rm00t11',1,'item1','이현민','rm00t','r','m',1323120,26880,1296240,1280,'2022-12-19 19:11:33'),('20221219191133rm00t110',1,'item1','이현민','rm00t','r','m',1081200,26880,1054320,1280,'2022-12-19 19:11:33'),('20221219191133rm00t111',1,'item1','이현민','rm00t','r','m',1054320,26880,1027440,1280,'2022-12-19 19:11:33'),('20221219191133rm00t112',1,'item1','이현민','rm00t','r','m',1027440,26880,1000560,1280,'2022-12-19 19:11:33'),('20221219191133rm00t113',1,'item1','이현민','rm00t','r','m',1000560,26880,973680,1280,'2022-12-19 19:11:33'),('20221219191133rm00t114',1,'item1','이현민','rm00t','r','m',973680,26880,946800,1280,'2022-12-19 19:11:33'),('20221219191133rm00t115',1,'item1','이현민','rm00t','r','m',946800,26880,919920,1280,'2022-12-19 19:11:33'),('20221219191133rm00t116',1,'item1','이현민','rm00t','r','m',919920,26880,893040,1280,'2022-12-19 19:11:33'),('20221219191133rm00t117',1,'item1','이현민','rm00t','r','m',893040,26880,866160,1280,'2022-12-19 19:11:33'),('20221219191133rm00t118',1,'item1','이현민','rm00t','r','m',866160,26880,839280,1280,'2022-12-19 19:11:33'),('20221219191133rm00t119',1,'item1','이현민','rm00t','r','m',839280,26880,812400,1280,'2022-12-19 19:11:33'),('20221219191133rm00t12',1,'item1','이현민','rm00t','r','m',1296240,26880,1269360,1280,'2022-12-19 19:11:33'),('20221219191133rm00t120',1,'item1','이현민','rm00t','r','m',812400,26880,785520,1280,'2022-12-19 19:11:33'),('20221219191133rm00t121',1,'item1','이현민','rm00t','r','m',785520,26880,758640,1280,'2022-12-19 19:11:33'),('20221219191133rm00t122',1,'item1','이현민','rm00t','r','m',758640,26880,731760,1280,'2022-12-19 19:11:33'),('20221219191133rm00t123',1,'item1','이현민','rm00t','r','m',731760,26880,704880,1280,'2022-12-19 19:11:33'),('20221219191133rm00t124',1,'item1','이현민','rm00t','r','m',704880,26880,678000,1280,'2022-12-19 19:11:33'),('20221219191133rm00t125',1,'item1','이현민','rm00t','r','m',678000,26880,651120,1280,'2022-12-19 19:11:33'),('20221219191133rm00t126',1,'item1','이현민','rm00t','r','m',651120,26880,624240,1280,'2022-12-19 19:11:33'),('20221219191133rm00t127',1,'item1','이현민','rm00t','r','m',624240,26880,597360,1280,'2022-12-19 19:11:33'),('20221219191133rm00t13',1,'item1','이현민','rm00t','r','m',1269360,26880,1242480,1280,'2022-12-19 19:11:33'),('20221219191133rm00t14',1,'item1','이현민','rm00t','r','m',1242480,26880,1215600,1280,'2022-12-19 19:11:33'),('20221219191133rm00t15',1,'item1','이현민','rm00t','r','m',1215600,26880,1188720,1280,'2022-12-19 19:11:33'),('20221219191133rm00t16',1,'item1','이현민','rm00t','r','m',1188720,26880,1161840,1280,'2022-12-19 19:11:33'),('20221219191133rm00t17',1,'item1','이현민','rm00t','r','m',1161840,26880,1134960,1280,'2022-12-19 19:11:33'),('20221219191133rm00t18',1,'item1','이현민','rm00t','r','m',1134960,26880,1108080,1280,'2022-12-19 19:11:33'),('20221219191133rm00t19',1,'item1','이현민','rm00t','r','m',1108080,26880,1081200,1280,'2022-12-19 19:11:33'),('20221219191608ca01t6',6,'item6','김우연','ca01t','c','a',0,900000,900000,100000,'2022-12-19 19:16:08'),('20221219191619em00t6',6,'item6','김우연','em00t','e','m',900000,26880,873120,1280,'2022-12-19 19:17:23'),('20221219191723rm00f1',1,'item1','이현민','rm00f','r','m',597360,26880,624240,0,'2022-12-19 19:17:23'),('20221220095550rm00f6',6,'item6','김우연','rm00f','r','m',873120,25600,898720,0,'2022-12-20 09:55:50'),('20221220100641rm00f1',1,'item1','이현민','rm00f','r','m',624240,26880,651120,0,'2022-12-20 10:06:41'),('20221220101435rm00f1',1,'item1','이현민','rm00f','n','m',651120,26880,678000,1280,'2022-12-20 10:14:35'),('20221220101435rm00t10',1,'item1','이현민','rm00t','r','m',678000,21630,656370,1030,'2022-12-20 10:14:35'),('20221220101535rm00t10',1,'item1','이현민','rm00t','r','m',656370,26880,629490,1280,'2022-12-20 10:15:35'),('20221220101535rm00t11',1,'item1','이현민','rm00t','r','m',629490,26880,602610,1280,'2022-12-20 10:15:35'),('20221220101535rm00t12',1,'item1','이현민','rm00t','r','m',602610,26880,575730,1280,'2022-12-20 10:15:35'),('20221220102355rm00f1',1,'item1','이현민','rm00f','n','m',575730,26880,602610,1280,'2022-12-20 10:23:55'),('20221220102355rm00t10',1,'item1','이현민','rm00t','r','m',602610,26880,575730,1280,'2022-12-20 10:23:55'),('20221220113307rm00f1',1,'item1','이현민','rm00f','n','m',575730,25600,601330,1280,'2022-12-20 11:33:07'),('20221220113307rm00t10',1,'item1','이현민','rm00t','r','m',601330,26880,574450,1280,'2022-12-20 11:33:07'),('20221220115316rm00t10',1,'item1','이현민','rm00t','r','m',574450,16380,558070,780,'2022-12-20 11:53:16'),('20221220120712rm00t60',6,'item6','김우연','rm00t','r','m',898720,26880,871840,1280,'2022-12-20 12:07:12'),('20221220120712rm00t61',6,'item6','김우연','rm00t','r','m',871840,26880,844960,1280,'2022-12-20 12:07:12'),('20221220120712rm00t62',6,'item6','김우연','rm00t','r','m',844960,26880,818080,1280,'2022-12-20 12:07:12'),('20221220124556rm00f6',6,'item6','김우연','rm00f','r','m',818080,26880,844960,0,'2022-12-20 12:45:56'),('20221220124600rm00f6',6,'item6','김우연','rm00f','r','m',844960,26880,871840,0,'2022-12-20 12:46:00'),('20221220131205rm00t60',6,'item6','김우연','rm00t','r','m',871840,16380,855460,780,'2022-12-20 13:12:05'),('20221220131228rm00t60',6,'item6','김우연','rm00t','r','m',855460,26880,828580,1280,'2022-12-20 13:12:28'),('20221220131313rm00f6',6,'item6','김우연','rm00f','r','m',828580,26240,854820,640,'2022-12-20 13:13:13'),('20221220131603rm00f6',6,'item6','김우연','rm00f','r','m',854820,11466,866286,4914,'2022-12-20 13:16:03'),('20221220132423rm00t60',6,'item6','김우연','rm00t','r','m',866286,16380,849906,780,'2022-12-20 13:24:23'),('20221220132445rm00t60',6,'item6','김우연','rm00t','r','m',849906,16695,833211,795,'2022-12-20 13:24:45'),('20221220132445rm00t61',6,'item6','김우연','rm00t','r','m',833211,16695,816516,795,'2022-12-20 13:24:45'),('20221220132445rm00t62',6,'item6','김우연','rm00t','r','m',816516,16695,799821,795,'2022-12-20 13:24:45'),('20221220133005rm00f6',6,'item6','김우연','rm00f','r','m',799821,8348,808169,8347,'2022-12-20 13:30:05'),('20221220133051rm00f6',6,'item6','김우연','rm00f','r','m',808169,8348,816517,8347,'2022-12-20 13:30:51'),('20221220133622rm00t60',6,'item6','김우연','rm00t','r','m',816517,16380,800137,780,'2022-12-20 13:36:22'),('20221220133622rm00t61',6,'item6','김우연','rm00t','r','m',800137,16380,783757,780,'2022-12-20 13:36:22'),('20221220133622rm00t62',6,'item6','김우연','rm00t','r','m',783757,16380,767377,780,'2022-12-20 13:36:22'),('20221220133630rm00f6',6,'item6','김우연','rm00f','r','m',767377,11466,778843,4914,'2022-12-20 13:36:30'),('20221220140819rm00t60',6,'item6','김우연','rm00t','r','m',778843,21630,757213,1030,'2022-12-20 14:08:19'),('20221220140819rm00t61',6,'item6','김우연','rm00t','r','m',757213,21630,735583,1030,'2022-12-20 14:08:19'),('20221220140819rm00t610',6,'item6','김우연','rm00t','r','m',562543,21630,540913,1030,'2022-12-20 14:08:19'),('20221220140819rm00t611',6,'item6','김우연','rm00t','r','m',540913,21630,519283,1030,'2022-12-20 14:08:19'),('20221220140819rm00t612',6,'item6','김우연','rm00t','r','m',519283,21630,497653,1030,'2022-12-20 14:08:19'),('20221220140819rm00t613',6,'item6','김우연','rm00t','r','m',497653,21630,476023,1030,'2022-12-20 14:08:19'),('20221220140819rm00t614',6,'item6','김우연','rm00t','r','m',476023,21630,454393,1030,'2022-12-20 14:08:19'),('20221220140819rm00t615',6,'item6','김우연','rm00t','r','m',454393,21630,432763,1030,'2022-12-20 14:08:19'),('20221220140819rm00t616',6,'item6','김우연','rm00t','r','m',432763,21630,411133,1030,'2022-12-20 14:08:19'),('20221220140819rm00t617',6,'item6','김우연','rm00t','r','m',411133,21630,389503,1030,'2022-12-20 14:08:19'),('20221220140819rm00t618',6,'item6','김우연','rm00t','r','m',389503,21630,367873,1030,'2022-12-20 14:08:19'),('20221220140819rm00t619',6,'item6','김우연','rm00t','r','m',367873,21630,346243,1030,'2022-12-20 14:08:19'),('20221220140819rm00t62',6,'item6','김우연','rm00t','r','m',735583,21630,713953,1030,'2022-12-20 14:08:19'),('20221220140819rm00t620',6,'item6','김우연','rm00t','r','m',346243,21630,324613,1030,'2022-12-20 14:08:19'),('20221220140819rm00t621',6,'item6','김우연','rm00t','r','m',324613,21630,302983,1030,'2022-12-20 14:08:19'),('20221220140819rm00t622',6,'item6','김우연','rm00t','r','m',302983,21630,281353,1030,'2022-12-20 14:08:19'),('20221220140819rm00t623',6,'item6','김우연','rm00t','r','m',281353,21630,259723,1030,'2022-12-20 14:08:19'),('20221220140819rm00t624',6,'item6','김우연','rm00t','r','m',259723,21630,238093,1030,'2022-12-20 14:08:19'),('20221220140819rm00t625',6,'item6','김우연','rm00t','r','m',238093,21630,216463,1030,'2022-12-20 14:08:19'),('20221220140819rm00t626',6,'item6','김우연','rm00t','r','m',216463,21630,194833,1030,'2022-12-20 14:08:19'),('20221220140819rm00t627',6,'item6','김우연','rm00t','r','m',194833,21630,173203,1030,'2022-12-20 14:08:19'),('20221220140819rm00t63',6,'item6','김우연','rm00t','r','m',713953,21630,692323,1030,'2022-12-20 14:08:19'),('20221220140819rm00t64',6,'item6','김우연','rm00t','r','m',692323,21630,670693,1030,'2022-12-20 14:08:19'),('20221220140819rm00t65',6,'item6','김우연','rm00t','r','m',670693,21630,649063,1030,'2022-12-20 14:08:19'),('20221220140819rm00t66',6,'item6','김우연','rm00t','r','m',649063,21630,627433,1030,'2022-12-20 14:08:19'),('20221220140819rm00t67',6,'item6','김우연','rm00t','r','m',627433,21630,605803,1030,'2022-12-20 14:08:19'),('20221220140819rm00t68',6,'item6','김우연','rm00t','r','m',605803,21630,584173,1030,'2022-12-20 14:08:19'),('20221220140819rm00t69',6,'item6','김우연','rm00t','r','m',584173,21630,562543,1030,'2022-12-20 14:08:19'),('20221220141028ca01t6',6,'item6','김우연','ca01t','c','a',173203,5400,178603,600,'2022-12-20 14:10:28'),('20221220141033ca02t6',6,'item6','김우연','ca02t','c','a',178603,13500,192103,1500,'2022-12-20 14:10:33'),('20221220141037ca03t6',6,'item6','김우연','ca03t','c','a',192103,27000,219103,3000,'2022-12-20 14:10:37'),('20221220141045wa01t6',6,'item6','김우연','wa01t','w','a',219103,10000,209103,1000,'2022-12-20 14:10:45'),('20221220141049wa02t6',6,'item6','김우연','wa02t','w','a',209103,6000,203103,1000,'2022-12-20 14:10:49'),('20221220141053ca02t6',6,'item6','김우연','ca02t','c','a',203103,8100,211203,900,'2022-12-20 14:10:53'),('20221220141057wa03t6',6,'item6','김우연','wa03t','w','a',211203,10000,201203,1000,'2022-12-20 14:10:57'),('20221220142033rm00t10',1,'item1','이현민','rm00t','r','m',558070,26880,531190,1280,'2022-12-20 14:20:33'),('20221220142113rm00t10',1,'item1','이현민','rm00t','r','m',531190,26880,504310,1280,'2022-12-20 14:21:13'),('20221220143319rm00t10',1,'item1','이현민','rm00t','r','m',504310,21945,482365,1045,'2022-12-20 14:33:19'),('20221220145403rm00t10',1,'item1','이현민','rm00t','r','m',482365,26880,455485,1280,'2022-12-20 14:54:03'),('20221220145403rm00t11',1,'item1','이현민','rm00t','r','m',455485,26880,428605,1280,'2022-12-20 14:54:03'),('20221220145403rm00t12',1,'item1','이현민','rm00t','r','m',428605,26880,401725,1280,'2022-12-20 14:54:03'),('20221220145429em00t1',1,'item1','이현민','em00t','e','m',428605,26880,401725,1280,'2022-12-20 14:54:46'),('20221220145446rm00f1',1,'item1','이현민','rm00f','r','m',401725,26880,428605,0,'2022-12-20 14:54:46'),('20221220145530rm00f1',1,'item1','이현민','rm00f','r','m',401725,25600,427325,0,'2022-12-20 14:55:30'),('20221220150056rm00f1',1,'item1','이현민','rm00f','r','m',427325,26880,454205,0,'2022-12-20 15:00:56'),('20221220150351rm00f1',1,'item1','이현민','rm00f','r','m',454205,26880,481085,0,'2022-12-20 15:03:51'),('20221220155558ca01t8',8,'item8','진주영','ca01t','c','a',0,81000,81000,9000,'2022-12-20 15:55:58'),('20221220155603ca02t8',8,'item8','진주영','ca02t','c','a',81000,45000,126000,5000,'2022-12-20 15:56:03'),('20221220155607ca02t8',8,'item8','진주영','ca02t','c','a',126000,63000,189000,7000,'2022-12-20 15:56:07'),('20221220155611wa01t8',8,'item8','진주영','wa01t','w','a',189000,4000,185000,1000,'2022-12-20 15:56:11'),('20221220155618wa02t8',8,'item8','진주영','wa02t','w','a',185000,21000,164000,1000,'2022-12-20 15:56:18'),('20221220155622wa03t8',8,'item8','진주영','wa03t','w','a',164000,8000,156000,1000,'2022-12-20 15:56:22'),('20221220160329rm00t60',6,'item6','김우연','rm00t','r','m',201203,16380,184823,780,'2022-12-20 16:03:29'),('20221220160329rm00t61',6,'item6','김우연','rm00t','r','m',184823,16380,168443,780,'2022-12-20 16:03:29'),('20221220160329rm00t62',6,'item6','김우연','rm00t','r','m',168443,16380,152063,780,'2022-12-20 16:03:29'),('20221220162625rm00f6',6,'item6','김우연','rm00f','n','m',152063,16380,168443,780,'2022-12-20 16:26:25'),('20221220162625rm00t60',6,'item6','김우연','rm00t','r','m',168443,26880,141563,1280,'2022-12-20 16:26:25'),('20221220165949ca01t6',6,'item6','김우연','ca01t','c','a',141563,900000,1041563,100000,'2022-12-20 16:59:49'),('20221220170007rm00t60',6,'item6','김우연','rm00t','r','m',1041563,26880,1014683,1280,'2022-12-20 17:00:07'),('20221220170007rm00t61',6,'item6','김우연','rm00t','r','m',1014683,26880,987803,1280,'2022-12-20 17:00:07'),('20221220170007rm00t62',6,'item6','김우연','rm00t','r','m',987803,26880,960923,1280,'2022-12-20 17:00:07'),('20221220170919rm00f6',6,'item6','김우연','rm00f','n','m',960923,26880,987803,1280,'2022-12-20 17:09:19'),('20221220170919rm00t60',6,'item6','김우연','rm00t','r','m',987803,26880,960923,1280,'2022-12-20 17:09:19'),('20221220171128rm00f6',6,'item6','김우연','rm00f','n','m',960923,25600,986523,1280,'2022-12-20 17:11:28'),('20221220171128rm00t60',6,'item6','김우연','rm00t','r','m',986523,26880,959643,1280,'2022-12-20 17:11:28'),('20221220171142rm00f6',6,'item6','김우연','rm00f','r','m',959643,25600,985243,0,'2022-12-20 17:11:42');
/*!40000 ALTER TABLE `account_book` ENABLE KEYS */;
UNLOCK TABLES;

--
-- Table structure for table `account_code_info`
--

DROP TABLE IF EXISTS `account_code_info`;
/*!40101 SET @saved_cs_client     = @@character_set_client */;
/*!50503 SET character_set_client = utf8mb4 */;
CREATE TABLE `account_code_info` (
  `type1` char(1) NOT NULL COMMENT 'step1 - c=충전, w=출금, r=예매, e=예매예약\n\n',
  `type2` char(1) NOT NULL COMMENT 'a=계좌, m=마일리지, p=핸드폰',
  `type3` char(2) NOT NULL COMMENT 'step3 00=일반, 01=농협, 02=우리은행 03=카카오뱅크, 05=이벤트',
  `type4` char(1) NOT NULL COMMENT 'a=완료 c=취소',
  `type1_comment` varchar(30) NOT NULL COMMENT 'type1 코멘트',
  `type2_comment` varchar(30) NOT NULL COMMENT 'type2 코멘트',
  `type3_comment` varchar(30) NOT NULL COMMENT 'type3 코멘트',
  `type4_comment` varchar(30) NOT NULL COMMENT 'tpye4 코멘트',
  PRIMARY KEY (`type1`,`type2`,`type3`,`type4`)
) ENGINE=InnoDB DEFAULT CHARSET=utf8mb4 COLLATE=utf8mb4_0900_ai_ci COMMENT='장부 코드';
/*!40101 SET character_set_client = @saved_cs_client */;

--
-- Dumping data for table `account_code_info`
--

LOCK TABLES `account_code_info` WRITE;
/*!40000 ALTER TABLE `account_code_info` DISABLE KEYS */;
INSERT INTO `account_code_info` VALUES ('c','a','01','t','충전','계좌','농협','완료'),('c','a','02','t','충전','계좌','우리은행','완료'),('c','a','03','t','충전','계좌','카카오뱅크','완료'),('c','m','00','t','충전','마일리지','일반','완료'),('c','m','05','t','충전','마일리지','이벤트','완료'),('c','p','00','t','충전','핸드폰','일반','완료'),('e','a','01','f','예약','계좌','농협','취소'),('e','a','01','t','예약','계좌','농협','완료'),('e','a','02','f','예약','계좌','우리은행','취소'),('e','a','02','t','예약','계좌','우리은행','완료'),('e','a','03','f','예약','계좌','카카오뱅크','취소'),('e','a','03','t','예약','계좌','카카오뱅크','완료'),('e','m','00','f','예약','마일리지','일반','취소'),('e','m','00','t','예약','마일리지','일반','완료'),('e','m','05','f','예약','마일리지','이벤트','취소'),('e','m','05','t','예약','마일리지','이벤트','완료'),('r','a','01','f','예매','계좌','농협','취소'),('r','a','01','t','예매','계좌','농협','완료'),('r','a','02','f','예매','계좌','우리은행','취소'),('r','a','02','t','예매','계좌','우리은행','완료'),('r','a','03','f','예매','계좌','카카오뱅크','취소'),('r','a','03','t','예매','계좌','카카오뱅크','완료'),('r','m','00','f','예매','마일리지','일반','취소'),('r','m','00','t','예매','마일리지','일반','완료'),('r','m','05','f','예매','마일리지','이벤트','취소'),('r','m','05','t','예매','마일리지','이벤트','완료'),('w','a','01','t','출금','계좌','농협','완료'),('w','a','02','t','출금','계좌','우리은행','완료'),('w','a','03','t','출금','계좌','카카오뱅크','완료');
/*!40000 ALTER TABLE `account_code_info` ENABLE KEYS */;
UNLOCK TABLES;

--
-- Table structure for table `accum_mile`
--

DROP TABLE IF EXISTS `accum_mile`;
/*!40101 SET @saved_cs_client     = @@character_set_client */;
/*!50503 SET character_set_client = utf8mb4 */;
CREATE TABLE `accum_mile` (
  `seq` int unsigned NOT NULL AUTO_INCREMENT COMMENT '시퀀스',
  `user_num` int NOT NULL COMMENT '유저 번호',
  `account_code` char(5) NOT NULL COMMENT '장부코드',
  `accum_mile` int unsigned NOT NULL DEFAULT '0' COMMENT '적립 마일리지',
  `after_mile` int unsigned NOT NULL DEFAULT '0' COMMENT '적립 후 마일리지',
  `reg_day` datetime NOT NULL COMMENT '첫 등록일',
  `change_day` datetime DEFAULT '0000-00-00 00:00:00' COMMENT '마지막 변동일',
  PRIMARY KEY (`seq`)
) ENGINE=InnoDB AUTO_INCREMENT=69 DEFAULT CHARSET=utf8mb4 COLLATE=utf8mb4_0900_ai_ci COMMENT='적립 테이블';
/*!40101 SET character_set_client = @saved_cs_client */;

--
-- Dumping data for table `accum_mile`
--

LOCK TABLES `accum_mile` WRITE;
/*!40000 ALTER TABLE `accum_mile` DISABLE KEYS */;
INSERT INTO `accum_mile` VALUES (1,1,'ca01t',450000,0,'2022-12-19 19:00:33','2022-12-19 19:11:33'),(2,1,'ca02t',900000,263355,'2022-12-19 19:01:55','2022-12-20 14:54:46'),(3,6,'ca01t',900000,0,'2022-12-19 19:16:08','2022-12-20 16:03:29'),(4,1,'rm00f',26880,26880,'2022-12-19 19:17:23','0000-00-00 00:00:00'),(11,6,'rm00f',25600,0,'2022-12-20 09:55:50','2022-12-20 16:03:29'),(12,1,'rm00f',26880,26880,'2022-12-20 10:06:41','0000-00-00 00:00:00'),(16,1,'rm00f',26880,26880,'2022-12-20 10:14:35','0000-00-00 00:00:00'),(42,1,'rm00f',26880,26880,'2022-12-20 10:23:55','0000-00-00 00:00:00'),(43,1,'rm00f',25600,25600,'2022-12-20 11:33:07','0000-00-00 00:00:00'),(44,6,'rm00f',26880,0,'2022-12-20 12:45:56','2022-12-20 16:26:25'),(45,6,'rm00f',26880,0,'2022-12-20 12:46:00','2022-12-20 17:00:07'),(46,6,'rm00f',26240,0,'2022-12-20 13:13:13','2022-12-20 17:00:07'),(47,6,'rm00f',11466,0,'2022-12-20 13:16:03','2022-12-20 17:00:07'),(50,6,'rm00f',8348,0,'2022-12-20 13:30:05','2022-12-20 17:00:07'),(51,6,'rm00f',8348,0,'2022-12-20 13:30:51','2022-12-20 17:00:07'),(52,6,'rm00f',11466,0,'2022-12-20 13:36:30','2022-12-20 17:00:07'),(53,6,'ca01t',5400,0,'2022-12-20 14:10:28','2022-12-20 17:00:07'),(54,6,'ca02t',13500,0,'2022-12-20 14:10:33','2022-12-20 17:09:19'),(55,6,'ca03t',27000,0,'2022-12-20 14:10:37','2022-12-20 17:11:28'),(56,6,'ca02t',8100,0,'2022-12-20 14:10:53','2022-12-20 17:11:28'),(57,1,'rm00f',26880,26880,'2022-12-20 14:54:46','0000-00-00 00:00:00'),(58,1,'rm00f',25600,25600,'2022-12-20 14:55:30','0000-00-00 00:00:00'),(59,1,'rm00f',26880,26880,'2022-12-20 15:00:56','0000-00-00 00:00:00'),(60,1,'rm00f',26880,26880,'2022-12-20 15:03:51','0000-00-00 00:00:00'),(61,8,'ca01t',81000,48000,'2022-12-20 15:55:58','2022-12-20 15:56:22'),(62,8,'ca02t',45000,45000,'2022-12-20 15:56:03','0000-00-00 00:00:00'),(63,8,'ca02t',63000,63000,'2022-12-20 15:56:07','0000-00-00 00:00:00'),(64,6,'rm00f',16380,7163,'2022-12-20 16:26:25','2022-12-20 17:11:28'),(65,6,'ca01t',900000,900000,'2022-12-20 16:59:49','0000-00-00 00:00:00'),(66,6,'rm00f',26880,26880,'2022-12-20 17:09:19','0000-00-00 00:00:00'),(67,6,'rm00f',25600,25600,'2022-12-20 17:11:28','0000-00-00 00:00:00'),(68,6,'rm00f',25600,25600,'2022-12-20 17:11:42','0000-00-00 00:00:00');
/*!40000 ALTER TABLE `accum_mile` ENABLE KEYS */;
UNLOCK TABLES;

--
-- Table structure for table `accum_mile_log`
--

DROP TABLE IF EXISTS `accum_mile_log`;
/*!40101 SET @saved_cs_client     = @@character_set_client */;
/*!50503 SET character_set_client = utf8mb4 */;
CREATE TABLE `accum_mile_log` (
  `seq` int unsigned NOT NULL AUTO_INCREMENT COMMENT '시퀀스',
  `accum_mile_seq` int unsigned NOT NULL COMMENT '적립 리스트 테이블 시퀀스',
  `user_num` int NOT NULL COMMENT '유저 번호',
  `account_code` char(5) NOT NULL COMMENT '장부코드',
  `trade_code` varchar(30) DEFAULT NULL COMMENT '거래 번호',
  `accum_mile` int unsigned NOT NULL COMMENT '적립 마일리지',
  `trade_type` char(1) DEFAULT NULL COMMENT 'c=충전, e=예약, r=예매, w=출금',
  `reg_day` datetime NOT NULL COMMENT '마일리지 적립일',
  PRIMARY KEY (`seq`)
) ENGINE=InnoDB AUTO_INCREMENT=182 DEFAULT CHARSET=utf8mb4 COLLATE=utf8mb4_0900_ai_ci COMMENT='적립 로그';
/*!40101 SET character_set_client = @saved_cs_client */;

--
-- Dumping data for table `accum_mile_log`
--

LOCK TABLES `accum_mile_log` WRITE;
/*!40000 ALTER TABLE `accum_mile_log` DISABLE KEYS */;
INSERT INTO `accum_mile_log` VALUES (1,1,1,'ca01t','20221219190033ca01t1',450000,'c','2022-12-19 19:00:33'),(2,2,1,'ca02t','20221219190155ca02t1',900000,'c','2022-12-19 19:01:55'),(3,1,1,'rm00t','20221219191133rm00t10',26880,'r','2022-12-19 19:11:33'),(4,1,1,'rm00t','20221219191133rm00t11',26880,'r','2022-12-19 19:11:33'),(5,1,1,'rm00t','20221219191133rm00t12',26880,'r','2022-12-19 19:11:33'),(6,1,1,'rm00t','20221219191133rm00t13',26880,'r','2022-12-19 19:11:33'),(7,1,1,'rm00t','20221219191133rm00t14',26880,'r','2022-12-19 19:11:33'),(8,1,1,'rm00t','20221219191133rm00t15',26880,'r','2022-12-19 19:11:33'),(9,1,1,'rm00t','20221219191133rm00t16',26880,'r','2022-12-19 19:11:33'),(10,1,1,'rm00t','20221219191133rm00t17',26880,'r','2022-12-19 19:11:33'),(11,1,1,'rm00t','20221219191133rm00t18',26880,'r','2022-12-19 19:11:33'),(12,1,1,'rm00t','20221219191133rm00t19',26880,'r','2022-12-19 19:11:33'),(13,1,1,'rm00t','20221219191133rm00t110',26880,'r','2022-12-19 19:11:33'),(14,1,1,'rm00t','20221219191133rm00t111',26880,'r','2022-12-19 19:11:33'),(15,1,1,'rm00t','20221219191133rm00t112',26880,'r','2022-12-19 19:11:33'),(16,1,1,'rm00t','20221219191133rm00t113',26880,'r','2022-12-19 19:11:33'),(17,1,1,'rm00t','20221219191133rm00t114',26880,'r','2022-12-19 19:11:33'),(18,1,1,'rm00t','20221219191133rm00t115',26880,'r','2022-12-19 19:11:33'),(19,1,1,'rm00t','20221219191133rm00t116',19920,'r','2022-12-19 19:11:33'),(20,2,1,'rm00t','20221219191133rm00t116',6960,'r','2022-12-19 19:11:33'),(21,2,1,'rm00t','20221219191133rm00t117',26880,'r','2022-12-19 19:11:33'),(22,2,1,'rm00t','20221219191133rm00t118',26880,'r','2022-12-19 19:11:33'),(23,2,1,'rm00t','20221219191133rm00t119',26880,'r','2022-12-19 19:11:33'),(24,2,1,'rm00t','20221219191133rm00t120',26880,'r','2022-12-19 19:11:33'),(25,2,1,'rm00t','20221219191133rm00t121',26880,'r','2022-12-19 19:11:33'),(26,2,1,'rm00t','20221219191133rm00t122',26880,'r','2022-12-19 19:11:33'),(27,2,1,'rm00t','20221219191133rm00t123',26880,'r','2022-12-19 19:11:33'),(28,2,1,'rm00t','20221219191133rm00t124',26880,'r','2022-12-19 19:11:33'),(29,2,1,'rm00t','20221219191133rm00t125',26880,'r','2022-12-19 19:11:33'),(30,2,1,'rm00t','20221219191133rm00t126',26880,'r','2022-12-19 19:11:33'),(31,2,1,'rm00t','20221219191133rm00t127',26880,'r','2022-12-19 19:11:33'),(32,3,6,'ca01t','20221219191608ca01t6',900000,'c','2022-12-19 19:16:08'),(33,4,1,'rm00f','20221219191723rm00f1',26880,'r','2022-12-19 19:17:23'),(34,3,6,'em00t','20221219191619em00t6',26880,'e','2022-12-19 19:17:23'),(41,11,6,'rm00f','20221220095550rm00f6',25600,'r','2022-12-20 09:55:50'),(42,12,1,'rm00f','20221220100641rm00f1',26880,'r','2022-12-20 10:06:41'),(46,16,1,'rm00f','20221220101435rm00f1',26880,'n','2022-12-20 10:14:35'),(47,2,1,'rm00t','20221220101535rm00t10',26880,'r','2022-12-20 10:15:35'),(48,2,1,'rm00t','20221220101535rm00t11',26880,'r','2022-12-20 10:15:35'),(49,2,1,'rm00t','20221220101535rm00t12',26880,'r','2022-12-20 10:15:35'),(77,42,1,'rm00f','20221220102355rm00f1',26880,'n','2022-12-20 10:23:55'),(78,2,1,'rm00t','20221220102355rm00t10',26880,'r','2022-12-20 10:23:55'),(79,43,1,'rm00f','20221220113307rm00f1',25600,'n','2022-12-20 11:33:07'),(80,2,1,'rm00t','20221220113307rm00t10',26880,'r','2022-12-20 11:33:07'),(81,2,1,'rm00t','20221220115316rm00t10',16380,'r','2022-12-20 11:53:16'),(82,3,6,'rm00t','20221220120712rm00t60',26880,'r','2022-12-20 12:07:12'),(83,3,6,'rm00t','20221220120712rm00t61',26880,'r','2022-12-20 12:07:12'),(84,3,6,'rm00t','20221220120712rm00t62',26880,'r','2022-12-20 12:07:12'),(85,44,6,'rm00f','20221220124556rm00f6',26880,'r','2022-12-20 12:45:56'),(86,45,6,'rm00f','20221220124600rm00f6',26880,'r','2022-12-20 12:46:00'),(87,3,6,'rm00t','20221220131205rm00t60',16380,'r','2022-12-20 13:12:05'),(88,3,6,'rm00t','20221220131228rm00t60',26880,'r','2022-12-20 13:12:28'),(89,46,6,'rm00f','20221220131313rm00f6',26240,'r','2022-12-20 13:13:13'),(90,47,6,'rm00f','20221220131603rm00f6',11466,'r','2022-12-20 13:16:03'),(91,3,6,'rm00t','20221220132423rm00t60',16380,'r','2022-12-20 13:24:23'),(92,3,6,'rm00t','20221220132445rm00t60',16695,'r','2022-12-20 13:24:45'),(93,3,6,'rm00t','20221220132445rm00t61',16695,'r','2022-12-20 13:24:45'),(94,3,6,'rm00t','20221220132445rm00t62',16695,'r','2022-12-20 13:24:45'),(97,50,6,'rm00f','20221220133005rm00f6',8348,'r','2022-12-20 13:30:05'),(98,51,6,'rm00f','20221220133051rm00f6',8348,'r','2022-12-20 13:30:51'),(99,3,6,'rm00t','20221220133622rm00t60',16380,'r','2022-12-20 13:36:22'),(100,3,6,'rm00t','20221220133622rm00t61',16380,'r','2022-12-20 13:36:22'),(101,3,6,'rm00t','20221220133622rm00t62',16380,'r','2022-12-20 13:36:22'),(102,52,6,'rm00f','20221220133630rm00f6',11466,'r','2022-12-20 13:36:30'),(103,3,6,'rm00t','20221220140819rm00t60',21630,'r','2022-12-20 14:08:19'),(104,3,6,'rm00t','20221220140819rm00t61',21630,'r','2022-12-20 14:08:19'),(105,3,6,'rm00t','20221220140819rm00t62',21630,'r','2022-12-20 14:08:19'),(106,3,6,'rm00t','20221220140819rm00t63',21630,'r','2022-12-20 14:08:19'),(107,3,6,'rm00t','20221220140819rm00t64',21630,'r','2022-12-20 14:08:19'),(108,3,6,'rm00t','20221220140819rm00t65',21630,'r','2022-12-20 14:08:19'),(109,3,6,'rm00t','20221220140819rm00t66',21630,'r','2022-12-20 14:08:19'),(110,3,6,'rm00t','20221220140819rm00t67',21630,'r','2022-12-20 14:08:19'),(111,3,6,'rm00t','20221220140819rm00t68',21630,'r','2022-12-20 14:08:19'),(112,3,6,'rm00t','20221220140819rm00t69',21630,'r','2022-12-20 14:08:19'),(113,3,6,'rm00t','20221220140819rm00t610',21630,'r','2022-12-20 14:08:19'),(114,3,6,'rm00t','20221220140819rm00t611',21630,'r','2022-12-20 14:08:19'),(115,3,6,'rm00t','20221220140819rm00t612',21630,'r','2022-12-20 14:08:19'),(116,3,6,'rm00t','20221220140819rm00t613',21630,'r','2022-12-20 14:08:19'),(117,3,6,'rm00t','20221220140819rm00t614',21630,'r','2022-12-20 14:08:19'),(118,3,6,'rm00t','20221220140819rm00t615',21630,'r','2022-12-20 14:08:19'),(119,3,6,'rm00t','20221220140819rm00t616',21630,'r','2022-12-20 14:08:19'),(120,3,6,'rm00t','20221220140819rm00t617',21630,'r','2022-12-20 14:08:19'),(121,3,6,'rm00t','20221220140819rm00t618',21630,'r','2022-12-20 14:08:19'),(122,3,6,'rm00t','20221220140819rm00t619',21630,'r','2022-12-20 14:08:19'),(123,3,6,'rm00t','20221220140819rm00t620',21630,'r','2022-12-20 14:08:19'),(124,3,6,'rm00t','20221220140819rm00t621',21630,'r','2022-12-20 14:08:19'),(125,3,6,'rm00t','20221220140819rm00t622',21630,'r','2022-12-20 14:08:19'),(126,3,6,'rm00t','20221220140819rm00t623',21630,'r','2022-12-20 14:08:19'),(127,3,6,'rm00t','20221220140819rm00t624',21630,'r','2022-12-20 14:08:19'),(128,3,6,'rm00t','20221220140819rm00t625',21630,'r','2022-12-20 14:08:19'),(129,3,6,'rm00t','20221220140819rm00t626',21630,'r','2022-12-20 14:08:19'),(130,3,6,'rm00t','20221220140819rm00t627',21630,'r','2022-12-20 14:08:19'),(131,53,6,'ca01t','20221220141028ca01t6',5400,'c','2022-12-20 14:10:28'),(132,54,6,'ca02t','20221220141033ca02t6',13500,'c','2022-12-20 14:10:33'),(133,55,6,'ca03t','20221220141037ca03t6',27000,'c','2022-12-20 14:10:37'),(134,3,6,'wa01t','20221220141045wa01t6',10000,'w','2022-12-20 14:10:45'),(135,3,6,'wa02t','20221220141049wa02t6',6000,'w','2022-12-20 14:10:49'),(136,56,6,'ca02t','20221220141053ca02t6',8100,'c','2022-12-20 14:10:53'),(137,3,6,'wa03t','20221220141057wa03t6',10000,'w','2022-12-20 14:10:57'),(138,2,1,'rm00t','20221220142033rm00t10',26880,'r','2022-12-20 14:20:33'),(139,2,1,'rm00t','20221220142113rm00t10',26880,'r','2022-12-20 14:21:13'),(140,2,1,'rm00t','20221220143319rm00t10',21945,'r','2022-12-20 14:33:19'),(141,2,1,'rm00t','20221220145403rm00t10',26880,'r','2022-12-20 14:54:03'),(142,2,1,'rm00t','20221220145403rm00t11',26880,'r','2022-12-20 14:54:03'),(143,2,1,'rm00t','20221220145403rm00t12',26880,'r','2022-12-20 14:54:03'),(144,57,1,'rm00f','20221220145446rm00f1',26880,'r','2022-12-20 14:54:46'),(145,2,1,'em00t','20221220145429em00t1',26880,'e','2022-12-20 14:54:46'),(146,58,1,'rm00f','20221220145530rm00f1',25600,'r','2022-12-20 14:55:30'),(147,59,1,'rm00f','20221220150056rm00f1',26880,'r','2022-12-20 15:00:56'),(148,60,1,'rm00f','20221220150351rm00f1',26880,'r','2022-12-20 15:03:51'),(149,61,8,'ca01t','20221220155558ca01t8',81000,'c','2022-12-20 15:55:58'),(150,62,8,'ca02t','20221220155603ca02t8',45000,'c','2022-12-20 15:56:03'),(151,63,8,'ca02t','20221220155607ca02t8',63000,'c','2022-12-20 15:56:07'),(152,61,8,'wa01t','20221220155611wa01t8',4000,'w','2022-12-20 15:56:11'),(153,61,8,'wa02t','20221220155618wa02t8',21000,'w','2022-12-20 15:56:18'),(154,61,8,'wa03t','20221220155622wa03t8',8000,'w','2022-12-20 15:56:22'),(155,3,6,'rm00t','20221220160329rm00t60',1975,'r','2022-12-20 16:03:29'),(156,11,6,'rm00t','20221220160329rm00t60',14405,'r','2022-12-20 16:03:29'),(157,11,6,'rm00t','20221220160329rm00t61',11195,'r','2022-12-20 16:03:29'),(158,44,6,'rm00t','20221220160329rm00t61',5185,'r','2022-12-20 16:03:29'),(159,44,6,'rm00t','20221220160329rm00t62',16380,'r','2022-12-20 16:03:29'),(160,64,6,'rm00f','20221220162625rm00f6',16380,'n','2022-12-20 16:26:25'),(161,44,6,'rm00t','20221220162625rm00t60',5315,'r','2022-12-20 16:26:25'),(162,45,6,'rm00t','20221220162625rm00t60',21565,'r','2022-12-20 16:26:25'),(163,65,6,'ca01t','20221220165949ca01t6',900000,'c','2022-12-20 16:59:49'),(164,45,6,'rm00t','20221220170007rm00t60',5315,'r','2022-12-20 17:00:07'),(165,46,6,'rm00t','20221220170007rm00t60',21565,'r','2022-12-20 17:00:07'),(166,46,6,'rm00t','20221220170007rm00t61',4675,'r','2022-12-20 17:00:07'),(167,47,6,'rm00t','20221220170007rm00t61',11466,'r','2022-12-20 17:00:07'),(168,50,6,'rm00t','20221220170007rm00t61',8348,'r','2022-12-20 17:00:07'),(169,51,6,'rm00t','20221220170007rm00t61',2391,'r','2022-12-20 17:00:07'),(170,51,6,'rm00t','20221220170007rm00t62',5957,'r','2022-12-20 17:00:07'),(171,52,6,'rm00t','20221220170007rm00t62',11466,'r','2022-12-20 17:00:07'),(172,53,6,'rm00t','20221220170007rm00t62',5400,'r','2022-12-20 17:00:07'),(173,54,6,'rm00t','20221220170007rm00t62',4057,'r','2022-12-20 17:00:07'),(174,66,6,'rm00f','20221220170919rm00f6',26880,'n','2022-12-20 17:09:19'),(175,54,6,'rm00t','20221220170919rm00t60',9443,'r','2022-12-20 17:09:19'),(176,55,6,'rm00t','20221220170919rm00t60',17437,'r','2022-12-20 17:09:19'),(177,67,6,'rm00f','20221220171128rm00f6',25600,'n','2022-12-20 17:11:28'),(178,55,6,'rm00t','20221220171128rm00t60',9563,'r','2022-12-20 17:11:28'),(179,56,6,'rm00t','20221220171128rm00t60',8100,'r','2022-12-20 17:11:28'),(180,64,6,'rm00t','20221220171128rm00t60',9217,'r','2022-12-20 17:11:28'),(181,68,6,'rm00f','20221220171142rm00f6',25600,'r','2022-12-20 17:11:42');
/*!40000 ALTER TABLE `accum_mile_log` ENABLE KEYS */;
UNLOCK TABLES;

--
-- Table structure for table `books`
--

DROP TABLE IF EXISTS `books`;
/*!40101 SET @saved_cs_client     = @@character_set_client */;
/*!50503 SET character_set_client = utf8mb4 */;
CREATE TABLE `books` (
  `isbn` char(13) NOT NULL,
  `author` char(50) DEFAULT NULL,
  `title` char(100) DEFAULT NULL,
  `price` float DEFAULT NULL,
  PRIMARY KEY (`isbn`)
) ENGINE=InnoDB DEFAULT CHARSET=utf8mb4 COLLATE=utf8mb4_0900_ai_ci;
/*!40101 SET character_set_client = @saved_cs_client */;

--
-- Dumping data for table `books`
--

LOCK TABLES `books` WRITE;
/*!40000 ALTER TABLE `books` DISABLE KEYS */;
/*!40000 ALTER TABLE `books` ENABLE KEYS */;
UNLOCK TABLES;

--
-- Table structure for table `bus_info`
--

DROP TABLE IF EXISTS `bus_info`;
/*!40101 SET @saved_cs_client     = @@character_set_client */;
/*!50503 SET character_set_client = utf8mb4 */;
CREATE TABLE `bus_info` (
  `bus_num` int unsigned NOT NULL COMMENT '버스번호',
  `bus_class` char(1) NOT NULL COMMENT '버스등급',
  `seat_cnt` int unsigned NOT NULL COMMENT '좌석 수',
  `used_flag` char(1) NOT NULL DEFAULT 'n' COMMENT '운행 유무(y= yes, n=no)',
  `bus_location` varchar(20) NOT NULL COMMENT '버스 위치',
  `reg_day` datetime NOT NULL COMMENT '등록일',
  `change_day` datetime NOT NULL DEFAULT '0000-00-00 00:00:00' COMMENT '변동일',
  PRIMARY KEY (`bus_num`)
) ENGINE=InnoDB DEFAULT CHARSET=utf8mb4 COLLATE=utf8mb4_0900_ai_ci COMMENT='버스정보';
/*!40101 SET character_set_client = @saved_cs_client */;

--
-- Dumping data for table `bus_info`
--

LOCK TABLES `bus_info` WRITE;
/*!40000 ALTER TABLE `bus_info` DISABLE KEYS */;
INSERT INTO `bus_info` VALUES (1001,'p',28,'n','seoul','2022-12-13 10:24:28','0000-00-00 00:00:00'),(1003,'p',28,'n','jeonju','2022-12-13 10:24:20','0000-00-00 00:00:00'),(1004,'p',28,'n','incheon','2022-12-13 10:24:23','0000-00-00 00:00:00'),(1005,'n',36,'n','incheon','2022-12-15 13:26:48','0000-00-00 00:00:00'),(1018,'p',28,'n','seoul','2022-12-13 10:24:29','0000-00-00 00:00:00'),(1020,'n',36,'n','jeonju','2022-12-15 13:26:48','0000-00-00 00:00:00'),(1022,'n',36,'n','incheon','2022-12-13 10:24:20','0000-00-00 00:00:00'),(1024,'n',36,'n','jeonju','2022-12-15 13:26:46','0000-00-00 00:00:00'),(1026,'p',28,'n','incheon','2022-12-15 13:26:39','0000-00-00 00:00:00'),(1027,'n',36,'n','incheon','2022-12-13 10:24:23','0000-00-00 00:00:00'),(1029,'p',28,'n','incheon','2022-12-13 10:24:26','0000-00-00 00:00:00'),(1031,'n',36,'n','jeonju','2022-12-13 10:24:26','0000-00-00 00:00:00'),(1032,'h',28,'n','jeonju','2022-12-13 10:24:22','0000-00-00 00:00:00'),(1035,'h',28,'n','seoul','2022-12-13 10:24:22','0000-00-00 00:00:00'),(1037,'p',28,'n','jeonju','2022-12-15 13:26:38','0000-00-00 00:00:00'),(1038,'p',28,'n','seoul','2022-12-13 10:24:52','0000-00-00 00:00:00'),(1041,'n',36,'n','jeonju','2022-12-13 10:24:22','0000-00-00 00:00:00'),(1042,'n',36,'n','incheon','2022-12-13 10:24:22','0000-00-00 00:00:00'),(1044,'n',36,'n','seoul','2022-12-13 10:24:31','0000-00-00 00:00:00'),(1046,'p',28,'n','seoul','2022-12-13 10:26:02','0000-00-00 00:00:00'),(1049,'n',36,'n','jeonju','2022-12-13 10:24:23','0000-00-00 00:00:00'),(1050,'p',28,'n','seoul','2022-12-13 10:24:22','0000-00-00 00:00:00'),(1054,'p',28,'n','seoul','2022-12-13 10:24:27','0000-00-00 00:00:00'),(1059,'n',36,'n','seoul','2022-12-13 10:24:22','0000-00-00 00:00:00'),(1061,'p',28,'n','seoul','2022-12-15 13:26:36','0000-00-00 00:00:00'),(1064,'p',28,'n','jeonju','2022-12-13 10:24:47','0000-00-00 00:00:00'),(1067,'p',28,'n','jeonju','2022-12-15 13:26:45','0000-00-00 00:00:00'),(1069,'p',28,'n','jeonju','2022-12-13 10:24:23','0000-00-00 00:00:00'),(1071,'n',36,'n','jeonju','2022-12-13 10:24:16','0000-00-00 00:00:00'),(1072,'n',36,'n','incheon','2022-12-13 10:24:18','0000-00-00 00:00:00'),(1074,'n',36,'n','seoul','2022-12-13 10:24:25','0000-00-00 00:00:00'),(1075,'p',28,'n','jeonju','2022-12-13 10:24:19','0000-00-00 00:00:00'),(1077,'h',28,'n','incheon','2022-12-13 10:24:17','0000-00-00 00:00:00'),(1078,'h',28,'n','incheon','2022-12-13 10:24:22','0000-00-00 00:00:00'),(1080,'h',28,'n','incheon','2022-12-13 10:24:18','0000-00-00 00:00:00'),(1082,'p',28,'n','jeonju','2022-12-13 10:24:53','0000-00-00 00:00:00'),(1084,'n',36,'n','jeonju','2022-12-15 13:26:37','0000-00-00 00:00:00'),(1085,'p',28,'n','seoul','2022-12-13 10:24:52','0000-00-00 00:00:00'),(1087,'h',28,'n','seoul','2022-12-13 10:24:28','0000-00-00 00:00:00'),(1088,'n',36,'n','incheon','2022-12-13 10:24:28','0000-00-00 00:00:00'),(1089,'p',28,'n','seoul','2022-12-15 13:26:40','0000-00-00 00:00:00'),(1090,'p',28,'n','jeonju','2022-12-13 10:24:32','0000-00-00 00:00:00'),(1093,'p',28,'n','jeonju','2022-12-13 10:24:29','0000-00-00 00:00:00'),(1099,'h',28,'n','jeonju','2022-12-13 10:24:17','0000-00-00 00:00:00'),(1103,'p',28,'n','jeonju','2022-12-13 10:24:33','0000-00-00 00:00:00'),(1107,'h',28,'n','seoul','2022-12-13 10:24:16','0000-00-00 00:00:00'),(1108,'n',36,'n','seoul','2022-12-13 10:24:35','0000-00-00 00:00:00'),(1112,'p',28,'n','incheon','2022-12-13 10:24:48','0000-00-00 00:00:00'),(1113,'p',28,'n','jeonju','2022-12-15 13:26:47','0000-00-00 00:00:00'),(1116,'p',28,'n','jeonju','2022-12-13 10:24:25','0000-00-00 00:00:00'),(1118,'p',28,'n','incheon','2022-12-13 10:24:20','0000-00-00 00:00:00'),(1119,'p',28,'n','incheon','2022-12-13 10:24:17','0000-00-00 00:00:00'),(1123,'p',28,'n','incheon','2022-12-13 10:24:47','0000-00-00 00:00:00'),(1124,'p',28,'n','jeonju','2022-12-15 13:26:48','0000-00-00 00:00:00'),(1126,'p',28,'n','incheon','2022-12-13 10:24:22','0000-00-00 00:00:00'),(1127,'p',28,'n','seoul','2022-12-13 10:24:53','0000-00-00 00:00:00'),(1131,'p',28,'n','seoul','2022-12-13 10:24:23','0000-00-00 00:00:00'),(1133,'p',28,'n','jeonju','2022-12-13 10:24:48','0000-00-00 00:00:00'),(1135,'h',28,'n','incheon','2022-12-13 10:24:17','0000-00-00 00:00:00'),(1136,'p',28,'n','seoul','2022-12-13 10:24:19','0000-00-00 00:00:00'),(1138,'p',28,'n','incheon','2022-12-13 10:24:27','0000-00-00 00:00:00'),(1141,'p',28,'n','seoul','2022-12-15 13:26:47','0000-00-00 00:00:00'),(1142,'p',28,'n','jeonju','2022-12-15 13:26:43','0000-00-00 00:00:00'),(1144,'p',28,'n','jeonju','2022-12-13 10:24:33','0000-00-00 00:00:00'),(1147,'p',28,'n','seoul','2022-12-15 13:26:44','0000-00-00 00:00:00'),(1152,'p',28,'n','jeonju','2022-12-13 10:24:25','0000-00-00 00:00:00'),(1154,'p',28,'n','seoul','2022-12-15 13:26:48','0000-00-00 00:00:00'),(1159,'n',36,'n','seoul','2022-12-15 13:26:37','0000-00-00 00:00:00'),(1161,'p',28,'n','seoul','2022-12-13 10:24:31','0000-00-00 00:00:00'),(1165,'p',28,'n','jeonju','2022-12-15 13:26:39','0000-00-00 00:00:00'),(1167,'n',36,'n','jeonju','2022-12-13 10:24:31','0000-00-00 00:00:00'),(1168,'p',28,'n','seoul','2022-12-13 10:24:24','0000-00-00 00:00:00'),(1169,'n',36,'n','seoul','2022-12-13 10:24:20','0000-00-00 00:00:00'),(1175,'n',36,'n','seoul','2022-12-15 13:26:44','0000-00-00 00:00:00'),(1189,'p',28,'n','jeonju','2022-12-13 10:24:52','0000-00-00 00:00:00'),(1191,'n',36,'n','jeonju','2022-12-15 13:26:40','0000-00-00 00:00:00'),(1192,'p',28,'n','jeonju','2022-12-15 13:26:42','0000-00-00 00:00:00'),(1197,'p',28,'n','seoul','2022-12-13 10:24:22','0000-00-00 00:00:00'),(1198,'p',28,'n','jeonju','2022-12-13 10:24:31','0000-00-00 00:00:00'),(1199,'n',36,'n','seoul','2022-12-15 13:26:36','0000-00-00 00:00:00'),(1200,'h',28,'n','seoul','2022-12-13 10:24:27','0000-00-00 00:00:00'),(1201,'n',36,'n','seoul','2022-12-13 10:24:17','0000-00-00 00:00:00'),(1205,'p',28,'n','seoul','2022-12-15 13:26:38','0000-00-00 00:00:00'),(1206,'p',28,'n','jeonju','2022-12-13 10:24:17','0000-00-00 00:00:00'),(1211,'p',28,'n','incheon','2022-12-13 10:24:34','0000-00-00 00:00:00'),(1213,'n',36,'n','seoul','2022-12-15 13:26:48','0000-00-00 00:00:00'),(1218,'n',36,'n','jeonju','2022-12-13 10:24:28','0000-00-00 00:00:00'),(1220,'n',36,'n','incheon','2022-12-15 13:26:46','0000-00-00 00:00:00'),(1221,'h',28,'n','jeonju','2022-12-13 10:24:24','0000-00-00 00:00:00'),(1224,'h',28,'n','incheon','2022-12-13 10:24:27','0000-00-00 00:00:00'),(1227,'p',28,'n','jeonju','2022-12-13 10:24:35','0000-00-00 00:00:00'),(1231,'p',28,'n','jeonju','2022-12-15 13:26:46','0000-00-00 00:00:00'),(1235,'n',36,'n','seoul','2022-12-13 10:24:23','0000-00-00 00:00:00'),(1236,'n',36,'n','jeonju','2022-12-15 13:26:44','0000-00-00 00:00:00'),(1238,'n',36,'n','jeonju','2022-12-15 13:26:42','0000-00-00 00:00:00'),(1240,'p',28,'n','incheon','2022-12-15 13:26:42','0000-00-00 00:00:00'),(1242,'p',28,'n','seoul','2022-12-13 10:24:26','0000-00-00 00:00:00'),(1244,'p',28,'n','incheon','2022-12-13 10:24:28','0000-00-00 00:00:00'),(1245,'p',28,'n','seoul','2022-12-15 13:26:46','0000-00-00 00:00:00'),(1246,'p',28,'n','incheon','2022-12-13 10:24:28','0000-00-00 00:00:00'),(1247,'p',28,'n','jeonju','2022-12-13 10:24:48','0000-00-00 00:00:00'),(1249,'p',28,'n','seoul','2022-12-15 13:26:46','0000-00-00 00:00:00'),(1250,'p',28,'n','jeonju','2022-12-13 10:24:51','0000-00-00 00:00:00'),(1252,'p',28,'n','jeonju','2022-12-13 10:24:27','0000-00-00 00:00:00'),(1257,'n',36,'n','seoul','2022-12-13 10:24:28','0000-00-00 00:00:00'),(1258,'h',28,'n','jeonju','2022-12-13 10:24:27','0000-00-00 00:00:00'),(1262,'p',28,'n','incheon','2022-12-15 13:26:38','0000-00-00 00:00:00'),(1263,'p',28,'n','seoul','2022-12-13 10:24:46','0000-00-00 00:00:00'),(1264,'p',28,'n','seoul','2022-12-13 10:24:35','0000-00-00 00:00:00'),(1272,'p',28,'n','incheon','2022-12-15 13:26:45','0000-00-00 00:00:00'),(1275,'p',28,'n','jeonju','2022-12-13 10:24:21','0000-00-00 00:00:00'),(1276,'p',28,'n','incheon','2022-12-13 10:24:31','0000-00-00 00:00:00'),(1282,'n',36,'n','incheon','2022-12-13 10:24:20','0000-00-00 00:00:00'),(1286,'p',28,'n','jeonju','2022-12-13 10:24:22','0000-00-00 00:00:00'),(1287,'n',36,'n','incheon','2022-12-15 13:26:36','0000-00-00 00:00:00'),(1288,'n',36,'n','jeonju','2022-12-13 10:24:21','0000-00-00 00:00:00'),(1289,'p',28,'n','incheon','2022-12-13 10:24:50','0000-00-00 00:00:00'),(1290,'p',28,'n','incheon','2022-12-13 10:24:32','0000-00-00 00:00:00'),(1291,'p',28,'n','jeonju','2022-12-15 13:26:49','0000-00-00 00:00:00'),(1292,'p',28,'n','jeonju','2022-12-13 10:24:31','0000-00-00 00:00:00'),(1293,'p',28,'n','incheon','2022-12-13 10:24:52','0000-00-00 00:00:00'),(1294,'n',36,'n','seoul','2022-12-13 10:24:20','0000-00-00 00:00:00'),(1296,'p',28,'n','incheon','2022-12-15 13:26:48','0000-00-00 00:00:00'),(1297,'p',28,'n','jeonju','2022-12-15 13:26:48','0000-00-00 00:00:00'),(1299,'p',28,'n','jeonju','2022-12-13 10:24:25','0000-00-00 00:00:00'),(1302,'p',28,'n','seoul','2022-12-13 10:24:48','0000-00-00 00:00:00'),(1303,'h',28,'n','jeonju','2022-12-13 10:24:35','0000-00-00 00:00:00'),(1309,'p',28,'n','jeonju','2022-12-15 13:26:46','0000-00-00 00:00:00'),(1314,'p',28,'n','incheon','2022-12-13 10:24:26','0000-00-00 00:00:00'),(1320,'p',28,'n','seoul','2022-12-15 13:26:42','0000-00-00 00:00:00'),(1321,'n',36,'n','jeonju','2022-12-13 10:24:51','0000-00-00 00:00:00'),(1323,'p',28,'n','jeonju','2022-12-13 10:24:16','0000-00-00 00:00:00'),(1325,'n',36,'n','incheon','2022-12-13 10:24:35','0000-00-00 00:00:00'),(1327,'p',28,'n','jeonju','2022-12-13 10:24:50','0000-00-00 00:00:00'),(1328,'p',28,'n','seoul','2022-12-13 10:24:46','0000-00-00 00:00:00'),(1330,'p',28,'n','incheon','2022-12-13 10:24:16','0000-00-00 00:00:00'),(1334,'n',36,'n','jeonju','2022-12-13 10:24:25','0000-00-00 00:00:00'),(1335,'p',28,'n','incheon','2022-12-15 13:26:44','0000-00-00 00:00:00'),(1339,'p',28,'n','seoul','2022-12-15 13:26:37','0000-00-00 00:00:00'),(1340,'p',28,'n','seoul','2022-12-13 10:24:21','0000-00-00 00:00:00'),(1341,'n',36,'n','jeonju','2022-12-13 10:24:50','0000-00-00 00:00:00'),(1344,'p',28,'n','incheon','2022-12-13 10:24:22','0000-00-00 00:00:00'),(1350,'p',28,'n','seoul','2022-12-15 13:26:43','0000-00-00 00:00:00'),(1352,'n',36,'n','jeonju','2022-12-13 10:24:52','0000-00-00 00:00:00'),(1353,'n',36,'n','jeonju','2022-12-13 10:24:17','0000-00-00 00:00:00'),(1358,'n',36,'n','seoul','2022-12-13 10:24:28','0000-00-00 00:00:00'),(1362,'h',28,'n','incheon','2022-12-13 10:24:17','0000-00-00 00:00:00'),(1363,'n',36,'n','seoul','2022-12-13 10:24:24','0000-00-00 00:00:00'),(1364,'n',36,'n','incheon','2022-12-13 10:24:27','0000-00-00 00:00:00'),(1366,'n',36,'n','seoul','2022-12-13 10:24:16','0000-00-00 00:00:00'),(1369,'n',36,'n','incheon','2022-12-13 10:24:25','0000-00-00 00:00:00'),(1371,'n',36,'n','seoul','2022-12-13 10:24:48','0000-00-00 00:00:00'),(1372,'p',28,'n','seoul','2022-12-13 10:24:26','0000-00-00 00:00:00'),(1380,'p',28,'n','jeonju','2022-12-13 10:24:32','0000-00-00 00:00:00'),(1381,'p',28,'n','jeonju','2022-12-15 13:26:41','0000-00-00 00:00:00'),(1382,'h',28,'n','incheon','2022-12-13 10:24:20','0000-00-00 00:00:00'),(1385,'h',28,'n','jeonju','2022-12-15 13:26:48','0000-00-00 00:00:00'),(1393,'p',28,'n','seoul','2022-12-13 10:24:20','0000-00-00 00:00:00'),(1399,'n',36,'n','jeonju','2022-12-13 10:24:28','0000-00-00 00:00:00'),(1400,'p',28,'n','incheon','2022-12-13 10:24:48','0000-00-00 00:00:00'),(1402,'n',36,'n','seoul','2022-12-13 10:24:17','0000-00-00 00:00:00'),(1403,'p',28,'n','jeonju','2022-12-13 10:24:24','0000-00-00 00:00:00'),(1405,'n',36,'n','jeonju','2022-12-13 10:24:35','0000-00-00 00:00:00'),(1408,'h',28,'n','incheon','2022-12-15 13:26:48','0000-00-00 00:00:00'),(1413,'n',36,'n','jeonju','2022-12-13 10:24:27','0000-00-00 00:00:00'),(1414,'n',36,'n','seoul','2022-12-13 10:24:18','0000-00-00 00:00:00'),(1418,'n',36,'n','jeonju','2022-12-13 10:24:22','0000-00-00 00:00:00'),(1419,'p',28,'n','seoul','2022-12-15 13:26:40','0000-00-00 00:00:00'),(1420,'p',28,'n','incheon','2022-12-15 13:26:37','0000-00-00 00:00:00'),(1423,'h',28,'n','incheon','2022-12-13 10:24:28','0000-00-00 00:00:00'),(1428,'p',28,'n','seoul','2022-12-13 10:24:48','0000-00-00 00:00:00'),(1430,'h',28,'n','jeonju','2022-12-13 10:24:23','0000-00-00 00:00:00'),(1433,'p',28,'n','incheon','2022-12-13 10:24:18','0000-00-00 00:00:00'),(1434,'p',28,'n','seoul','2022-12-13 10:24:22','0000-00-00 00:00:00'),(1435,'p',28,'n','seoul','2022-12-15 13:26:48','0000-00-00 00:00:00'),(1437,'p',28,'n','jeonju','2022-12-15 13:26:41','0000-00-00 00:00:00'),(1442,'p',28,'n','jeonju','2022-12-13 10:24:19','0000-00-00 00:00:00'),(1444,'p',28,'n','jeonju','2022-12-15 13:26:48','0000-00-00 00:00:00'),(1448,'n',36,'n','jeonju','2022-12-13 10:24:21','0000-00-00 00:00:00'),(1449,'p',28,'n','incheon','2022-12-13 10:24:23','0000-00-00 00:00:00'),(1451,'n',36,'n','incheon','2022-12-13 10:24:21','0000-00-00 00:00:00'),(1452,'p',28,'n','seoul','2022-12-15 13:26:42','0000-00-00 00:00:00'),(1455,'p',28,'n','incheon','2022-12-13 10:24:46','0000-00-00 00:00:00'),(1457,'p',28,'n','incheon','2022-12-13 10:24:19','0000-00-00 00:00:00'),(1458,'n',36,'n','seoul','2022-12-15 13:26:46','0000-00-00 00:00:00'),(1466,'n',36,'n','seoul','2022-12-13 10:24:18','0000-00-00 00:00:00'),(1470,'p',28,'n','jeonju','2022-12-13 10:24:17','0000-00-00 00:00:00'),(1472,'p',28,'n','seoul','2022-12-13 10:24:18','0000-00-00 00:00:00'),(1474,'p',28,'n','incheon','2022-12-13 10:24:18','0000-00-00 00:00:00'),(1476,'n',36,'n','incheon','2022-12-13 10:24:17','0000-00-00 00:00:00'),(1484,'p',28,'n','jeonju','2022-12-15 13:26:47','0000-00-00 00:00:00'),(1485,'n',36,'n','seoul','2022-12-15 13:26:40','0000-00-00 00:00:00'),(1486,'p',28,'n','seoul','2022-12-13 10:24:32','0000-00-00 00:00:00'),(1490,'p',28,'n','incheon','2022-12-15 13:26:40','0000-00-00 00:00:00'),(1499,'p',28,'n','seoul','2022-12-15 13:26:39','0000-00-00 00:00:00'),(1506,'p',28,'n','jeonju','2022-12-15 13:26:40','0000-00-00 00:00:00'),(1512,'p',28,'n','seoul','2022-12-13 10:24:21','0000-00-00 00:00:00'),(1515,'p',28,'n','incheon','2022-12-13 10:24:27','0000-00-00 00:00:00'),(1516,'p',28,'n','incheon','2022-12-13 10:24:29','0000-00-00 00:00:00'),(1519,'h',28,'n','seoul','2022-12-13 10:24:24','0000-00-00 00:00:00'),(1520,'n',36,'n','seoul','2022-12-13 10:24:27','0000-00-00 00:00:00'),(1523,'p',28,'n','jeonju','2022-12-13 10:24:27','0000-00-00 00:00:00'),(1528,'h',28,'n','jeonju','2022-12-13 10:24:20','0000-00-00 00:00:00'),(1530,'p',28,'n','jeonju','2022-12-15 13:26:46','0000-00-00 00:00:00'),(1531,'p',28,'n','jeonju','2022-12-13 10:24:21','0000-00-00 00:00:00'),(1532,'p',28,'n','incheon','2022-12-13 10:24:25','0000-00-00 00:00:00'),(1536,'p',28,'n','jeonju','2022-12-15 13:26:40','0000-00-00 00:00:00'),(1540,'n',36,'n','incheon','2022-12-13 10:24:17','0000-00-00 00:00:00'),(1544,'h',28,'n','seoul','2022-12-13 10:24:21','0000-00-00 00:00:00'),(1545,'n',36,'n','seoul','2022-12-13 10:24:50','0000-00-00 00:00:00'),(1547,'n',36,'n','seoul','2022-12-13 10:24:21','0000-00-00 00:00:00'),(1548,'p',28,'n','seoul','2022-12-15 13:26:49','0000-00-00 00:00:00'),(1550,'p',28,'n','incheon','2022-12-15 13:26:36','0000-00-00 00:00:00'),(1554,'p',28,'n','incheon','2022-12-15 13:26:46','0000-00-00 00:00:00'),(1558,'h',28,'n','incheon','2022-12-13 10:24:16','0000-00-00 00:00:00'),(1559,'n',36,'n','seoul','2022-12-13 10:24:21','0000-00-00 00:00:00'),(1565,'h',28,'n','jeonju','2022-12-13 10:24:17','0000-00-00 00:00:00'),(1566,'h',28,'n','seoul','2022-12-13 10:24:17','0000-00-00 00:00:00'),(1570,'n',36,'n','jeonju','2022-12-15 13:26:36','0000-00-00 00:00:00'),(1574,'p',28,'n','seoul','2022-12-13 10:24:31','0000-00-00 00:00:00'),(1576,'p',28,'n','jeonju','2022-12-15 13:26:46','0000-00-00 00:00:00'),(1579,'h',28,'n','jeonju','2022-12-13 10:24:21','0000-00-00 00:00:00'),(1580,'n',36,'n','seoul','2022-12-13 10:24:51','0000-00-00 00:00:00'),(1581,'p',28,'n','seoul','2022-12-13 10:24:17','0000-00-00 00:00:00'),(1582,'p',28,'n','seoul','2022-12-13 10:24:50','0000-00-00 00:00:00'),(1583,'p',28,'n','jeonju','2022-12-15 13:26:43','0000-00-00 00:00:00'),(1587,'p',28,'n','jeonju','2022-12-15 13:26:38','0000-00-00 00:00:00'),(1590,'p',28,'n','incheon','2022-12-13 10:24:47','0000-00-00 00:00:00'),(1593,'h',28,'n','seoul','2022-12-13 10:24:18','0000-00-00 00:00:00'),(1601,'h',28,'n','jeonju','2022-12-13 10:24:20','0000-00-00 00:00:00'),(1602,'h',28,'n','jeonju','2022-12-13 10:24:18','0000-00-00 00:00:00'),(1603,'p',28,'n','jeonju','2022-12-13 10:24:28','0000-00-00 00:00:00'),(1608,'n',36,'n','jeonju','2022-12-13 10:24:20','0000-00-00 00:00:00'),(1610,'p',28,'n','jeonju','2022-12-13 10:24:26','0000-00-00 00:00:00'),(1611,'p',28,'n','seoul','2022-12-13 10:24:28','0000-00-00 00:00:00'),(1617,'p',28,'n','incheon','2022-12-13 10:24:50','0000-00-00 00:00:00'),(1618,'n',36,'n','incheon','2022-12-13 10:24:16','0000-00-00 00:00:00'),(1619,'p',28,'n','incheon','2022-12-13 10:24:17','0000-00-00 00:00:00'),(1620,'p',28,'n','seoul','2022-12-13 10:24:20','0000-00-00 00:00:00'),(1621,'p',28,'n','jeonju','2022-12-13 10:24:18','0000-00-00 00:00:00'),(1622,'h',28,'n','jeonju','2022-12-13 10:24:25','0000-00-00 00:00:00'),(1623,'p',28,'n','jeonju','2022-12-13 10:24:22','0000-00-00 00:00:00'),(1630,'p',28,'n','incheon','2022-12-13 10:24:46','0000-00-00 00:00:00'),(1631,'p',28,'n','incheon','2022-12-13 10:24:24','0000-00-00 00:00:00'),(1633,'p',28,'n','jeonju','2022-12-13 10:24:52','0000-00-00 00:00:00'),(1635,'p',28,'n','incheon','2022-12-13 10:24:49','0000-00-00 00:00:00'),(1639,'p',28,'n','incheon','2022-12-13 10:24:35','0000-00-00 00:00:00'),(1642,'h',28,'n','jeonju','2022-12-13 10:24:49','0000-00-00 00:00:00'),(1651,'n',36,'n','jeonju','2022-12-13 10:24:24','0000-00-00 00:00:00'),(1653,'p',28,'n','jeonju','2022-12-13 10:24:53','0000-00-00 00:00:00'),(1655,'n',36,'n','jeonju','2022-12-13 10:24:48','0000-00-00 00:00:00'),(1657,'p',28,'n','seoul','2022-12-13 10:24:23','0000-00-00 00:00:00'),(1659,'h',28,'n','jeonju','2022-12-13 10:24:17','0000-00-00 00:00:00'),(1660,'n',36,'n','jeonju','2022-12-13 10:24:31','0000-00-00 00:00:00'),(1662,'p',28,'n','jeonju','2022-12-13 10:24:20','0000-00-00 00:00:00'),(1668,'p',28,'n','jeonju','2022-12-13 10:24:34','0000-00-00 00:00:00'),(1669,'p',28,'n','jeonju','2022-12-13 10:24:46','0000-00-00 00:00:00'),(1670,'h',28,'n','jeonju','2022-12-13 10:24:28','0000-00-00 00:00:00'),(1675,'p',28,'n','incheon','2022-12-13 10:24:51','0000-00-00 00:00:00'),(1676,'p',28,'n','seoul','2022-12-13 10:24:17','0000-00-00 00:00:00'),(1685,'p',28,'n','seoul','2022-12-13 10:24:51','0000-00-00 00:00:00'),(1690,'h',28,'n','incheon','2022-12-15 13:26:46','0000-00-00 00:00:00'),(1698,'n',36,'n','jeonju','2022-12-15 13:26:38','0000-00-00 00:00:00'),(1703,'h',28,'n','seoul','2022-12-13 10:24:18','0000-00-00 00:00:00'),(1705,'n',36,'n','seoul','2022-12-15 13:26:38','0000-00-00 00:00:00'),(1710,'h',28,'n','incheon','2022-12-13 10:24:18','0000-00-00 00:00:00'),(1713,'n',36,'n','incheon','2022-12-13 10:24:48','0000-00-00 00:00:00'),(1714,'n',36,'n','jeonju','2022-12-13 10:24:48','0000-00-00 00:00:00'),(1721,'h',28,'n','jeonju','2022-12-13 10:24:21','0000-00-00 00:00:00'),(1727,'h',28,'n','jeonju','2022-12-15 13:26:46','0000-00-00 00:00:00'),(1730,'n',36,'n','jeonju','2022-12-13 10:24:20','0000-00-00 00:00:00'),(1732,'p',28,'n','seoul','2022-12-13 10:24:34','0000-00-00 00:00:00'),(1735,'p',28,'n','jeonju','2022-12-13 10:24:49','0000-00-00 00:00:00'),(1741,'n',36,'n','jeonju','2022-12-13 10:24:34','0000-00-00 00:00:00'),(1743,'n',36,'n','jeonju','2022-12-13 10:24:49','0000-00-00 00:00:00'),(1751,'n',36,'n','jeonju','2022-12-13 10:24:17','0000-00-00 00:00:00'),(1753,'n',36,'n','jeonju','2022-12-13 10:24:18','0000-00-00 00:00:00'),(1754,'n',36,'n','incheon','2022-12-13 10:24:17','0000-00-00 00:00:00'),(1759,'p',28,'n','jeonju','2022-12-15 13:26:37','0000-00-00 00:00:00'),(1760,'p',28,'n','jeonju','2022-12-15 13:26:46','0000-00-00 00:00:00'),(1761,'p',28,'n','jeonju','2022-12-13 10:24:23','0000-00-00 00:00:00'),(1762,'p',28,'n','seoul','2022-12-13 10:24:34','0000-00-00 00:00:00'),(1763,'p',28,'n','jeonju','2022-12-13 10:24:17','0000-00-00 00:00:00'),(1764,'p',28,'n','jeonju','2022-12-13 10:24:50','0000-00-00 00:00:00'),(1766,'p',28,'n','jeonju','2022-12-15 13:26:45','0000-00-00 00:00:00'),(1767,'n',36,'n','jeonju','2022-12-13 10:24:18','0000-00-00 00:00:00'),(1768,'n',36,'n','incheon','2022-12-13 10:24:18','0000-00-00 00:00:00'),(1771,'h',28,'n','seoul','2022-12-13 10:24:49','0000-00-00 00:00:00'),(1773,'p',28,'n','jeonju','2022-12-13 10:24:47','0000-00-00 00:00:00'),(1776,'p',28,'n','seoul','2022-12-13 10:24:25','0000-00-00 00:00:00'),(1779,'p',28,'n','incheon','2022-12-15 13:26:42','0000-00-00 00:00:00'),(1780,'h',28,'n','incheon','2022-12-13 10:24:21','0000-00-00 00:00:00'),(1781,'p',28,'n','jeonju','2022-12-13 10:26:02','0000-00-00 00:00:00'),(1782,'p',28,'n','seoul','2022-12-13 10:24:47','0000-00-00 00:00:00'),(1787,'p',28,'n','jeonju','2022-12-15 13:26:42','0000-00-00 00:00:00'),(1793,'h',28,'n','seoul','2022-12-13 10:24:20','0000-00-00 00:00:00'),(1800,'p',28,'n','jeonju','2022-12-15 13:26:44','0000-00-00 00:00:00'),(1805,'p',28,'n','incheon','2022-12-13 10:24:34','0000-00-00 00:00:00'),(1807,'p',28,'n','jeonju','2022-12-13 10:24:49','0000-00-00 00:00:00'),(1808,'n',36,'n','seoul','2022-12-13 10:24:49','0000-00-00 00:00:00'),(1811,'p',28,'n','seoul','2022-12-13 10:24:49','0000-00-00 00:00:00'),(1813,'n',36,'n','incheon','2022-12-13 10:24:49','0000-00-00 00:00:00'),(1816,'p',28,'n','jeonju','2022-12-13 10:24:34','0000-00-00 00:00:00'),(1822,'n',36,'n','jeonju','2022-12-13 10:24:17','0000-00-00 00:00:00'),(1823,'p',28,'n','jeonju','2022-12-15 13:26:39','0000-00-00 00:00:00'),(1825,'p',28,'n','jeonju','2022-12-15 13:26:48','0000-00-00 00:00:00'),(1827,'p',28,'n','jeonju','2022-12-15 13:26:42','0000-00-00 00:00:00'),(1828,'p',28,'n','seoul','2022-12-15 13:26:45','0000-00-00 00:00:00'),(1829,'n',36,'n','seoul','2022-12-13 10:24:22','0000-00-00 00:00:00'),(1839,'h',28,'n','jeonju','2022-12-15 13:26:36','0000-00-00 00:00:00'),(1844,'p',28,'n','jeonju','2022-12-15 13:26:43','0000-00-00 00:00:00'),(1846,'n',36,'n','jeonju','2022-12-13 10:24:26','0000-00-00 00:00:00'),(1852,'n',36,'n','jeonju','2022-12-13 10:24:23','0000-00-00 00:00:00'),(1854,'p',28,'n','seoul','2022-12-13 10:24:50','0000-00-00 00:00:00'),(1856,'p',28,'n','seoul','2022-12-13 10:24:49','0000-00-00 00:00:00'),(1857,'p',28,'n','jeonju','2022-12-13 10:24:29','0000-00-00 00:00:00'),(1859,'p',28,'n','incheon','2022-12-13 10:24:52','0000-00-00 00:00:00'),(1860,'p',28,'n','seoul','2022-12-13 10:24:16','0000-00-00 00:00:00'),(1862,'n',36,'n','incheon','2022-12-13 10:24:24','0000-00-00 00:00:00'),(1863,'p',28,'n','seoul','2022-12-13 10:24:47','0000-00-00 00:00:00'),(1867,'p',28,'n','seoul','2022-12-13 10:24:18','0000-00-00 00:00:00'),(1868,'h',28,'n','seoul','2022-12-13 10:24:17','0000-00-00 00:00:00'),(1872,'n',36,'n','incheon','2022-12-13 10:24:21','0000-00-00 00:00:00'),(1875,'h',28,'n','seoul','2022-12-13 10:24:17','0000-00-00 00:00:00'),(1879,'p',28,'n','seoul','2022-12-13 10:24:29','0000-00-00 00:00:00'),(1880,'n',36,'n','seoul','2022-12-13 10:24:52','0000-00-00 00:00:00'),(1882,'n',36,'n','jeonju','2022-12-13 10:24:50','0000-00-00 00:00:00'),(1885,'p',28,'n','incheon','2022-12-13 10:26:02','0000-00-00 00:00:00'),(1894,'p',28,'n','incheon','2022-12-13 10:24:21','0000-00-00 00:00:00'),(1896,'h',28,'n','incheon','2022-12-13 10:24:20','0000-00-00 00:00:00'),(1907,'n',36,'n','seoul','2022-12-13 10:24:17','0000-00-00 00:00:00'),(1912,'n',36,'n','seoul','2022-12-13 10:24:23','0000-00-00 00:00:00'),(1913,'h',28,'n','seoul','2022-12-15 13:26:48','0000-00-00 00:00:00'),(1916,'h',28,'n','seoul','2022-12-13 10:24:51','0000-00-00 00:00:00'),(1918,'p',28,'n','jeonju','2022-12-15 13:26:36','0000-00-00 00:00:00'),(1920,'p',28,'n','jeonju','2022-12-13 10:24:28','0000-00-00 00:00:00'),(1928,'h',28,'n','incheon','2022-12-13 10:24:49','0000-00-00 00:00:00'),(1930,'p',28,'n','incheon','2022-12-13 10:24:31','0000-00-00 00:00:00'),(1931,'p',28,'n','seoul','2022-12-15 13:26:48','0000-00-00 00:00:00'),(1935,'h',28,'n','incheon','2022-12-13 10:24:24','0000-00-00 00:00:00'),(1936,'p',28,'n','jeonju','2022-12-13 10:24:21','0000-00-00 00:00:00'),(1937,'n',36,'n','incheon','2022-12-13 10:24:51','0000-00-00 00:00:00'),(1940,'h',28,'n','seoul','2022-12-13 10:24:20','0000-00-00 00:00:00'),(1941,'p',28,'n','seoul','2022-12-13 10:24:27','0000-00-00 00:00:00'),(1945,'h',28,'n','jeonju','2022-12-13 10:24:51','0000-00-00 00:00:00'),(1947,'p',28,'n','seoul','2022-12-13 10:24:17','0000-00-00 00:00:00'),(1954,'p',28,'n','jeonju','2022-12-13 10:24:46','0000-00-00 00:00:00'),(1956,'p',28,'n','jeonju','2022-12-15 13:26:45','0000-00-00 00:00:00'),(1958,'p',28,'n','incheon','2022-12-13 10:24:20','0000-00-00 00:00:00'),(1962,'h',28,'n','jeonju','2022-12-13 10:24:18','0000-00-00 00:00:00'),(1964,'p',28,'n','incheon','2022-12-13 10:24:21','0000-00-00 00:00:00'),(1970,'p',28,'n','incheon','2022-12-13 10:24:17','0000-00-00 00:00:00'),(1974,'h',28,'n','seoul','2022-12-15 13:26:46','0000-00-00 00:00:00'),(1975,'p',28,'n','jeonju','2022-12-13 10:24:18','0000-00-00 00:00:00'),(1981,'h',28,'n','incheon','2022-12-13 10:24:21','0000-00-00 00:00:00'),(1989,'h',28,'n','seoul','2022-12-13 10:24:21','0000-00-00 00:00:00'),(1992,'h',28,'n','jeonju','2022-12-13 10:24:16','0000-00-00 00:00:00'),(1996,'p',28,'n','jeonju','2022-12-13 10:26:02','0000-00-00 00:00:00');
/*!40000 ALTER TABLE `bus_info` ENABLE KEYS */;
UNLOCK TABLES;

--
-- Table structure for table `bus_move_info`
--

DROP TABLE IF EXISTS `bus_move_info`;
/*!40101 SET @saved_cs_client     = @@character_set_client */;
/*!50503 SET character_set_client = utf8mb4 */;
CREATE TABLE `bus_move_info` (
  `seq` int unsigned NOT NULL AUTO_INCREMENT COMMENT '시퀀스',
  `bus_num` int unsigned NOT NULL COMMENT '버스번호',
  `driver_num` int unsigned NOT NULL COMMENT '기사정보',
  `bus_route` varchar(20) NOT NULL COMMENT '버스경로',
  `bus_class` varchar(20) NOT NULL COMMENT '버스등급',
  `seat_cnt` int unsigned NOT NULL COMMENT '좌석 수',
  `people_cnt` int unsigned NOT NULL DEFAULT '0' COMMENT '승객 수',
  `move_time` time NOT NULL DEFAULT '00:00:00' COMMENT '운행시간',
  `price` int unsigned NOT NULL COMMENT '금액',
  `drive_memo` text COMMENT '운행 중 이슈',
  `bus_leave_location` varchar(20) NOT NULL COMMENT '출발지',
  `bus_arrive_location` varchar(20) NOT NULL COMMENT '도착지',
  `leave_day` datetime NOT NULL COMMENT '출발시간',
  `arrive_time` datetime NOT NULL COMMENT '도착시간',
  PRIMARY KEY (`seq`),
  KEY `fk_busmoveinfo_driverinfo1_idx` (`driver_num`),
  KEY `fk_busmoveinfo_businfo1_idx` (`bus_num`),
  CONSTRAINT `fk_busmoveinfo_businfo1` FOREIGN KEY (`bus_num`) REFERENCES `bus_info` (`bus_num`),
  CONSTRAINT `fk_busmoveinfo_driverinfo1` FOREIGN KEY (`driver_num`) REFERENCES `driver_info` (`driver_num`)
) ENGINE=InnoDB AUTO_INCREMENT=48321 DEFAULT CHARSET=utf8mb4 COLLATE=utf8mb4_0900_ai_ci COMMENT='버스 운행 정보';
/*!40101 SET character_set_client = @saved_cs_client */;

--
-- Dumping data for table `bus_move_info`
--

LOCK TABLES `bus_move_info` WRITE;
/*!40000 ALTER TABLE `bus_move_info` DISABLE KEYS */;
INSERT INTO `bus_move_info` VALUES (46469,1075,20,'seoul','p',28,0,'03:00:00',25600,NULL,'jeonju','seoul','2022-12-16 00:15:00','2022-12-16 03:15:00'),(46470,1996,38,'seoul','p',28,0,'03:00:00',25600,NULL,'jeonju','seoul','2022-12-16 00:45:00','2022-12-16 03:45:00'),(46471,1142,31,'seoul','p',28,0,'03:00:00',25600,NULL,'jeonju','seoul','2022-12-16 01:15:00','2022-12-16 04:15:00'),(46472,1133,30,'seoul','p',28,0,'03:00:00',25600,NULL,'jeonju','seoul','2022-12-16 01:45:00','2022-12-16 04:45:00'),(46473,1124,29,'seoul','p',28,0,'03:00:00',25600,NULL,'jeonju','seoul','2022-12-16 02:15:00','2022-12-16 05:15:00'),(46474,1116,28,'seoul','p',28,0,'03:00:00',25600,NULL,'jeonju','seoul','2022-12-16 02:45:00','2022-12-16 05:45:00'),(46475,1113,27,'seoul','p',28,0,'03:00:00',25600,NULL,'jeonju','seoul','2022-12-16 03:15:00','2022-12-16 06:15:00'),(46476,1103,26,'seoul','p',28,0,'03:00:00',25600,NULL,'jeonju','seoul','2022-12-16 03:45:00','2022-12-16 06:45:00'),(46477,1099,25,'seoul','h',28,0,'03:00:00',20600,NULL,'jeonju','seoul','2022-12-16 04:15:00','2022-12-16 07:15:00'),(46478,1093,24,'seoul','p',28,0,'03:00:00',25600,NULL,'jeonju','seoul','2022-12-16 04:45:00','2022-12-16 07:45:00'),(46479,1090,23,'seoul','p',28,0,'03:00:00',25600,NULL,'jeonju','seoul','2022-12-16 05:15:00','2022-12-16 08:15:00'),(46480,1084,22,'seoul','n',36,0,'03:00:00',15600,NULL,'jeonju','seoul','2022-12-16 05:45:00','2022-12-16 08:45:00'),(46481,1082,21,'seoul','p',28,0,'03:00:00',25600,NULL,'jeonju','seoul','2022-12-16 06:15:00','2022-12-16 09:15:00'),(46482,1003,1,'seoul','p',28,0,'03:00:00',25600,NULL,'jeonju','seoul','2022-12-16 06:45:00','2022-12-16 09:45:00'),(46483,1071,19,'seoul','n',36,0,'03:00:00',15600,NULL,'jeonju','seoul','2022-12-16 07:15:00','2022-12-16 10:15:00'),(46484,1069,18,'seoul','p',28,0,'03:00:00',25600,NULL,'jeonju','seoul','2022-12-16 07:45:00','2022-12-16 10:45:00'),(46485,1067,17,'seoul','p',28,0,'03:00:00',25600,NULL,'jeonju','seoul','2022-12-16 08:15:00','2022-12-16 11:15:00'),(46486,1064,16,'seoul','p',28,0,'03:00:00',25600,NULL,'jeonju','seoul','2022-12-16 08:45:00','2022-12-16 11:45:00'),(46487,1049,15,'seoul','n',36,0,'03:00:00',15600,NULL,'jeonju','seoul','2022-12-16 09:15:00','2022-12-16 12:15:00'),(46488,1041,14,'seoul','n',36,0,'03:00:00',15600,NULL,'jeonju','seoul','2022-12-16 09:45:00','2022-12-16 12:45:00'),(46489,1037,13,'seoul','p',28,0,'03:00:00',25600,NULL,'jeonju','seoul','2022-12-16 10:15:00','2022-12-16 13:15:00'),(46490,1032,12,'seoul','h',28,0,'03:00:00',20600,NULL,'jeonju','seoul','2022-12-16 10:45:00','2022-12-16 13:45:00'),(46491,1031,11,'seoul','n',36,0,'03:00:00',15600,NULL,'jeonju','seoul','2022-12-16 11:15:00','2022-12-16 14:15:00'),(46492,1024,10,'seoul','n',36,0,'03:00:00',15600,NULL,'jeonju','seoul','2022-12-16 11:45:00','2022-12-16 14:45:00'),(46493,1075,20,'seoul','p',28,0,'03:00:00',25600,NULL,'jeonju','seoul','2022-12-16 12:15:00','2022-12-16 15:15:00'),(46494,1996,38,'seoul','p',28,0,'03:00:00',25600,NULL,'jeonju','seoul','2022-12-16 12:45:00','2022-12-16 15:45:00'),(46495,1142,31,'seoul','p',28,0,'03:00:00',25600,NULL,'jeonju','seoul','2022-12-16 13:15:00','2022-12-16 16:15:00'),(46496,1133,30,'seoul','p',28,0,'03:00:00',25600,NULL,'jeonju','seoul','2022-12-16 13:45:00','2022-12-16 16:45:00'),(46497,1124,29,'seoul','p',28,0,'03:00:00',25600,NULL,'jeonju','seoul','2022-12-16 14:15:00','2022-12-16 17:15:00'),(46498,1116,28,'seoul','p',28,0,'03:00:00',25600,NULL,'jeonju','seoul','2022-12-16 14:45:00','2022-12-16 17:45:00'),(46499,1113,27,'seoul','p',28,0,'03:00:00',25600,NULL,'jeonju','seoul','2022-12-16 15:15:00','2022-12-16 18:15:00'),(46500,1103,26,'seoul','p',28,0,'03:00:00',25600,NULL,'jeonju','seoul','2022-12-16 15:45:00','2022-12-16 18:45:00'),(46501,1099,25,'seoul','h',28,0,'03:00:00',20600,NULL,'jeonju','seoul','2022-12-16 16:15:00','2022-12-16 19:15:00'),(46502,1093,24,'seoul','p',28,0,'03:00:00',25600,NULL,'jeonju','seoul','2022-12-16 16:45:00','2022-12-16 19:45:00'),(46503,1090,23,'seoul','p',28,0,'03:00:00',25600,NULL,'jeonju','seoul','2022-12-16 17:15:00','2022-12-16 20:15:00'),(46504,1084,22,'seoul','n',36,0,'03:00:00',15600,NULL,'jeonju','seoul','2022-12-16 17:45:00','2022-12-16 20:45:00'),(46505,1082,21,'seoul','p',28,0,'03:00:00',25600,NULL,'jeonju','seoul','2022-12-16 18:15:00','2022-12-16 21:15:00'),(46506,1003,1,'seoul','p',28,0,'03:00:00',25600,NULL,'jeonju','seoul','2022-12-16 18:45:00','2022-12-16 21:45:00'),(46507,1071,19,'seoul','n',36,0,'03:00:00',15600,NULL,'jeonju','seoul','2022-12-16 19:15:00','2022-12-16 22:15:00'),(46508,1069,18,'seoul','p',28,0,'03:00:00',25600,NULL,'jeonju','seoul','2022-12-16 19:45:00','2022-12-16 22:45:00'),(46509,1067,17,'seoul','p',28,0,'03:00:00',25600,NULL,'jeonju','seoul','2022-12-16 20:15:00','2022-12-16 23:15:00'),(46510,1064,16,'seoul','p',28,0,'03:00:00',25600,NULL,'jeonju','seoul','2022-12-16 20:45:00','2022-12-16 23:45:00'),(46511,1049,15,'seoul','n',36,0,'03:00:00',15600,NULL,'jeonju','seoul','2022-12-16 21:15:00','2022-12-17 00:15:00'),(46512,1041,14,'seoul','n',36,0,'03:00:00',15600,NULL,'jeonju','seoul','2022-12-16 21:45:00','2022-12-17 00:45:00'),(46513,1037,13,'seoul','p',28,0,'03:00:00',25600,NULL,'jeonju','seoul','2022-12-16 22:15:00','2022-12-17 01:15:00'),(46514,1032,12,'seoul','h',28,0,'03:00:00',20600,NULL,'jeonju','seoul','2022-12-16 22:45:00','2022-12-17 01:45:00'),(46515,1031,11,'seoul','n',36,0,'03:00:00',15600,NULL,'jeonju','seoul','2022-12-16 23:15:00','2022-12-17 02:15:00'),(46516,1024,10,'seoul','n',36,0,'03:00:00',15600,NULL,'jeonju','seoul','2022-12-16 23:45:00','2022-12-17 02:45:00'),(46517,1075,20,'seoul','p',28,0,'03:00:00',25600,NULL,'jeonju','seoul','2022-12-17 00:00:00','2022-12-17 03:00:00'),(46518,1996,38,'seoul','p',28,0,'03:00:00',25600,NULL,'jeonju','seoul','2022-12-17 00:30:00','2022-12-17 03:30:00'),(46519,1142,31,'seoul','p',28,0,'03:00:00',25600,NULL,'jeonju','seoul','2022-12-17 01:00:00','2022-12-17 04:00:00'),(46520,1133,30,'seoul','p',28,0,'03:00:00',25600,NULL,'jeonju','seoul','2022-12-17 01:30:00','2022-12-17 04:30:00'),(46521,1124,29,'seoul','p',28,0,'03:00:00',25600,NULL,'jeonju','seoul','2022-12-17 02:00:00','2022-12-17 05:00:00'),(46522,1116,28,'seoul','p',28,0,'03:00:00',25600,NULL,'jeonju','seoul','2022-12-17 02:30:00','2022-12-17 05:30:00'),(46523,1113,27,'seoul','p',28,0,'03:00:00',25600,NULL,'jeonju','seoul','2022-12-17 03:00:00','2022-12-17 06:00:00'),(46524,1103,26,'seoul','p',28,0,'03:00:00',25600,NULL,'jeonju','seoul','2022-12-17 03:30:00','2022-12-17 06:30:00'),(46525,1099,25,'seoul','h',28,0,'03:00:00',20600,NULL,'jeonju','seoul','2022-12-17 04:00:00','2022-12-17 07:00:00'),(46526,1093,24,'seoul','p',28,0,'03:00:00',25600,NULL,'jeonju','seoul','2022-12-17 04:30:00','2022-12-17 07:30:00'),(46527,1090,23,'seoul','p',28,0,'03:00:00',25600,NULL,'jeonju','seoul','2022-12-17 05:00:00','2022-12-17 08:00:00'),(46528,1084,22,'seoul','n',36,0,'03:00:00',15600,NULL,'jeonju','seoul','2022-12-17 05:30:00','2022-12-17 08:30:00'),(46529,1082,21,'seoul','p',28,0,'03:00:00',25600,NULL,'jeonju','seoul','2022-12-17 06:00:00','2022-12-17 09:00:00'),(46530,1003,1,'seoul','p',28,0,'03:00:00',25600,NULL,'jeonju','seoul','2022-12-17 06:30:00','2022-12-17 09:30:00'),(46531,1071,19,'seoul','n',36,0,'03:00:00',15600,NULL,'jeonju','seoul','2022-12-17 07:00:00','2022-12-17 10:00:00'),(46532,1069,18,'seoul','p',28,0,'03:00:00',25600,NULL,'jeonju','seoul','2022-12-17 07:30:00','2022-12-17 10:30:00'),(46533,1067,17,'seoul','p',28,0,'03:00:00',25600,NULL,'jeonju','seoul','2022-12-17 08:00:00','2022-12-17 11:00:00'),(46534,1064,16,'seoul','p',28,0,'03:00:00',25600,NULL,'jeonju','seoul','2022-12-17 08:30:00','2022-12-17 11:30:00'),(46535,1049,15,'seoul','n',36,0,'03:00:00',15600,NULL,'jeonju','seoul','2022-12-17 09:00:00','2022-12-17 12:00:00'),(46536,1041,14,'seoul','n',36,0,'03:00:00',15600,NULL,'jeonju','seoul','2022-12-17 09:30:00','2022-12-17 12:30:00'),(46537,1037,13,'seoul','p',28,0,'03:00:00',25600,NULL,'jeonju','seoul','2022-12-17 10:00:00','2022-12-17 13:00:00'),(46538,1032,12,'seoul','h',28,0,'03:00:00',20600,NULL,'jeonju','seoul','2022-12-17 10:30:00','2022-12-17 13:30:00'),(46539,1031,11,'seoul','n',36,0,'03:00:00',15600,NULL,'jeonju','seoul','2022-12-17 11:00:00','2022-12-17 14:00:00'),(46540,1024,10,'seoul','n',36,0,'03:00:00',15600,NULL,'jeonju','seoul','2022-12-17 11:30:00','2022-12-17 14:30:00'),(46541,1075,20,'seoul','p',28,0,'03:00:00',25600,NULL,'jeonju','seoul','2022-12-17 12:00:00','2022-12-17 15:00:00'),(46542,1996,38,'seoul','p',28,0,'03:00:00',25600,NULL,'jeonju','seoul','2022-12-17 12:30:00','2022-12-17 15:30:00'),(46543,1142,31,'seoul','p',28,0,'03:00:00',25600,NULL,'jeonju','seoul','2022-12-17 13:00:00','2022-12-17 16:00:00'),(46544,1133,30,'seoul','p',28,0,'03:00:00',25600,NULL,'jeonju','seoul','2022-12-17 13:30:00','2022-12-17 16:30:00'),(46545,1124,29,'seoul','p',28,0,'03:00:00',25600,NULL,'jeonju','seoul','2022-12-17 14:00:00','2022-12-17 17:00:00'),(46546,1116,28,'seoul','p',28,0,'03:00:00',25600,NULL,'jeonju','seoul','2022-12-17 14:30:00','2022-12-17 17:30:00'),(46547,1113,27,'seoul','p',28,0,'03:00:00',25600,NULL,'jeonju','seoul','2022-12-17 15:00:00','2022-12-17 18:00:00'),(46548,1103,26,'seoul','p',28,0,'03:00:00',25600,NULL,'jeonju','seoul','2022-12-17 15:30:00','2022-12-17 18:30:00'),(46549,1099,25,'seoul','h',28,0,'03:00:00',20600,NULL,'jeonju','seoul','2022-12-17 16:00:00','2022-12-17 19:00:00'),(46550,1093,24,'seoul','p',28,0,'03:00:00',25600,NULL,'jeonju','seoul','2022-12-17 16:30:00','2022-12-17 19:30:00'),(46551,1090,23,'seoul','p',28,0,'03:00:00',25600,NULL,'jeonju','seoul','2022-12-17 17:00:00','2022-12-17 20:00:00'),(46552,1084,22,'seoul','n',36,0,'03:00:00',15600,NULL,'jeonju','seoul','2022-12-17 17:30:00','2022-12-17 20:30:00'),(46553,1082,21,'seoul','p',28,0,'03:00:00',25600,NULL,'jeonju','seoul','2022-12-17 18:00:00','2022-12-17 21:00:00'),(46554,1003,1,'seoul','p',28,0,'03:00:00',25600,NULL,'jeonju','seoul','2022-12-17 18:30:00','2022-12-17 21:30:00'),(46555,1071,19,'seoul','n',36,0,'03:00:00',15600,NULL,'jeonju','seoul','2022-12-17 19:00:00','2022-12-17 22:00:00'),(46556,1069,18,'seoul','p',28,0,'03:00:00',25600,NULL,'jeonju','seoul','2022-12-17 19:30:00','2022-12-17 22:30:00'),(46557,1067,17,'seoul','p',28,0,'03:00:00',25600,NULL,'jeonju','seoul','2022-12-17 20:00:00','2022-12-17 23:00:00'),(46558,1064,16,'seoul','p',28,0,'03:00:00',25600,NULL,'jeonju','seoul','2022-12-17 20:30:00','2022-12-17 23:30:00'),(46559,1049,15,'seoul','n',36,0,'03:00:00',15600,NULL,'jeonju','seoul','2022-12-17 21:00:00','2022-12-18 00:00:00'),(46560,1041,14,'seoul','n',36,0,'03:00:00',15600,NULL,'jeonju','seoul','2022-12-17 21:30:00','2022-12-18 00:30:00'),(46561,1037,13,'seoul','p',28,0,'03:00:00',25600,NULL,'jeonju','seoul','2022-12-17 22:00:00','2022-12-18 01:00:00'),(46562,1032,12,'seoul','h',28,0,'03:00:00',20600,NULL,'jeonju','seoul','2022-12-17 22:30:00','2022-12-18 01:30:00'),(46563,1031,11,'seoul','n',36,0,'03:00:00',15600,NULL,'jeonju','seoul','2022-12-17 23:00:00','2022-12-18 02:00:00'),(46564,1024,10,'seoul','n',36,0,'03:00:00',15600,NULL,'jeonju','seoul','2022-12-17 23:30:00','2022-12-18 02:30:00'),(46565,1075,20,'seoul','p',28,0,'03:00:00',25600,NULL,'jeonju','seoul','2022-12-18 00:15:00','2022-12-18 03:15:00'),(46566,1996,38,'seoul','p',28,0,'03:00:00',25600,NULL,'jeonju','seoul','2022-12-18 00:45:00','2022-12-18 03:45:00'),(46567,1142,31,'seoul','p',28,0,'03:00:00',25600,NULL,'jeonju','seoul','2022-12-18 01:15:00','2022-12-18 04:15:00'),(46568,1133,30,'seoul','p',28,0,'03:00:00',25600,NULL,'jeonju','seoul','2022-12-18 01:45:00','2022-12-18 04:45:00'),(46569,1124,29,'seoul','p',28,0,'03:00:00',25600,NULL,'jeonju','seoul','2022-12-18 02:15:00','2022-12-18 05:15:00'),(46570,1116,28,'seoul','p',28,0,'03:00:00',25600,NULL,'jeonju','seoul','2022-12-18 02:45:00','2022-12-18 05:45:00'),(46571,1113,27,'seoul','p',28,0,'03:00:00',25600,NULL,'jeonju','seoul','2022-12-18 03:15:00','2022-12-18 06:15:00'),(46572,1103,26,'seoul','p',28,0,'03:00:00',25600,NULL,'jeonju','seoul','2022-12-18 03:45:00','2022-12-18 06:45:00'),(46573,1099,25,'seoul','h',28,0,'03:00:00',20600,NULL,'jeonju','seoul','2022-12-18 04:15:00','2022-12-18 07:15:00'),(46574,1093,24,'seoul','p',28,0,'03:00:00',25600,NULL,'jeonju','seoul','2022-12-18 04:45:00','2022-12-18 07:45:00'),(46575,1090,23,'seoul','p',28,0,'03:00:00',25600,NULL,'jeonju','seoul','2022-12-18 05:15:00','2022-12-18 08:15:00'),(46576,1084,22,'seoul','n',36,0,'03:00:00',15600,NULL,'jeonju','seoul','2022-12-18 05:45:00','2022-12-18 08:45:00'),(46577,1082,21,'seoul','p',28,0,'03:00:00',25600,NULL,'jeonju','seoul','2022-12-18 06:15:00','2022-12-18 09:15:00'),(46578,1003,1,'seoul','p',28,0,'03:00:00',25600,NULL,'jeonju','seoul','2022-12-18 06:45:00','2022-12-18 09:45:00'),(46579,1071,19,'seoul','n',36,0,'03:00:00',15600,NULL,'jeonju','seoul','2022-12-18 07:15:00','2022-12-18 10:15:00'),(46580,1069,18,'seoul','p',28,0,'03:00:00',25600,NULL,'jeonju','seoul','2022-12-18 07:45:00','2022-12-18 10:45:00'),(46581,1067,17,'seoul','p',28,0,'03:00:00',25600,NULL,'jeonju','seoul','2022-12-18 08:15:00','2022-12-18 11:15:00'),(46582,1064,16,'seoul','p',28,0,'03:00:00',25600,NULL,'jeonju','seoul','2022-12-18 08:45:00','2022-12-18 11:45:00'),(46583,1049,15,'seoul','n',36,0,'03:00:00',15600,NULL,'jeonju','seoul','2022-12-18 09:15:00','2022-12-18 12:15:00'),(46584,1041,14,'seoul','n',36,0,'03:00:00',15600,NULL,'jeonju','seoul','2022-12-18 09:45:00','2022-12-18 12:45:00'),(46585,1037,13,'seoul','p',28,0,'03:00:00',25600,NULL,'jeonju','seoul','2022-12-18 10:15:00','2022-12-18 13:15:00'),(46586,1032,12,'seoul','h',28,0,'03:00:00',20600,NULL,'jeonju','seoul','2022-12-18 10:45:00','2022-12-18 13:45:00'),(46587,1031,11,'seoul','n',36,0,'03:00:00',15600,NULL,'jeonju','seoul','2022-12-18 11:15:00','2022-12-18 14:15:00'),(46588,1024,10,'seoul','n',36,0,'03:00:00',15600,NULL,'jeonju','seoul','2022-12-18 11:45:00','2022-12-18 14:45:00'),(46589,1075,20,'seoul','p',28,0,'03:00:00',25600,NULL,'jeonju','seoul','2022-12-18 12:15:00','2022-12-18 15:15:00'),(46590,1996,38,'seoul','p',28,0,'03:00:00',25600,NULL,'jeonju','seoul','2022-12-18 12:45:00','2022-12-18 15:45:00'),(46591,1142,31,'seoul','p',28,0,'03:00:00',25600,NULL,'jeonju','seoul','2022-12-18 13:15:00','2022-12-18 16:15:00'),(46592,1133,30,'seoul','p',28,0,'03:00:00',25600,NULL,'jeonju','seoul','2022-12-18 13:45:00','2022-12-18 16:45:00'),(46593,1124,29,'seoul','p',28,0,'03:00:00',25600,NULL,'jeonju','seoul','2022-12-18 14:15:00','2022-12-18 17:15:00'),(46594,1116,28,'seoul','p',28,0,'03:00:00',25600,NULL,'jeonju','seoul','2022-12-18 14:45:00','2022-12-18 17:45:00'),(46595,1113,27,'seoul','p',28,0,'03:00:00',25600,NULL,'jeonju','seoul','2022-12-18 15:15:00','2022-12-18 18:15:00'),(46596,1103,26,'seoul','p',28,0,'03:00:00',25600,NULL,'jeonju','seoul','2022-12-18 15:45:00','2022-12-18 18:45:00'),(46597,1099,25,'seoul','h',28,0,'03:00:00',20600,NULL,'jeonju','seoul','2022-12-18 16:15:00','2022-12-18 19:15:00'),(46598,1093,24,'seoul','p',28,0,'03:00:00',25600,NULL,'jeonju','seoul','2022-12-18 16:45:00','2022-12-18 19:45:00'),(46599,1090,23,'seoul','p',28,0,'03:00:00',25600,NULL,'jeonju','seoul','2022-12-18 17:15:00','2022-12-18 20:15:00'),(46600,1084,22,'seoul','n',36,0,'03:00:00',15600,NULL,'jeonju','seoul','2022-12-18 17:45:00','2022-12-18 20:45:00'),(46601,1082,21,'seoul','p',28,0,'03:00:00',25600,NULL,'jeonju','seoul','2022-12-18 18:15:00','2022-12-18 21:15:00'),(46602,1003,1,'seoul','p',28,0,'03:00:00',25600,NULL,'jeonju','seoul','2022-12-18 18:45:00','2022-12-18 21:45:00'),(46603,1071,19,'seoul','n',36,0,'03:00:00',15600,NULL,'jeonju','seoul','2022-12-18 19:15:00','2022-12-18 22:15:00'),(46604,1069,18,'seoul','p',28,0,'03:00:00',25600,NULL,'jeonju','seoul','2022-12-18 19:45:00','2022-12-18 22:45:00'),(46605,1067,17,'seoul','p',28,0,'03:00:00',25600,NULL,'jeonju','seoul','2022-12-18 20:15:00','2022-12-18 23:15:00'),(46606,1064,16,'seoul','p',28,0,'03:00:00',25600,NULL,'jeonju','seoul','2022-12-18 20:45:00','2022-12-18 23:45:00'),(46607,1049,15,'seoul','n',36,0,'03:00:00',15600,NULL,'jeonju','seoul','2022-12-18 21:15:00','2022-12-19 00:15:00'),(46608,1041,14,'seoul','n',36,0,'03:00:00',15600,NULL,'jeonju','seoul','2022-12-18 21:45:00','2022-12-19 00:45:00'),(46609,1037,13,'seoul','p',28,0,'03:00:00',25600,NULL,'jeonju','seoul','2022-12-18 22:15:00','2022-12-19 01:15:00'),(46610,1032,12,'seoul','h',28,0,'03:00:00',20600,NULL,'jeonju','seoul','2022-12-18 22:45:00','2022-12-19 01:45:00'),(46611,1031,11,'seoul','n',36,0,'03:00:00',15600,NULL,'jeonju','seoul','2022-12-18 23:15:00','2022-12-19 02:15:00'),(46612,1024,10,'seoul','n',36,0,'03:00:00',15600,NULL,'jeonju','seoul','2022-12-18 23:45:00','2022-12-19 02:45:00'),(46613,1075,20,'seoul','p',28,0,'03:00:00',25600,NULL,'jeonju','seoul','2022-12-19 00:00:00','2022-12-19 03:00:00'),(46614,1996,38,'seoul','p',28,0,'03:00:00',25600,NULL,'jeonju','seoul','2022-12-19 00:30:00','2022-12-19 03:30:00'),(46615,1142,31,'seoul','p',28,0,'03:00:00',25600,NULL,'jeonju','seoul','2022-12-19 01:00:00','2022-12-19 04:00:00'),(46616,1133,30,'seoul','p',28,0,'03:00:00',25600,NULL,'jeonju','seoul','2022-12-19 01:30:00','2022-12-19 04:30:00'),(46617,1124,29,'seoul','p',28,0,'03:00:00',25600,NULL,'jeonju','seoul','2022-12-19 02:00:00','2022-12-19 05:00:00'),(46618,1116,28,'seoul','p',28,0,'03:00:00',25600,NULL,'jeonju','seoul','2022-12-19 02:30:00','2022-12-19 05:30:00'),(46619,1113,27,'seoul','p',28,0,'03:00:00',25600,NULL,'jeonju','seoul','2022-12-19 03:00:00','2022-12-19 06:00:00'),(46620,1103,26,'seoul','p',28,0,'03:00:00',25600,NULL,'jeonju','seoul','2022-12-19 03:30:00','2022-12-19 06:30:00'),(46621,1099,25,'seoul','h',28,0,'03:00:00',20600,NULL,'jeonju','seoul','2022-12-19 04:00:00','2022-12-19 07:00:00'),(46622,1093,24,'seoul','p',28,0,'03:00:00',25600,NULL,'jeonju','seoul','2022-12-19 04:30:00','2022-12-19 07:30:00'),(46623,1090,23,'seoul','p',28,0,'03:00:00',25600,NULL,'jeonju','seoul','2022-12-19 05:00:00','2022-12-19 08:00:00'),(46624,1084,22,'seoul','n',36,0,'03:00:00',15600,NULL,'jeonju','seoul','2022-12-19 05:30:00','2022-12-19 08:30:00'),(46625,1082,21,'seoul','p',28,0,'03:00:00',25600,NULL,'jeonju','seoul','2022-12-19 06:00:00','2022-12-19 09:00:00'),(46626,1003,1,'seoul','p',28,0,'03:00:00',25600,NULL,'jeonju','seoul','2022-12-19 06:30:00','2022-12-19 09:30:00'),(46627,1071,19,'seoul','n',36,0,'03:00:00',15600,NULL,'jeonju','seoul','2022-12-19 07:00:00','2022-12-19 10:00:00'),(46628,1069,18,'seoul','p',28,0,'03:00:00',25600,NULL,'jeonju','seoul','2022-12-19 07:30:00','2022-12-19 10:30:00'),(46629,1067,17,'seoul','p',28,0,'03:00:00',25600,NULL,'jeonju','seoul','2022-12-19 08:00:00','2022-12-19 11:00:00'),(46630,1064,16,'seoul','p',28,0,'03:00:00',25600,NULL,'jeonju','seoul','2022-12-19 08:30:00','2022-12-19 11:30:00'),(46631,1049,15,'seoul','n',36,0,'03:00:00',15600,NULL,'jeonju','seoul','2022-12-19 09:00:00','2022-12-19 12:00:00'),(46632,1041,14,'seoul','n',36,0,'03:00:00',15600,NULL,'jeonju','seoul','2022-12-19 09:30:00','2022-12-19 12:30:00'),(46633,1037,13,'seoul','p',28,0,'03:00:00',25600,NULL,'jeonju','seoul','2022-12-19 10:00:00','2022-12-19 13:00:00'),(46634,1032,12,'seoul','h',28,0,'03:00:00',20600,NULL,'jeonju','seoul','2022-12-19 10:30:00','2022-12-19 13:30:00'),(46635,1031,11,'seoul','n',36,0,'03:00:00',15600,NULL,'jeonju','seoul','2022-12-19 11:00:00','2022-12-19 14:00:00'),(46636,1024,10,'seoul','n',36,0,'03:00:00',15600,NULL,'jeonju','seoul','2022-12-19 11:30:00','2022-12-19 14:30:00'),(46637,1075,20,'seoul','p',28,0,'03:00:00',25600,NULL,'jeonju','seoul','2022-12-19 12:00:00','2022-12-19 15:00:00'),(46638,1996,38,'seoul','p',28,0,'03:00:00',25600,NULL,'jeonju','seoul','2022-12-19 12:30:00','2022-12-19 15:30:00'),(46639,1142,31,'seoul','p',28,0,'03:00:00',25600,NULL,'jeonju','seoul','2022-12-19 13:00:00','2022-12-19 16:00:00'),(46640,1133,30,'seoul','p',28,0,'03:00:00',25600,NULL,'jeonju','seoul','2022-12-19 13:30:00','2022-12-19 16:30:00'),(46641,1124,29,'seoul','p',28,0,'03:00:00',25600,NULL,'jeonju','seoul','2022-12-19 14:00:00','2022-12-19 17:00:00'),(46642,1116,28,'seoul','p',28,0,'03:00:00',25600,NULL,'jeonju','seoul','2022-12-19 14:30:00','2022-12-19 17:30:00'),(46643,1113,27,'seoul','p',28,0,'03:00:00',25600,NULL,'jeonju','seoul','2022-12-19 15:00:00','2022-12-19 18:00:00'),(46644,1103,26,'seoul','p',28,0,'03:00:00',25600,NULL,'jeonju','seoul','2022-12-19 15:30:00','2022-12-19 18:30:00'),(46645,1099,25,'seoul','h',28,0,'03:00:00',20600,NULL,'jeonju','seoul','2022-12-19 16:00:00','2022-12-19 19:00:00'),(46646,1093,24,'seoul','p',28,0,'03:00:00',25600,NULL,'jeonju','seoul','2022-12-19 16:30:00','2022-12-19 19:30:00'),(46647,1087,51,'jeonju','h',28,0,'03:00:00',20600,NULL,'seoul','jeonju','2022-12-16 00:15:00','2022-12-16 03:15:00'),(46648,1989,80,'jeonju','h',28,0,'03:00:00',20600,NULL,'seoul','jeonju','2022-12-16 00:45:00','2022-12-16 03:45:00'),(46649,1161,62,'jeonju','p',28,0,'03:00:00',25600,NULL,'seoul','jeonju','2022-12-16 01:15:00','2022-12-16 04:15:00'),(46650,1159,61,'jeonju','n',36,0,'03:00:00',15600,NULL,'seoul','jeonju','2022-12-16 01:45:00','2022-12-16 04:45:00'),(46651,1154,60,'jeonju','p',28,0,'03:00:00',25600,NULL,'seoul','jeonju','2022-12-16 02:15:00','2022-12-16 05:15:00'),(46652,1147,59,'jeonju','p',28,0,'03:00:00',25600,NULL,'seoul','jeonju','2022-12-16 02:45:00','2022-12-16 05:45:00'),(46653,1141,58,'jeonju','p',28,0,'03:00:00',25600,NULL,'seoul','jeonju','2022-12-16 03:15:00','2022-12-16 06:15:00'),(46654,1136,57,'jeonju','p',28,0,'03:00:00',25600,NULL,'seoul','jeonju','2022-12-16 03:45:00','2022-12-16 06:45:00'),(46655,1131,56,'jeonju','p',28,0,'03:00:00',25600,NULL,'seoul','jeonju','2022-12-16 04:15:00','2022-12-16 07:15:00'),(46656,1127,55,'jeonju','p',28,0,'03:00:00',25600,NULL,'seoul','jeonju','2022-12-16 04:45:00','2022-12-16 07:45:00'),(46657,1108,54,'jeonju','n',36,0,'03:00:00',15600,NULL,'seoul','jeonju','2022-12-16 05:15:00','2022-12-16 08:15:00'),(46658,1107,53,'jeonju','h',28,0,'03:00:00',20600,NULL,'seoul','jeonju','2022-12-16 05:45:00','2022-12-16 08:45:00'),(46659,1089,52,'jeonju','p',28,0,'03:00:00',25600,NULL,'seoul','jeonju','2022-12-16 06:15:00','2022-12-16 09:15:00'),(46660,1001,39,'jeonju','p',28,0,'03:00:00',25600,NULL,'seoul','jeonju','2022-12-16 06:45:00','2022-12-16 09:45:00'),(46661,1085,50,'jeonju','p',28,0,'03:00:00',25600,NULL,'seoul','jeonju','2022-12-16 07:15:00','2022-12-16 10:15:00'),(46662,1074,49,'jeonju','n',36,0,'03:00:00',15600,NULL,'seoul','jeonju','2022-12-16 07:45:00','2022-12-16 10:45:00'),(46663,1061,48,'jeonju','p',28,0,'03:00:00',25600,NULL,'seoul','jeonju','2022-12-16 08:15:00','2022-12-16 11:15:00'),(46664,1059,47,'jeonju','n',36,0,'03:00:00',15600,NULL,'seoul','jeonju','2022-12-16 08:45:00','2022-12-16 11:45:00'),(46665,1054,46,'jeonju','p',28,0,'03:00:00',25600,NULL,'seoul','jeonju','2022-12-16 09:15:00','2022-12-16 12:15:00'),(46666,1050,45,'jeonju','p',28,0,'03:00:00',25600,NULL,'seoul','jeonju','2022-12-16 09:45:00','2022-12-16 12:45:00'),(46667,1046,44,'jeonju','p',28,0,'03:00:00',25600,NULL,'seoul','jeonju','2022-12-16 10:15:00','2022-12-16 13:15:00'),(46668,1044,43,'jeonju','n',36,0,'03:00:00',15600,NULL,'seoul','jeonju','2022-12-16 10:45:00','2022-12-16 13:45:00'),(46669,1038,42,'jeonju','p',28,0,'03:00:00',25600,NULL,'seoul','jeonju','2022-12-16 11:15:00','2022-12-16 14:15:00'),(46670,1035,41,'jeonju','h',28,0,'03:00:00',20600,NULL,'seoul','jeonju','2022-12-16 11:45:00','2022-12-16 14:45:00'),(46671,1087,51,'jeonju','h',28,0,'03:00:00',20600,NULL,'seoul','jeonju','2022-12-16 12:15:00','2022-12-16 15:15:00'),(46672,1989,80,'jeonju','h',28,0,'03:00:00',20600,NULL,'seoul','jeonju','2022-12-16 12:45:00','2022-12-16 15:45:00'),(46673,1161,62,'jeonju','p',28,0,'03:00:00',25600,NULL,'seoul','jeonju','2022-12-16 13:15:00','2022-12-16 16:15:00'),(46674,1159,61,'jeonju','n',36,0,'03:00:00',15600,NULL,'seoul','jeonju','2022-12-16 13:45:00','2022-12-16 16:45:00'),(46675,1154,60,'jeonju','p',28,0,'03:00:00',25600,NULL,'seoul','jeonju','2022-12-16 14:15:00','2022-12-16 17:15:00'),(46676,1147,59,'jeonju','p',28,0,'03:00:00',25600,NULL,'seoul','jeonju','2022-12-16 14:45:00','2022-12-16 17:45:00'),(46677,1141,58,'jeonju','p',28,0,'03:00:00',25600,NULL,'seoul','jeonju','2022-12-16 15:15:00','2022-12-16 18:15:00'),(46678,1136,57,'jeonju','p',28,0,'03:00:00',25600,NULL,'seoul','jeonju','2022-12-16 15:45:00','2022-12-16 18:45:00'),(46679,1131,56,'jeonju','p',28,0,'03:00:00',25600,NULL,'seoul','jeonju','2022-12-16 16:15:00','2022-12-16 19:15:00'),(46680,1127,55,'jeonju','p',28,0,'03:00:00',25600,NULL,'seoul','jeonju','2022-12-16 16:45:00','2022-12-16 19:45:00'),(46681,1108,54,'jeonju','n',36,0,'03:00:00',15600,NULL,'seoul','jeonju','2022-12-16 17:15:00','2022-12-16 20:15:00'),(46682,1107,53,'jeonju','h',28,0,'03:00:00',20600,NULL,'seoul','jeonju','2022-12-16 17:45:00','2022-12-16 20:45:00'),(46683,1089,52,'jeonju','p',28,0,'03:00:00',25600,NULL,'seoul','jeonju','2022-12-16 18:15:00','2022-12-16 21:15:00'),(46684,1001,39,'jeonju','p',28,0,'03:00:00',25600,NULL,'seoul','jeonju','2022-12-16 18:45:00','2022-12-16 21:45:00'),(46685,1085,50,'jeonju','p',28,0,'03:00:00',25600,NULL,'seoul','jeonju','2022-12-16 19:15:00','2022-12-16 22:15:00'),(46686,1074,49,'jeonju','n',36,0,'03:00:00',15600,NULL,'seoul','jeonju','2022-12-16 19:45:00','2022-12-16 22:45:00'),(46687,1061,48,'jeonju','p',28,0,'03:00:00',25600,NULL,'seoul','jeonju','2022-12-16 20:15:00','2022-12-16 23:15:00'),(46688,1059,47,'jeonju','n',36,0,'03:00:00',15600,NULL,'seoul','jeonju','2022-12-16 20:45:00','2022-12-16 23:45:00'),(46689,1054,46,'jeonju','p',28,0,'03:00:00',25600,NULL,'seoul','jeonju','2022-12-16 21:15:00','2022-12-17 00:15:00'),(46690,1050,45,'jeonju','p',28,0,'03:00:00',25600,NULL,'seoul','jeonju','2022-12-16 21:45:00','2022-12-17 00:45:00'),(46691,1046,44,'jeonju','p',28,0,'03:00:00',25600,NULL,'seoul','jeonju','2022-12-16 22:15:00','2022-12-17 01:15:00'),(46692,1044,43,'jeonju','n',36,0,'03:00:00',15600,NULL,'seoul','jeonju','2022-12-16 22:45:00','2022-12-17 01:45:00'),(46693,1038,42,'jeonju','p',28,0,'03:00:00',25600,NULL,'seoul','jeonju','2022-12-16 23:15:00','2022-12-17 02:15:00'),(46694,1035,41,'jeonju','h',28,0,'03:00:00',20600,NULL,'seoul','jeonju','2022-12-16 23:45:00','2022-12-17 02:45:00'),(46695,1087,51,'jeonju','h',28,0,'03:00:00',20600,NULL,'seoul','jeonju','2022-12-17 00:00:00','2022-12-17 03:00:00'),(46696,1989,80,'jeonju','h',28,0,'03:00:00',20600,NULL,'seoul','jeonju','2022-12-17 00:30:00','2022-12-17 03:30:00'),(46697,1161,62,'jeonju','p',28,0,'03:00:00',25600,NULL,'seoul','jeonju','2022-12-17 01:00:00','2022-12-17 04:00:00'),(46698,1159,61,'jeonju','n',36,0,'03:00:00',15600,NULL,'seoul','jeonju','2022-12-17 01:30:00','2022-12-17 04:30:00'),(46699,1154,60,'jeonju','p',28,0,'03:00:00',25600,NULL,'seoul','jeonju','2022-12-17 02:00:00','2022-12-17 05:00:00'),(46700,1147,59,'jeonju','p',28,0,'03:00:00',25600,NULL,'seoul','jeonju','2022-12-17 02:30:00','2022-12-17 05:30:00'),(46701,1141,58,'jeonju','p',28,0,'03:00:00',25600,NULL,'seoul','jeonju','2022-12-17 03:00:00','2022-12-17 06:00:00'),(46702,1136,57,'jeonju','p',28,0,'03:00:00',25600,NULL,'seoul','jeonju','2022-12-17 03:30:00','2022-12-17 06:30:00'),(46703,1131,56,'jeonju','p',28,0,'03:00:00',25600,NULL,'seoul','jeonju','2022-12-17 04:00:00','2022-12-17 07:00:00'),(46704,1127,55,'jeonju','p',28,0,'03:00:00',25600,NULL,'seoul','jeonju','2022-12-17 04:30:00','2022-12-17 07:30:00'),(46705,1108,54,'jeonju','n',36,0,'03:00:00',15600,NULL,'seoul','jeonju','2022-12-17 05:00:00','2022-12-17 08:00:00'),(46706,1107,53,'jeonju','h',28,0,'03:00:00',20600,NULL,'seoul','jeonju','2022-12-17 05:30:00','2022-12-17 08:30:00'),(46707,1089,52,'jeonju','p',28,0,'03:00:00',25600,NULL,'seoul','jeonju','2022-12-17 06:00:00','2022-12-17 09:00:00'),(46708,1001,39,'jeonju','p',28,0,'03:00:00',25600,NULL,'seoul','jeonju','2022-12-17 06:30:00','2022-12-17 09:30:00'),(46709,1085,50,'jeonju','p',28,0,'03:00:00',25600,NULL,'seoul','jeonju','2022-12-17 07:00:00','2022-12-17 10:00:00'),(46710,1074,49,'jeonju','n',36,0,'03:00:00',15600,NULL,'seoul','jeonju','2022-12-17 07:30:00','2022-12-17 10:30:00'),(46711,1061,48,'jeonju','p',28,0,'03:00:00',25600,NULL,'seoul','jeonju','2022-12-17 08:00:00','2022-12-17 11:00:00'),(46712,1059,47,'jeonju','n',36,0,'03:00:00',15600,NULL,'seoul','jeonju','2022-12-17 08:30:00','2022-12-17 11:30:00'),(46713,1054,46,'jeonju','p',28,0,'03:00:00',25600,NULL,'seoul','jeonju','2022-12-17 09:00:00','2022-12-17 12:00:00'),(46714,1050,45,'jeonju','p',28,0,'03:00:00',25600,NULL,'seoul','jeonju','2022-12-17 09:30:00','2022-12-17 12:30:00'),(46715,1046,44,'jeonju','p',28,0,'03:00:00',25600,NULL,'seoul','jeonju','2022-12-17 10:00:00','2022-12-17 13:00:00'),(46716,1044,43,'jeonju','n',36,0,'03:00:00',15600,NULL,'seoul','jeonju','2022-12-17 10:30:00','2022-12-17 13:30:00'),(46717,1038,42,'jeonju','p',28,0,'03:00:00',25600,NULL,'seoul','jeonju','2022-12-17 11:00:00','2022-12-17 14:00:00'),(46718,1035,41,'jeonju','h',28,0,'03:00:00',20600,NULL,'seoul','jeonju','2022-12-17 11:30:00','2022-12-17 14:30:00'),(46719,1087,51,'jeonju','h',28,0,'03:00:00',20600,NULL,'seoul','jeonju','2022-12-17 12:00:00','2022-12-17 15:00:00'),(46720,1989,80,'jeonju','h',28,0,'03:00:00',20600,NULL,'seoul','jeonju','2022-12-17 12:30:00','2022-12-17 15:30:00'),(46721,1161,62,'jeonju','p',28,0,'03:00:00',25600,NULL,'seoul','jeonju','2022-12-17 13:00:00','2022-12-17 16:00:00'),(46722,1159,61,'jeonju','n',36,0,'03:00:00',15600,NULL,'seoul','jeonju','2022-12-17 13:30:00','2022-12-17 16:30:00'),(46723,1154,60,'jeonju','p',28,0,'03:00:00',25600,NULL,'seoul','jeonju','2022-12-17 14:00:00','2022-12-17 17:00:00'),(46724,1147,59,'jeonju','p',28,0,'03:00:00',25600,NULL,'seoul','jeonju','2022-12-17 14:30:00','2022-12-17 17:30:00'),(46725,1141,58,'jeonju','p',28,0,'03:00:00',25600,NULL,'seoul','jeonju','2022-12-17 15:00:00','2022-12-17 18:00:00'),(46726,1136,57,'jeonju','p',28,0,'03:00:00',25600,NULL,'seoul','jeonju','2022-12-17 15:30:00','2022-12-17 18:30:00'),(46727,1131,56,'jeonju','p',28,0,'03:00:00',25600,NULL,'seoul','jeonju','2022-12-17 16:00:00','2022-12-17 19:00:00'),(46728,1127,55,'jeonju','p',28,0,'03:00:00',25600,NULL,'seoul','jeonju','2022-12-17 16:30:00','2022-12-17 19:30:00'),(46729,1108,54,'jeonju','n',36,0,'03:00:00',15600,NULL,'seoul','jeonju','2022-12-17 17:00:00','2022-12-17 20:00:00'),(46730,1107,53,'jeonju','h',28,0,'03:00:00',20600,NULL,'seoul','jeonju','2022-12-17 17:30:00','2022-12-17 20:30:00'),(46731,1089,52,'jeonju','p',28,0,'03:00:00',25600,NULL,'seoul','jeonju','2022-12-17 18:00:00','2022-12-17 21:00:00'),(46732,1001,39,'jeonju','p',28,0,'03:00:00',25600,NULL,'seoul','jeonju','2022-12-17 18:30:00','2022-12-17 21:30:00'),(46733,1085,50,'jeonju','p',28,0,'03:00:00',25600,NULL,'seoul','jeonju','2022-12-17 19:00:00','2022-12-17 22:00:00'),(46734,1074,49,'jeonju','n',36,0,'03:00:00',15600,NULL,'seoul','jeonju','2022-12-17 19:30:00','2022-12-17 22:30:00'),(46735,1061,48,'jeonju','p',28,0,'03:00:00',25600,NULL,'seoul','jeonju','2022-12-17 20:00:00','2022-12-17 23:00:00'),(46736,1059,47,'jeonju','n',36,0,'03:00:00',15600,NULL,'seoul','jeonju','2022-12-17 20:30:00','2022-12-17 23:30:00'),(46737,1054,46,'jeonju','p',28,0,'03:00:00',25600,NULL,'seoul','jeonju','2022-12-17 21:00:00','2022-12-18 00:00:00'),(46738,1050,45,'jeonju','p',28,0,'03:00:00',25600,NULL,'seoul','jeonju','2022-12-17 21:30:00','2022-12-18 00:30:00'),(46739,1046,44,'jeonju','p',28,0,'03:00:00',25600,NULL,'seoul','jeonju','2022-12-17 22:00:00','2022-12-18 01:00:00'),(46740,1044,43,'jeonju','n',36,0,'03:00:00',15600,NULL,'seoul','jeonju','2022-12-17 22:30:00','2022-12-18 01:30:00'),(46741,1038,42,'jeonju','p',28,0,'03:00:00',25600,NULL,'seoul','jeonju','2022-12-17 23:00:00','2022-12-18 02:00:00'),(46742,1035,41,'jeonju','h',28,0,'03:00:00',20600,NULL,'seoul','jeonju','2022-12-17 23:30:00','2022-12-18 02:30:00'),(46743,1087,51,'jeonju','h',28,0,'03:00:00',20600,NULL,'seoul','jeonju','2022-12-18 00:15:00','2022-12-18 03:15:00'),(46744,1989,80,'jeonju','h',28,0,'03:00:00',20600,NULL,'seoul','jeonju','2022-12-18 00:45:00','2022-12-18 03:45:00'),(46745,1161,62,'jeonju','p',28,0,'03:00:00',25600,NULL,'seoul','jeonju','2022-12-18 01:15:00','2022-12-18 04:15:00'),(46746,1159,61,'jeonju','n',36,0,'03:00:00',15600,NULL,'seoul','jeonju','2022-12-18 01:45:00','2022-12-18 04:45:00'),(46747,1154,60,'jeonju','p',28,0,'03:00:00',25600,NULL,'seoul','jeonju','2022-12-18 02:15:00','2022-12-18 05:15:00'),(46748,1147,59,'jeonju','p',28,0,'03:00:00',25600,NULL,'seoul','jeonju','2022-12-18 02:45:00','2022-12-18 05:45:00'),(46749,1141,58,'jeonju','p',28,0,'03:00:00',25600,NULL,'seoul','jeonju','2022-12-18 03:15:00','2022-12-18 06:15:00'),(46750,1136,57,'jeonju','p',28,0,'03:00:00',25600,NULL,'seoul','jeonju','2022-12-18 03:45:00','2022-12-18 06:45:00'),(46751,1131,56,'jeonju','p',28,0,'03:00:00',25600,NULL,'seoul','jeonju','2022-12-18 04:15:00','2022-12-18 07:15:00'),(46752,1127,55,'jeonju','p',28,0,'03:00:00',25600,NULL,'seoul','jeonju','2022-12-18 04:45:00','2022-12-18 07:45:00'),(46753,1108,54,'jeonju','n',36,0,'03:00:00',15600,NULL,'seoul','jeonju','2022-12-18 05:15:00','2022-12-18 08:15:00'),(46754,1107,53,'jeonju','h',28,0,'03:00:00',20600,NULL,'seoul','jeonju','2022-12-18 05:45:00','2022-12-18 08:45:00'),(46755,1089,52,'jeonju','p',28,0,'03:00:00',25600,NULL,'seoul','jeonju','2022-12-18 06:15:00','2022-12-18 09:15:00'),(46756,1001,39,'jeonju','p',28,0,'03:00:00',25600,NULL,'seoul','jeonju','2022-12-18 06:45:00','2022-12-18 09:45:00'),(46757,1085,50,'jeonju','p',28,0,'03:00:00',25600,NULL,'seoul','jeonju','2022-12-18 07:15:00','2022-12-18 10:15:00'),(46758,1074,49,'jeonju','n',36,0,'03:00:00',15600,NULL,'seoul','jeonju','2022-12-18 07:45:00','2022-12-18 10:45:00'),(46759,1061,48,'jeonju','p',28,0,'03:00:00',25600,NULL,'seoul','jeonju','2022-12-18 08:15:00','2022-12-18 11:15:00'),(46760,1059,47,'jeonju','n',36,0,'03:00:00',15600,NULL,'seoul','jeonju','2022-12-18 08:45:00','2022-12-18 11:45:00'),(46761,1054,46,'jeonju','p',28,0,'03:00:00',25600,NULL,'seoul','jeonju','2022-12-18 09:15:00','2022-12-18 12:15:00'),(46762,1050,45,'jeonju','p',28,0,'03:00:00',25600,NULL,'seoul','jeonju','2022-12-18 09:45:00','2022-12-18 12:45:00'),(46763,1046,44,'jeonju','p',28,0,'03:00:00',25600,NULL,'seoul','jeonju','2022-12-18 10:15:00','2022-12-18 13:15:00'),(46764,1044,43,'jeonju','n',36,0,'03:00:00',15600,NULL,'seoul','jeonju','2022-12-18 10:45:00','2022-12-18 13:45:00'),(46765,1038,42,'jeonju','p',28,0,'03:00:00',25600,NULL,'seoul','jeonju','2022-12-18 11:15:00','2022-12-18 14:15:00'),(46766,1035,41,'jeonju','h',28,0,'03:00:00',20600,NULL,'seoul','jeonju','2022-12-18 11:45:00','2022-12-18 14:45:00'),(46767,1087,51,'jeonju','h',28,0,'03:00:00',20600,NULL,'seoul','jeonju','2022-12-18 12:15:00','2022-12-18 15:15:00'),(46768,1989,80,'jeonju','h',28,0,'03:00:00',20600,NULL,'seoul','jeonju','2022-12-18 12:45:00','2022-12-18 15:45:00'),(46769,1161,62,'jeonju','p',28,0,'03:00:00',25600,NULL,'seoul','jeonju','2022-12-18 13:15:00','2022-12-18 16:15:00'),(46770,1159,61,'jeonju','n',36,0,'03:00:00',15600,NULL,'seoul','jeonju','2022-12-18 13:45:00','2022-12-18 16:45:00'),(46771,1154,60,'jeonju','p',28,0,'03:00:00',25600,NULL,'seoul','jeonju','2022-12-18 14:15:00','2022-12-18 17:15:00'),(46772,1147,59,'jeonju','p',28,0,'03:00:00',25600,NULL,'seoul','jeonju','2022-12-18 14:45:00','2022-12-18 17:45:00'),(46773,1141,58,'jeonju','p',28,0,'03:00:00',25600,NULL,'seoul','jeonju','2022-12-18 15:15:00','2022-12-18 18:15:00'),(46774,1136,57,'jeonju','p',28,0,'03:00:00',25600,NULL,'seoul','jeonju','2022-12-18 15:45:00','2022-12-18 18:45:00'),(46775,1131,56,'jeonju','p',28,0,'03:00:00',25600,NULL,'seoul','jeonju','2022-12-18 16:15:00','2022-12-18 19:15:00'),(46776,1127,55,'jeonju','p',28,0,'03:00:00',25600,NULL,'seoul','jeonju','2022-12-18 16:45:00','2022-12-18 19:45:00'),(46777,1108,54,'jeonju','n',36,0,'03:00:00',15600,NULL,'seoul','jeonju','2022-12-18 17:15:00','2022-12-18 20:15:00'),(46778,1107,53,'jeonju','h',28,0,'03:00:00',20600,NULL,'seoul','jeonju','2022-12-18 17:45:00','2022-12-18 20:45:00'),(46779,1089,52,'jeonju','p',28,0,'03:00:00',25600,NULL,'seoul','jeonju','2022-12-18 18:15:00','2022-12-18 21:15:00'),(46780,1001,39,'jeonju','p',28,0,'03:00:00',25600,NULL,'seoul','jeonju','2022-12-18 18:45:00','2022-12-18 21:45:00'),(46781,1085,50,'jeonju','p',28,0,'03:00:00',25600,NULL,'seoul','jeonju','2022-12-18 19:15:00','2022-12-18 22:15:00'),(46782,1074,49,'jeonju','n',36,0,'03:00:00',15600,NULL,'seoul','jeonju','2022-12-18 19:45:00','2022-12-18 22:45:00'),(46783,1061,48,'jeonju','p',28,0,'03:00:00',25600,NULL,'seoul','jeonju','2022-12-18 20:15:00','2022-12-18 23:15:00'),(46784,1059,47,'jeonju','n',36,0,'03:00:00',15600,NULL,'seoul','jeonju','2022-12-18 20:45:00','2022-12-18 23:45:00'),(46785,1054,46,'jeonju','p',28,0,'03:00:00',25600,NULL,'seoul','jeonju','2022-12-18 21:15:00','2022-12-19 00:15:00'),(46786,1050,45,'jeonju','p',28,0,'03:00:00',25600,NULL,'seoul','jeonju','2022-12-18 21:45:00','2022-12-19 00:45:00'),(46787,1046,44,'jeonju','p',28,0,'03:00:00',25600,NULL,'seoul','jeonju','2022-12-18 22:15:00','2022-12-19 01:15:00'),(46788,1044,43,'jeonju','n',36,0,'03:00:00',15600,NULL,'seoul','jeonju','2022-12-18 22:45:00','2022-12-19 01:45:00'),(46789,1038,42,'jeonju','p',28,0,'03:00:00',25600,NULL,'seoul','jeonju','2022-12-18 23:15:00','2022-12-19 02:15:00'),(46790,1035,41,'jeonju','h',28,0,'03:00:00',20600,NULL,'seoul','jeonju','2022-12-18 23:45:00','2022-12-19 02:45:00'),(46791,1087,51,'jeonju','h',28,0,'03:00:00',20600,NULL,'seoul','jeonju','2022-12-19 00:00:00','2022-12-19 03:00:00'),(46792,1989,80,'jeonju','h',28,0,'03:00:00',20600,NULL,'seoul','jeonju','2022-12-19 00:30:00','2022-12-19 03:30:00'),(46793,1161,62,'jeonju','p',28,0,'03:00:00',25600,NULL,'seoul','jeonju','2022-12-19 01:00:00','2022-12-19 04:00:00'),(46794,1159,61,'jeonju','n',36,0,'03:00:00',15600,NULL,'seoul','jeonju','2022-12-19 01:30:00','2022-12-19 04:30:00'),(46795,1154,60,'jeonju','p',28,0,'03:00:00',25600,NULL,'seoul','jeonju','2022-12-19 02:00:00','2022-12-19 05:00:00'),(46796,1147,59,'jeonju','p',28,0,'03:00:00',25600,NULL,'seoul','jeonju','2022-12-19 02:30:00','2022-12-19 05:30:00'),(46797,1141,58,'jeonju','p',28,0,'03:00:00',25600,NULL,'seoul','jeonju','2022-12-19 03:00:00','2022-12-19 06:00:00'),(46798,1136,57,'jeonju','p',28,0,'03:00:00',25600,NULL,'seoul','jeonju','2022-12-19 03:30:00','2022-12-19 06:30:00'),(46799,1131,56,'jeonju','p',28,0,'03:00:00',25600,NULL,'seoul','jeonju','2022-12-19 04:00:00','2022-12-19 07:00:00'),(46800,1127,55,'jeonju','p',28,0,'03:00:00',25600,NULL,'seoul','jeonju','2022-12-19 04:30:00','2022-12-19 07:30:00'),(46801,1108,54,'jeonju','n',36,0,'03:00:00',15600,NULL,'seoul','jeonju','2022-12-19 05:00:00','2022-12-19 08:00:00'),(46802,1107,53,'jeonju','h',28,0,'03:00:00',20600,NULL,'seoul','jeonju','2022-12-19 05:30:00','2022-12-19 08:30:00'),(46803,1089,52,'jeonju','p',28,0,'03:00:00',25600,NULL,'seoul','jeonju','2022-12-19 06:00:00','2022-12-19 09:00:00'),(46804,1001,39,'jeonju','p',28,0,'03:00:00',25600,NULL,'seoul','jeonju','2022-12-19 06:30:00','2022-12-19 09:30:00'),(46805,1085,50,'jeonju','p',28,0,'03:00:00',25600,NULL,'seoul','jeonju','2022-12-19 07:00:00','2022-12-19 10:00:00'),(46806,1074,49,'jeonju','n',36,0,'03:00:00',15600,NULL,'seoul','jeonju','2022-12-19 07:30:00','2022-12-19 10:30:00'),(46807,1061,48,'jeonju','p',28,0,'03:00:00',25600,NULL,'seoul','jeonju','2022-12-19 08:00:00','2022-12-19 11:00:00'),(46808,1059,47,'jeonju','n',36,0,'03:00:00',15600,NULL,'seoul','jeonju','2022-12-19 08:30:00','2022-12-19 11:30:00'),(46809,1054,46,'jeonju','p',28,0,'03:00:00',25600,NULL,'seoul','jeonju','2022-12-19 09:00:00','2022-12-19 12:00:00'),(46810,1050,45,'jeonju','p',28,0,'03:00:00',25600,NULL,'seoul','jeonju','2022-12-19 09:30:00','2022-12-19 12:30:00'),(46811,1046,44,'jeonju','p',28,0,'03:00:00',25600,NULL,'seoul','jeonju','2022-12-19 10:00:00','2022-12-19 13:00:00'),(46812,1044,43,'jeonju','n',36,0,'03:00:00',15600,NULL,'seoul','jeonju','2022-12-19 10:30:00','2022-12-19 13:30:00'),(46813,1038,42,'jeonju','p',28,0,'03:00:00',25600,NULL,'seoul','jeonju','2022-12-19 11:00:00','2022-12-19 14:00:00'),(46814,1035,41,'jeonju','h',28,0,'03:00:00',20600,NULL,'seoul','jeonju','2022-12-19 11:30:00','2022-12-19 14:30:00'),(46815,1087,51,'jeonju','h',28,0,'03:00:00',20600,NULL,'seoul','jeonju','2022-12-19 12:00:00','2022-12-19 15:00:00'),(46816,1989,80,'jeonju','h',28,0,'03:00:00',20600,NULL,'seoul','jeonju','2022-12-19 12:30:00','2022-12-19 15:30:00'),(46817,1161,62,'jeonju','p',28,0,'03:00:00',25600,NULL,'seoul','jeonju','2022-12-19 13:00:00','2022-12-19 16:00:00'),(46818,1159,61,'jeonju','n',36,0,'03:00:00',15600,NULL,'seoul','jeonju','2022-12-19 13:30:00','2022-12-19 16:30:00'),(46819,1154,60,'jeonju','p',28,0,'03:00:00',25600,NULL,'seoul','jeonju','2022-12-19 14:00:00','2022-12-19 17:00:00'),(46820,1147,59,'jeonju','p',28,0,'03:00:00',25600,NULL,'seoul','jeonju','2022-12-19 14:30:00','2022-12-19 17:30:00'),(46821,1141,58,'jeonju','p',28,0,'03:00:00',25600,NULL,'seoul','jeonju','2022-12-19 15:00:00','2022-12-19 18:00:00'),(46822,1136,57,'jeonju','p',28,0,'03:00:00',25600,NULL,'seoul','jeonju','2022-12-19 15:30:00','2022-12-19 18:30:00'),(46823,1131,56,'jeonju','p',28,0,'03:00:00',25600,NULL,'seoul','jeonju','2022-12-19 16:00:00','2022-12-19 19:00:00'),(46824,1127,55,'jeonju','p',28,0,'03:00:00',25600,NULL,'seoul','jeonju','2022-12-19 16:30:00','2022-12-19 19:30:00'),(46825,1075,20,'incheon','p',28,0,'03:30:00',25900,NULL,'jeonju','incheon','2022-12-16 00:15:00','2022-12-16 03:15:00'),(46826,1996,38,'incheon','p',28,0,'03:30:00',25900,NULL,'jeonju','incheon','2022-12-16 00:45:00','2022-12-16 03:45:00'),(46827,1142,31,'incheon','p',28,0,'03:30:00',25900,NULL,'jeonju','incheon','2022-12-16 01:15:00','2022-12-16 04:15:00'),(46828,1133,30,'incheon','p',28,0,'03:30:00',25900,NULL,'jeonju','incheon','2022-12-16 01:45:00','2022-12-16 04:45:00'),(46829,1124,29,'incheon','p',28,0,'03:30:00',25900,NULL,'jeonju','incheon','2022-12-16 02:15:00','2022-12-16 05:15:00'),(46830,1116,28,'incheon','p',28,0,'03:30:00',25900,NULL,'jeonju','incheon','2022-12-16 02:45:00','2022-12-16 05:45:00'),(46831,1113,27,'incheon','p',28,0,'03:30:00',25900,NULL,'jeonju','incheon','2022-12-16 03:15:00','2022-12-16 06:15:00'),(46832,1103,26,'incheon','p',28,0,'03:30:00',25900,NULL,'jeonju','incheon','2022-12-16 03:45:00','2022-12-16 06:45:00'),(46833,1099,25,'incheon','h',28,0,'03:30:00',20900,NULL,'jeonju','incheon','2022-12-16 04:15:00','2022-12-16 07:15:00'),(46834,1093,24,'incheon','p',28,0,'03:30:00',25900,NULL,'jeonju','incheon','2022-12-16 04:45:00','2022-12-16 07:45:00'),(46835,1090,23,'incheon','p',28,0,'03:30:00',25900,NULL,'jeonju','incheon','2022-12-16 05:15:00','2022-12-16 08:15:00'),(46836,1084,22,'incheon','n',36,0,'03:30:00',15900,NULL,'jeonju','incheon','2022-12-16 05:45:00','2022-12-16 08:45:00'),(46837,1082,21,'incheon','p',28,0,'03:30:00',25900,NULL,'jeonju','incheon','2022-12-16 06:15:00','2022-12-16 09:15:00'),(46838,1003,1,'incheon','p',28,0,'03:30:00',25900,NULL,'jeonju','incheon','2022-12-16 06:45:00','2022-12-16 09:45:00'),(46839,1071,19,'incheon','n',36,0,'03:30:00',15900,NULL,'jeonju','incheon','2022-12-16 07:15:00','2022-12-16 10:15:00'),(46840,1069,18,'incheon','p',28,0,'03:30:00',25900,NULL,'jeonju','incheon','2022-12-16 07:45:00','2022-12-16 10:45:00'),(46841,1067,17,'incheon','p',28,0,'03:30:00',25900,NULL,'jeonju','incheon','2022-12-16 08:15:00','2022-12-16 11:15:00'),(46842,1064,16,'incheon','p',28,0,'03:30:00',25900,NULL,'jeonju','incheon','2022-12-16 08:45:00','2022-12-16 11:45:00'),(46843,1049,15,'incheon','n',36,0,'03:30:00',15900,NULL,'jeonju','incheon','2022-12-16 09:15:00','2022-12-16 12:15:00'),(46844,1041,14,'incheon','n',36,0,'03:30:00',15900,NULL,'jeonju','incheon','2022-12-16 09:45:00','2022-12-16 12:45:00'),(46845,1037,13,'incheon','p',28,0,'03:30:00',25900,NULL,'jeonju','incheon','2022-12-16 10:15:00','2022-12-16 13:15:00'),(46846,1032,12,'incheon','h',28,0,'03:30:00',20900,NULL,'jeonju','incheon','2022-12-16 10:45:00','2022-12-16 13:45:00'),(46847,1031,11,'incheon','n',36,0,'03:30:00',15900,NULL,'jeonju','incheon','2022-12-16 11:15:00','2022-12-16 14:15:00'),(46848,1024,10,'incheon','n',36,0,'03:30:00',15900,NULL,'jeonju','incheon','2022-12-16 11:45:00','2022-12-16 14:45:00'),(46849,1075,20,'incheon','p',28,0,'03:30:00',25900,NULL,'jeonju','incheon','2022-12-16 12:15:00','2022-12-16 15:15:00'),(46850,1996,38,'incheon','p',28,0,'03:30:00',25900,NULL,'jeonju','incheon','2022-12-16 12:45:00','2022-12-16 15:45:00'),(46851,1142,31,'incheon','p',28,0,'03:30:00',25900,NULL,'jeonju','incheon','2022-12-16 13:15:00','2022-12-16 16:15:00'),(46852,1133,30,'incheon','p',28,0,'03:30:00',25900,NULL,'jeonju','incheon','2022-12-16 13:45:00','2022-12-16 16:45:00'),(46853,1124,29,'incheon','p',28,0,'03:30:00',25900,NULL,'jeonju','incheon','2022-12-16 14:15:00','2022-12-16 17:15:00'),(46854,1116,28,'incheon','p',28,0,'03:30:00',25900,NULL,'jeonju','incheon','2022-12-16 14:45:00','2022-12-16 17:45:00'),(46855,1113,27,'incheon','p',28,0,'03:30:00',25900,NULL,'jeonju','incheon','2022-12-16 15:15:00','2022-12-16 18:15:00'),(46856,1103,26,'incheon','p',28,0,'03:30:00',25900,NULL,'jeonju','incheon','2022-12-16 15:45:00','2022-12-16 18:45:00'),(46857,1099,25,'incheon','h',28,0,'03:30:00',20900,NULL,'jeonju','incheon','2022-12-16 16:15:00','2022-12-16 19:15:00'),(46858,1093,24,'incheon','p',28,0,'03:30:00',25900,NULL,'jeonju','incheon','2022-12-16 16:45:00','2022-12-16 19:45:00'),(46859,1090,23,'incheon','p',28,0,'03:30:00',25900,NULL,'jeonju','incheon','2022-12-16 17:15:00','2022-12-16 20:15:00'),(46860,1084,22,'incheon','n',36,0,'03:30:00',15900,NULL,'jeonju','incheon','2022-12-16 17:45:00','2022-12-16 20:45:00'),(46861,1082,21,'incheon','p',28,0,'03:30:00',25900,NULL,'jeonju','incheon','2022-12-16 18:15:00','2022-12-16 21:15:00'),(46862,1003,1,'incheon','p',28,0,'03:30:00',25900,NULL,'jeonju','incheon','2022-12-16 18:45:00','2022-12-16 21:45:00'),(46863,1071,19,'incheon','n',36,0,'03:30:00',15900,NULL,'jeonju','incheon','2022-12-16 19:15:00','2022-12-16 22:15:00'),(46864,1069,18,'incheon','p',28,0,'03:30:00',25900,NULL,'jeonju','incheon','2022-12-16 19:45:00','2022-12-16 22:45:00'),(46865,1067,17,'incheon','p',28,0,'03:30:00',25900,NULL,'jeonju','incheon','2022-12-16 20:15:00','2022-12-16 23:15:00'),(46866,1064,16,'incheon','p',28,0,'03:30:00',25900,NULL,'jeonju','incheon','2022-12-16 20:45:00','2022-12-16 23:45:00'),(46867,1049,15,'incheon','n',36,0,'03:30:00',15900,NULL,'jeonju','incheon','2022-12-16 21:15:00','2022-12-17 00:15:00'),(46868,1041,14,'incheon','n',36,0,'03:30:00',15900,NULL,'jeonju','incheon','2022-12-16 21:45:00','2022-12-17 00:45:00'),(46869,1037,13,'incheon','p',28,0,'03:30:00',25900,NULL,'jeonju','incheon','2022-12-16 22:15:00','2022-12-17 01:15:00'),(46870,1032,12,'incheon','h',28,0,'03:30:00',20900,NULL,'jeonju','incheon','2022-12-16 22:45:00','2022-12-17 01:45:00'),(46871,1031,11,'incheon','n',36,0,'03:30:00',15900,NULL,'jeonju','incheon','2022-12-16 23:15:00','2022-12-17 02:15:00'),(46872,1024,10,'incheon','n',36,0,'03:30:00',15900,NULL,'jeonju','incheon','2022-12-16 23:45:00','2022-12-17 02:45:00'),(46873,1075,20,'incheon','p',28,0,'03:30:00',25900,NULL,'jeonju','incheon','2022-12-17 00:00:00','2022-12-17 03:00:00'),(46874,1996,38,'incheon','p',28,0,'03:30:00',25900,NULL,'jeonju','incheon','2022-12-17 00:30:00','2022-12-17 03:30:00'),(46875,1142,31,'incheon','p',28,0,'03:30:00',25900,NULL,'jeonju','incheon','2022-12-17 01:00:00','2022-12-17 04:00:00'),(46876,1133,30,'incheon','p',28,0,'03:30:00',25900,NULL,'jeonju','incheon','2022-12-17 01:30:00','2022-12-17 04:30:00'),(46877,1124,29,'incheon','p',28,0,'03:30:00',25900,NULL,'jeonju','incheon','2022-12-17 02:00:00','2022-12-17 05:00:00'),(46878,1116,28,'incheon','p',28,0,'03:30:00',25900,NULL,'jeonju','incheon','2022-12-17 02:30:00','2022-12-17 05:30:00'),(46879,1113,27,'incheon','p',28,0,'03:30:00',25900,NULL,'jeonju','incheon','2022-12-17 03:00:00','2022-12-17 06:00:00'),(46880,1103,26,'incheon','p',28,0,'03:30:00',25900,NULL,'jeonju','incheon','2022-12-17 03:30:00','2022-12-17 06:30:00'),(46881,1099,25,'incheon','h',28,0,'03:30:00',20900,NULL,'jeonju','incheon','2022-12-17 04:00:00','2022-12-17 07:00:00'),(46882,1093,24,'incheon','p',28,0,'03:30:00',25900,NULL,'jeonju','incheon','2022-12-17 04:30:00','2022-12-17 07:30:00'),(46883,1090,23,'incheon','p',28,0,'03:30:00',25900,NULL,'jeonju','incheon','2022-12-17 05:00:00','2022-12-17 08:00:00'),(46884,1084,22,'incheon','n',36,0,'03:30:00',15900,NULL,'jeonju','incheon','2022-12-17 05:30:00','2022-12-17 08:30:00'),(46885,1082,21,'incheon','p',28,0,'03:30:00',25900,NULL,'jeonju','incheon','2022-12-17 06:00:00','2022-12-17 09:00:00'),(46886,1003,1,'incheon','p',28,0,'03:30:00',25900,NULL,'jeonju','incheon','2022-12-17 06:30:00','2022-12-17 09:30:00'),(46887,1071,19,'incheon','n',36,0,'03:30:00',15900,NULL,'jeonju','incheon','2022-12-17 07:00:00','2022-12-17 10:00:00'),(46888,1069,18,'incheon','p',28,0,'03:30:00',25900,NULL,'jeonju','incheon','2022-12-17 07:30:00','2022-12-17 10:30:00'),(46889,1067,17,'incheon','p',28,0,'03:30:00',25900,NULL,'jeonju','incheon','2022-12-17 08:00:00','2022-12-17 11:00:00'),(46890,1064,16,'incheon','p',28,0,'03:30:00',25900,NULL,'jeonju','incheon','2022-12-17 08:30:00','2022-12-17 11:30:00'),(46891,1049,15,'incheon','n',36,0,'03:30:00',15900,NULL,'jeonju','incheon','2022-12-17 09:00:00','2022-12-17 12:00:00'),(46892,1041,14,'incheon','n',36,0,'03:30:00',15900,NULL,'jeonju','incheon','2022-12-17 09:30:00','2022-12-17 12:30:00'),(46893,1037,13,'incheon','p',28,0,'03:30:00',25900,NULL,'jeonju','incheon','2022-12-17 10:00:00','2022-12-17 13:00:00'),(46894,1032,12,'incheon','h',28,0,'03:30:00',20900,NULL,'jeonju','incheon','2022-12-17 10:30:00','2022-12-17 13:30:00'),(46895,1031,11,'incheon','n',36,0,'03:30:00',15900,NULL,'jeonju','incheon','2022-12-17 11:00:00','2022-12-17 14:00:00'),(46896,1024,10,'incheon','n',36,0,'03:30:00',15900,NULL,'jeonju','incheon','2022-12-17 11:30:00','2022-12-17 14:30:00'),(46897,1075,20,'incheon','p',28,0,'03:30:00',25900,NULL,'jeonju','incheon','2022-12-17 12:00:00','2022-12-17 15:00:00'),(46898,1996,38,'incheon','p',28,0,'03:30:00',25900,NULL,'jeonju','incheon','2022-12-17 12:30:00','2022-12-17 15:30:00'),(46899,1142,31,'incheon','p',28,0,'03:30:00',25900,NULL,'jeonju','incheon','2022-12-17 13:00:00','2022-12-17 16:00:00'),(46900,1133,30,'incheon','p',28,0,'03:30:00',25900,NULL,'jeonju','incheon','2022-12-17 13:30:00','2022-12-17 16:30:00'),(46901,1124,29,'incheon','p',28,0,'03:30:00',25900,NULL,'jeonju','incheon','2022-12-17 14:00:00','2022-12-17 17:00:00'),(46902,1116,28,'incheon','p',28,0,'03:30:00',25900,NULL,'jeonju','incheon','2022-12-17 14:30:00','2022-12-17 17:30:00'),(46903,1113,27,'incheon','p',28,0,'03:30:00',25900,NULL,'jeonju','incheon','2022-12-17 15:00:00','2022-12-17 18:00:00'),(46904,1103,26,'incheon','p',28,0,'03:30:00',25900,NULL,'jeonju','incheon','2022-12-17 15:30:00','2022-12-17 18:30:00'),(46905,1099,25,'incheon','h',28,0,'03:30:00',20900,NULL,'jeonju','incheon','2022-12-17 16:00:00','2022-12-17 19:00:00'),(46906,1093,24,'incheon','p',28,0,'03:30:00',25900,NULL,'jeonju','incheon','2022-12-17 16:30:00','2022-12-17 19:30:00'),(46907,1090,23,'incheon','p',28,0,'03:30:00',25900,NULL,'jeonju','incheon','2022-12-17 17:00:00','2022-12-17 20:00:00'),(46908,1084,22,'incheon','n',36,0,'03:30:00',15900,NULL,'jeonju','incheon','2022-12-17 17:30:00','2022-12-17 20:30:00'),(46909,1082,21,'incheon','p',28,0,'03:30:00',25900,NULL,'jeonju','incheon','2022-12-17 18:00:00','2022-12-17 21:00:00'),(46910,1003,1,'incheon','p',28,0,'03:30:00',25900,NULL,'jeonju','incheon','2022-12-17 18:30:00','2022-12-17 21:30:00'),(46911,1071,19,'incheon','n',36,0,'03:30:00',15900,NULL,'jeonju','incheon','2022-12-17 19:00:00','2022-12-17 22:00:00'),(46912,1069,18,'incheon','p',28,0,'03:30:00',25900,NULL,'jeonju','incheon','2022-12-17 19:30:00','2022-12-17 22:30:00'),(46913,1067,17,'incheon','p',28,0,'03:30:00',25900,NULL,'jeonju','incheon','2022-12-17 20:00:00','2022-12-17 23:00:00'),(46914,1064,16,'incheon','p',28,0,'03:30:00',25900,NULL,'jeonju','incheon','2022-12-17 20:30:00','2022-12-17 23:30:00'),(46915,1049,15,'incheon','n',36,0,'03:30:00',15900,NULL,'jeonju','incheon','2022-12-17 21:00:00','2022-12-18 00:00:00'),(46916,1041,14,'incheon','n',36,0,'03:30:00',15900,NULL,'jeonju','incheon','2022-12-17 21:30:00','2022-12-18 00:30:00'),(46917,1037,13,'incheon','p',28,0,'03:30:00',25900,NULL,'jeonju','incheon','2022-12-17 22:00:00','2022-12-18 01:00:00'),(46918,1032,12,'incheon','h',28,0,'03:30:00',20900,NULL,'jeonju','incheon','2022-12-17 22:30:00','2022-12-18 01:30:00'),(46919,1031,11,'incheon','n',36,0,'03:30:00',15900,NULL,'jeonju','incheon','2022-12-17 23:00:00','2022-12-18 02:00:00'),(46920,1024,10,'incheon','n',36,0,'03:30:00',15900,NULL,'jeonju','incheon','2022-12-17 23:30:00','2022-12-18 02:30:00'),(46921,1075,20,'incheon','p',28,0,'03:30:00',25900,NULL,'jeonju','incheon','2022-12-18 00:15:00','2022-12-18 03:15:00'),(46922,1996,38,'incheon','p',28,0,'03:30:00',25900,NULL,'jeonju','incheon','2022-12-18 00:45:00','2022-12-18 03:45:00'),(46923,1142,31,'incheon','p',28,0,'03:30:00',25900,NULL,'jeonju','incheon','2022-12-18 01:15:00','2022-12-18 04:15:00'),(46924,1133,30,'incheon','p',28,0,'03:30:00',25900,NULL,'jeonju','incheon','2022-12-18 01:45:00','2022-12-18 04:45:00'),(46925,1124,29,'incheon','p',28,0,'03:30:00',25900,NULL,'jeonju','incheon','2022-12-18 02:15:00','2022-12-18 05:15:00'),(46926,1116,28,'incheon','p',28,0,'03:30:00',25900,NULL,'jeonju','incheon','2022-12-18 02:45:00','2022-12-18 05:45:00'),(46927,1113,27,'incheon','p',28,0,'03:30:00',25900,NULL,'jeonju','incheon','2022-12-18 03:15:00','2022-12-18 06:15:00'),(46928,1103,26,'incheon','p',28,0,'03:30:00',25900,NULL,'jeonju','incheon','2022-12-18 03:45:00','2022-12-18 06:45:00'),(46929,1099,25,'incheon','h',28,0,'03:30:00',20900,NULL,'jeonju','incheon','2022-12-18 04:15:00','2022-12-18 07:15:00'),(46930,1093,24,'incheon','p',28,0,'03:30:00',25900,NULL,'jeonju','incheon','2022-12-18 04:45:00','2022-12-18 07:45:00'),(46931,1090,23,'incheon','p',28,0,'03:30:00',25900,NULL,'jeonju','incheon','2022-12-18 05:15:00','2022-12-18 08:15:00'),(46932,1084,22,'incheon','n',36,0,'03:30:00',15900,NULL,'jeonju','incheon','2022-12-18 05:45:00','2022-12-18 08:45:00'),(46933,1082,21,'incheon','p',28,0,'03:30:00',25900,NULL,'jeonju','incheon','2022-12-18 06:15:00','2022-12-18 09:15:00'),(46934,1003,1,'incheon','p',28,0,'03:30:00',25900,NULL,'jeonju','incheon','2022-12-18 06:45:00','2022-12-18 09:45:00'),(46935,1071,19,'incheon','n',36,0,'03:30:00',15900,NULL,'jeonju','incheon','2022-12-18 07:15:00','2022-12-18 10:15:00'),(46936,1069,18,'incheon','p',28,0,'03:30:00',25900,NULL,'jeonju','incheon','2022-12-18 07:45:00','2022-12-18 10:45:00'),(46937,1067,17,'incheon','p',28,0,'03:30:00',25900,NULL,'jeonju','incheon','2022-12-18 08:15:00','2022-12-18 11:15:00'),(46938,1064,16,'incheon','p',28,0,'03:30:00',25900,NULL,'jeonju','incheon','2022-12-18 08:45:00','2022-12-18 11:45:00'),(46939,1049,15,'incheon','n',36,0,'03:30:00',15900,NULL,'jeonju','incheon','2022-12-18 09:15:00','2022-12-18 12:15:00'),(46940,1041,14,'incheon','n',36,0,'03:30:00',15900,NULL,'jeonju','incheon','2022-12-18 09:45:00','2022-12-18 12:45:00'),(46941,1037,13,'incheon','p',28,0,'03:30:00',25900,NULL,'jeonju','incheon','2022-12-18 10:15:00','2022-12-18 13:15:00'),(46942,1032,12,'incheon','h',28,0,'03:30:00',20900,NULL,'jeonju','incheon','2022-12-18 10:45:00','2022-12-18 13:45:00'),(46943,1031,11,'incheon','n',36,0,'03:30:00',15900,NULL,'jeonju','incheon','2022-12-18 11:15:00','2022-12-18 14:15:00'),(46944,1024,10,'incheon','n',36,0,'03:30:00',15900,NULL,'jeonju','incheon','2022-12-18 11:45:00','2022-12-18 14:45:00'),(46945,1075,20,'incheon','p',28,0,'03:30:00',25900,NULL,'jeonju','incheon','2022-12-18 12:15:00','2022-12-18 15:15:00'),(46946,1996,38,'incheon','p',28,0,'03:30:00',25900,NULL,'jeonju','incheon','2022-12-18 12:45:00','2022-12-18 15:45:00'),(46947,1142,31,'incheon','p',28,0,'03:30:00',25900,NULL,'jeonju','incheon','2022-12-18 13:15:00','2022-12-18 16:15:00'),(46948,1133,30,'incheon','p',28,0,'03:30:00',25900,NULL,'jeonju','incheon','2022-12-18 13:45:00','2022-12-18 16:45:00'),(46949,1124,29,'incheon','p',28,0,'03:30:00',25900,NULL,'jeonju','incheon','2022-12-18 14:15:00','2022-12-18 17:15:00'),(46950,1116,28,'incheon','p',28,0,'03:30:00',25900,NULL,'jeonju','incheon','2022-12-18 14:45:00','2022-12-18 17:45:00'),(46951,1113,27,'incheon','p',28,0,'03:30:00',25900,NULL,'jeonju','incheon','2022-12-18 15:15:00','2022-12-18 18:15:00'),(46952,1103,26,'incheon','p',28,0,'03:30:00',25900,NULL,'jeonju','incheon','2022-12-18 15:45:00','2022-12-18 18:45:00'),(46953,1099,25,'incheon','h',28,0,'03:30:00',20900,NULL,'jeonju','incheon','2022-12-18 16:15:00','2022-12-18 19:15:00'),(46954,1093,24,'incheon','p',28,0,'03:30:00',25900,NULL,'jeonju','incheon','2022-12-18 16:45:00','2022-12-18 19:45:00'),(46955,1090,23,'incheon','p',28,0,'03:30:00',25900,NULL,'jeonju','incheon','2022-12-18 17:15:00','2022-12-18 20:15:00'),(46956,1084,22,'incheon','n',36,0,'03:30:00',15900,NULL,'jeonju','incheon','2022-12-18 17:45:00','2022-12-18 20:45:00'),(46957,1082,21,'incheon','p',28,0,'03:30:00',25900,NULL,'jeonju','incheon','2022-12-18 18:15:00','2022-12-18 21:15:00'),(46958,1003,1,'incheon','p',28,0,'03:30:00',25900,NULL,'jeonju','incheon','2022-12-18 18:45:00','2022-12-18 21:45:00'),(46959,1071,19,'incheon','n',36,0,'03:30:00',15900,NULL,'jeonju','incheon','2022-12-18 19:15:00','2022-12-18 22:15:00'),(46960,1069,18,'incheon','p',28,0,'03:30:00',25900,NULL,'jeonju','incheon','2022-12-18 19:45:00','2022-12-18 22:45:00'),(46961,1067,17,'incheon','p',28,0,'03:30:00',25900,NULL,'jeonju','incheon','2022-12-18 20:15:00','2022-12-18 23:15:00'),(46962,1064,16,'incheon','p',28,0,'03:30:00',25900,NULL,'jeonju','incheon','2022-12-18 20:45:00','2022-12-18 23:45:00'),(46963,1049,15,'incheon','n',36,0,'03:30:00',15900,NULL,'jeonju','incheon','2022-12-18 21:15:00','2022-12-19 00:15:00'),(46964,1041,14,'incheon','n',36,0,'03:30:00',15900,NULL,'jeonju','incheon','2022-12-18 21:45:00','2022-12-19 00:45:00'),(46965,1037,13,'incheon','p',28,0,'03:30:00',25900,NULL,'jeonju','incheon','2022-12-18 22:15:00','2022-12-19 01:15:00'),(46966,1032,12,'incheon','h',28,0,'03:30:00',20900,NULL,'jeonju','incheon','2022-12-18 22:45:00','2022-12-19 01:45:00'),(46967,1031,11,'incheon','n',36,0,'03:30:00',15900,NULL,'jeonju','incheon','2022-12-18 23:15:00','2022-12-19 02:15:00'),(46968,1024,10,'incheon','n',36,0,'03:30:00',15900,NULL,'jeonju','incheon','2022-12-18 23:45:00','2022-12-19 02:45:00'),(46969,1075,20,'incheon','p',28,0,'03:30:00',25900,NULL,'jeonju','incheon','2022-12-19 00:00:00','2022-12-19 03:00:00'),(46970,1996,38,'incheon','p',28,0,'03:30:00',25900,NULL,'jeonju','incheon','2022-12-19 00:30:00','2022-12-19 03:30:00'),(46971,1142,31,'incheon','p',28,0,'03:30:00',25900,NULL,'jeonju','incheon','2022-12-19 01:00:00','2022-12-19 04:00:00'),(46972,1133,30,'incheon','p',28,0,'03:30:00',25900,NULL,'jeonju','incheon','2022-12-19 01:30:00','2022-12-19 04:30:00'),(46973,1124,29,'incheon','p',28,0,'03:30:00',25900,NULL,'jeonju','incheon','2022-12-19 02:00:00','2022-12-19 05:00:00'),(46974,1116,28,'incheon','p',28,0,'03:30:00',25900,NULL,'jeonju','incheon','2022-12-19 02:30:00','2022-12-19 05:30:00'),(46975,1113,27,'incheon','p',28,0,'03:30:00',25900,NULL,'jeonju','incheon','2022-12-19 03:00:00','2022-12-19 06:00:00'),(46976,1103,26,'incheon','p',28,0,'03:30:00',25900,NULL,'jeonju','incheon','2022-12-19 03:30:00','2022-12-19 06:30:00'),(46977,1099,25,'incheon','h',28,0,'03:30:00',20900,NULL,'jeonju','incheon','2022-12-19 04:00:00','2022-12-19 07:00:00'),(46978,1093,24,'incheon','p',28,0,'03:30:00',25900,NULL,'jeonju','incheon','2022-12-19 04:30:00','2022-12-19 07:30:00'),(46979,1090,23,'incheon','p',28,0,'03:30:00',25900,NULL,'jeonju','incheon','2022-12-19 05:00:00','2022-12-19 08:00:00'),(46980,1084,22,'incheon','n',36,0,'03:30:00',15900,NULL,'jeonju','incheon','2022-12-19 05:30:00','2022-12-19 08:30:00'),(46981,1082,21,'incheon','p',28,0,'03:30:00',25900,NULL,'jeonju','incheon','2022-12-19 06:00:00','2022-12-19 09:00:00'),(46982,1003,1,'incheon','p',28,0,'03:30:00',25900,NULL,'jeonju','incheon','2022-12-19 06:30:00','2022-12-19 09:30:00'),(46983,1071,19,'incheon','n',36,0,'03:30:00',15900,NULL,'jeonju','incheon','2022-12-19 07:00:00','2022-12-19 10:00:00'),(46984,1069,18,'incheon','p',28,0,'03:30:00',25900,NULL,'jeonju','incheon','2022-12-19 07:30:00','2022-12-19 10:30:00'),(46985,1067,17,'incheon','p',28,0,'03:30:00',25900,NULL,'jeonju','incheon','2022-12-19 08:00:00','2022-12-19 11:00:00'),(46986,1064,16,'incheon','p',28,0,'03:30:00',25900,NULL,'jeonju','incheon','2022-12-19 08:30:00','2022-12-19 11:30:00'),(46987,1049,15,'incheon','n',36,0,'03:30:00',15900,NULL,'jeonju','incheon','2022-12-19 09:00:00','2022-12-19 12:00:00'),(46988,1041,14,'incheon','n',36,0,'03:30:00',15900,NULL,'jeonju','incheon','2022-12-19 09:30:00','2022-12-19 12:30:00'),(46989,1037,13,'incheon','p',28,0,'03:30:00',25900,NULL,'jeonju','incheon','2022-12-19 10:00:00','2022-12-19 13:00:00'),(46990,1032,12,'incheon','h',28,0,'03:30:00',20900,NULL,'jeonju','incheon','2022-12-19 10:30:00','2022-12-19 13:30:00'),(46991,1031,11,'incheon','n',36,0,'03:30:00',15900,NULL,'jeonju','incheon','2022-12-19 11:00:00','2022-12-19 14:00:00'),(46992,1024,10,'incheon','n',36,0,'03:30:00',15900,NULL,'jeonju','incheon','2022-12-19 11:30:00','2022-12-19 14:30:00'),(46993,1075,20,'incheon','p',28,0,'03:30:00',25900,NULL,'jeonju','incheon','2022-12-19 12:00:00','2022-12-19 15:00:00'),(46994,1996,38,'incheon','p',28,0,'03:30:00',25900,NULL,'jeonju','incheon','2022-12-19 12:30:00','2022-12-19 15:30:00'),(46995,1142,31,'incheon','p',28,0,'03:30:00',25900,NULL,'jeonju','incheon','2022-12-19 13:00:00','2022-12-19 16:00:00'),(46996,1133,30,'incheon','p',28,0,'03:30:00',25900,NULL,'jeonju','incheon','2022-12-19 13:30:00','2022-12-19 16:30:00'),(46997,1124,29,'incheon','p',28,0,'03:30:00',25900,NULL,'jeonju','incheon','2022-12-19 14:00:00','2022-12-19 17:00:00'),(46998,1116,28,'incheon','p',28,0,'03:30:00',25900,NULL,'jeonju','incheon','2022-12-19 14:30:00','2022-12-19 17:30:00'),(46999,1113,27,'incheon','p',28,0,'03:30:00',25900,NULL,'jeonju','incheon','2022-12-19 15:00:00','2022-12-19 18:00:00'),(47000,1103,26,'incheon','p',28,0,'03:30:00',25900,NULL,'jeonju','incheon','2022-12-19 15:30:00','2022-12-19 18:30:00'),(47001,1099,25,'incheon','h',28,0,'03:30:00',20900,NULL,'jeonju','incheon','2022-12-19 16:00:00','2022-12-19 19:00:00'),(47002,1093,24,'incheon','p',28,0,'03:30:00',25900,NULL,'jeonju','incheon','2022-12-19 16:30:00','2022-12-19 19:30:00'),(47003,1112,94,'jeonju','p',28,0,'03:30:00',25900,NULL,'incheon','jeonju','2022-12-16 00:15:00','2022-12-16 03:15:00'),(47004,1981,147,'jeonju','h',28,0,'03:30:00',20900,NULL,'incheon','jeonju','2022-12-16 00:45:00','2022-12-16 03:45:00'),(47005,1244,110,'jeonju','p',28,0,'03:30:00',25900,NULL,'incheon','jeonju','2022-12-16 01:15:00','2022-12-16 04:15:00'),(47006,1240,104,'jeonju','p',28,0,'03:30:00',25900,NULL,'incheon','jeonju','2022-12-16 01:45:00','2022-12-16 04:45:00'),(47007,1224,103,'jeonju','h',28,0,'03:30:00',20900,NULL,'incheon','jeonju','2022-12-16 02:15:00','2022-12-16 05:15:00'),(47008,1220,102,'jeonju','n',36,0,'03:30:00',15900,NULL,'incheon','jeonju','2022-12-16 02:45:00','2022-12-16 05:45:00'),(47009,1211,101,'jeonju','p',28,0,'03:30:00',25900,NULL,'incheon','jeonju','2022-12-16 03:15:00','2022-12-16 06:15:00'),(47010,1138,100,'jeonju','p',28,0,'03:30:00',25900,NULL,'incheon','jeonju','2022-12-16 03:45:00','2022-12-16 06:45:00'),(47011,1135,99,'jeonju','h',28,0,'03:30:00',20900,NULL,'incheon','jeonju','2022-12-16 04:15:00','2022-12-16 07:15:00'),(47012,1126,98,'jeonju','p',28,0,'03:30:00',25900,NULL,'incheon','jeonju','2022-12-16 04:45:00','2022-12-16 07:45:00'),(47013,1123,97,'jeonju','p',28,0,'03:30:00',25900,NULL,'incheon','jeonju','2022-12-16 05:15:00','2022-12-16 08:15:00'),(47014,1119,96,'jeonju','p',28,0,'03:30:00',25900,NULL,'incheon','jeonju','2022-12-16 05:45:00','2022-12-16 08:45:00'),(47015,1118,95,'jeonju','p',28,0,'03:30:00',25900,NULL,'incheon','jeonju','2022-12-16 06:15:00','2022-12-16 09:15:00'),(47016,1004,82,'jeonju','p',28,0,'03:30:00',25900,NULL,'incheon','jeonju','2022-12-16 06:45:00','2022-12-16 09:45:00'),(47017,1088,93,'jeonju','n',36,0,'03:30:00',15900,NULL,'incheon','jeonju','2022-12-16 07:15:00','2022-12-16 10:15:00'),(47018,1080,92,'jeonju','h',28,0,'03:30:00',20900,NULL,'incheon','jeonju','2022-12-16 07:45:00','2022-12-16 10:45:00'),(47019,1078,91,'jeonju','h',28,0,'03:30:00',20900,NULL,'incheon','jeonju','2022-12-16 08:15:00','2022-12-16 11:15:00'),(47020,1077,90,'jeonju','h',28,0,'03:30:00',20900,NULL,'incheon','jeonju','2022-12-16 08:45:00','2022-12-16 11:45:00'),(47021,1072,89,'jeonju','n',36,0,'03:30:00',15900,NULL,'incheon','jeonju','2022-12-16 09:15:00','2022-12-16 12:15:00'),(47022,1042,88,'jeonju','n',36,0,'03:30:00',15900,NULL,'incheon','jeonju','2022-12-16 09:45:00','2022-12-16 12:45:00'),(47023,1029,87,'jeonju','p',28,0,'03:30:00',25900,NULL,'incheon','jeonju','2022-12-16 10:15:00','2022-12-16 13:15:00'),(47024,1027,86,'jeonju','n',36,0,'03:30:00',15900,NULL,'incheon','jeonju','2022-12-16 10:45:00','2022-12-16 13:45:00'),(47025,1026,85,'jeonju','p',28,0,'03:30:00',25900,NULL,'incheon','jeonju','2022-12-16 11:15:00','2022-12-16 14:15:00'),(47026,1022,84,'jeonju','n',36,0,'03:30:00',15900,NULL,'incheon','jeonju','2022-12-16 11:45:00','2022-12-16 14:45:00'),(47027,1112,94,'jeonju','p',28,0,'03:30:00',25900,NULL,'incheon','jeonju','2022-12-16 12:15:00','2022-12-16 15:15:00'),(47028,1981,147,'jeonju','h',28,0,'03:30:00',20900,NULL,'incheon','jeonju','2022-12-16 12:45:00','2022-12-16 15:45:00'),(47029,1244,110,'jeonju','p',28,0,'03:30:00',25900,NULL,'incheon','jeonju','2022-12-16 13:15:00','2022-12-16 16:15:00'),(47030,1240,104,'jeonju','p',28,0,'03:30:00',25900,NULL,'incheon','jeonju','2022-12-16 13:45:00','2022-12-16 16:45:00'),(47031,1224,103,'jeonju','h',28,0,'03:30:00',20900,NULL,'incheon','jeonju','2022-12-16 14:15:00','2022-12-16 17:15:00'),(47032,1220,102,'jeonju','n',36,0,'03:30:00',15900,NULL,'incheon','jeonju','2022-12-16 14:45:00','2022-12-16 17:45:00'),(47033,1211,101,'jeonju','p',28,0,'03:30:00',25900,NULL,'incheon','jeonju','2022-12-16 15:15:00','2022-12-16 18:15:00'),(47034,1138,100,'jeonju','p',28,0,'03:30:00',25900,NULL,'incheon','jeonju','2022-12-16 15:45:00','2022-12-16 18:45:00'),(47035,1135,99,'jeonju','h',28,0,'03:30:00',20900,NULL,'incheon','jeonju','2022-12-16 16:15:00','2022-12-16 19:15:00'),(47036,1126,98,'jeonju','p',28,0,'03:30:00',25900,NULL,'incheon','jeonju','2022-12-16 16:45:00','2022-12-16 19:45:00'),(47037,1123,97,'jeonju','p',28,0,'03:30:00',25900,NULL,'incheon','jeonju','2022-12-16 17:15:00','2022-12-16 20:15:00'),(47038,1119,96,'jeonju','p',28,0,'03:30:00',25900,NULL,'incheon','jeonju','2022-12-16 17:45:00','2022-12-16 20:45:00'),(47039,1118,95,'jeonju','p',28,0,'03:30:00',25900,NULL,'incheon','jeonju','2022-12-16 18:15:00','2022-12-16 21:15:00'),(47040,1004,82,'jeonju','p',28,0,'03:30:00',25900,NULL,'incheon','jeonju','2022-12-16 18:45:00','2022-12-16 21:45:00'),(47041,1088,93,'jeonju','n',36,0,'03:30:00',15900,NULL,'incheon','jeonju','2022-12-16 19:15:00','2022-12-16 22:15:00'),(47042,1080,92,'jeonju','h',28,0,'03:30:00',20900,NULL,'incheon','jeonju','2022-12-16 19:45:00','2022-12-16 22:45:00'),(47043,1078,91,'jeonju','h',28,0,'03:30:00',20900,NULL,'incheon','jeonju','2022-12-16 20:15:00','2022-12-16 23:15:00'),(47044,1077,90,'jeonju','h',28,0,'03:30:00',20900,NULL,'incheon','jeonju','2022-12-16 20:45:00','2022-12-16 23:45:00'),(47045,1072,89,'jeonju','n',36,0,'03:30:00',15900,NULL,'incheon','jeonju','2022-12-16 21:15:00','2022-12-17 00:15:00'),(47046,1042,88,'jeonju','n',36,0,'03:30:00',15900,NULL,'incheon','jeonju','2022-12-16 21:45:00','2022-12-17 00:45:00'),(47047,1029,87,'jeonju','p',28,0,'03:30:00',25900,NULL,'incheon','jeonju','2022-12-16 22:15:00','2022-12-17 01:15:00'),(47048,1027,86,'jeonju','n',36,0,'03:30:00',15900,NULL,'incheon','jeonju','2022-12-16 22:45:00','2022-12-17 01:45:00'),(47049,1026,85,'jeonju','p',28,0,'03:30:00',25900,NULL,'incheon','jeonju','2022-12-16 23:15:00','2022-12-17 02:15:00'),(47050,1022,84,'jeonju','n',36,0,'03:30:00',15900,NULL,'incheon','jeonju','2022-12-16 23:45:00','2022-12-17 02:45:00'),(47051,1112,94,'jeonju','p',28,0,'03:30:00',25900,NULL,'incheon','jeonju','2022-12-17 00:00:00','2022-12-17 03:00:00'),(47052,1981,147,'jeonju','h',28,0,'03:30:00',20900,NULL,'incheon','jeonju','2022-12-17 00:30:00','2022-12-17 03:30:00'),(47053,1244,110,'jeonju','p',28,0,'03:30:00',25900,NULL,'incheon','jeonju','2022-12-17 01:00:00','2022-12-17 04:00:00'),(47054,1240,104,'jeonju','p',28,0,'03:30:00',25900,NULL,'incheon','jeonju','2022-12-17 01:30:00','2022-12-17 04:30:00'),(47055,1224,103,'jeonju','h',28,0,'03:30:00',20900,NULL,'incheon','jeonju','2022-12-17 02:00:00','2022-12-17 05:00:00'),(47056,1220,102,'jeonju','n',36,0,'03:30:00',15900,NULL,'incheon','jeonju','2022-12-17 02:30:00','2022-12-17 05:30:00'),(47057,1211,101,'jeonju','p',28,0,'03:30:00',25900,NULL,'incheon','jeonju','2022-12-17 03:00:00','2022-12-17 06:00:00'),(47058,1138,100,'jeonju','p',28,0,'03:30:00',25900,NULL,'incheon','jeonju','2022-12-17 03:30:00','2022-12-17 06:30:00'),(47059,1135,99,'jeonju','h',28,0,'03:30:00',20900,NULL,'incheon','jeonju','2022-12-17 04:00:00','2022-12-17 07:00:00'),(47060,1126,98,'jeonju','p',28,0,'03:30:00',25900,NULL,'incheon','jeonju','2022-12-17 04:30:00','2022-12-17 07:30:00'),(47061,1123,97,'jeonju','p',28,0,'03:30:00',25900,NULL,'incheon','jeonju','2022-12-17 05:00:00','2022-12-17 08:00:00'),(47062,1119,96,'jeonju','p',28,0,'03:30:00',25900,NULL,'incheon','jeonju','2022-12-17 05:30:00','2022-12-17 08:30:00'),(47063,1118,95,'jeonju','p',28,0,'03:30:00',25900,NULL,'incheon','jeonju','2022-12-17 06:00:00','2022-12-17 09:00:00'),(47064,1004,82,'jeonju','p',28,0,'03:30:00',25900,NULL,'incheon','jeonju','2022-12-17 06:30:00','2022-12-17 09:30:00'),(47065,1088,93,'jeonju','n',36,0,'03:30:00',15900,NULL,'incheon','jeonju','2022-12-17 07:00:00','2022-12-17 10:00:00'),(47066,1080,92,'jeonju','h',28,0,'03:30:00',20900,NULL,'incheon','jeonju','2022-12-17 07:30:00','2022-12-17 10:30:00'),(47067,1078,91,'jeonju','h',28,0,'03:30:00',20900,NULL,'incheon','jeonju','2022-12-17 08:00:00','2022-12-17 11:00:00'),(47068,1077,90,'jeonju','h',28,0,'03:30:00',20900,NULL,'incheon','jeonju','2022-12-17 08:30:00','2022-12-17 11:30:00'),(47069,1072,89,'jeonju','n',36,0,'03:30:00',15900,NULL,'incheon','jeonju','2022-12-17 09:00:00','2022-12-17 12:00:00'),(47070,1042,88,'jeonju','n',36,0,'03:30:00',15900,NULL,'incheon','jeonju','2022-12-17 09:30:00','2022-12-17 12:30:00'),(47071,1029,87,'jeonju','p',28,0,'03:30:00',25900,NULL,'incheon','jeonju','2022-12-17 10:00:00','2022-12-17 13:00:00'),(47072,1027,86,'jeonju','n',36,0,'03:30:00',15900,NULL,'incheon','jeonju','2022-12-17 10:30:00','2022-12-17 13:30:00'),(47073,1026,85,'jeonju','p',28,0,'03:30:00',25900,NULL,'incheon','jeonju','2022-12-17 11:00:00','2022-12-17 14:00:00'),(47074,1022,84,'jeonju','n',36,0,'03:30:00',15900,NULL,'incheon','jeonju','2022-12-17 11:30:00','2022-12-17 14:30:00'),(47075,1112,94,'jeonju','p',28,0,'03:30:00',25900,NULL,'incheon','jeonju','2022-12-17 12:00:00','2022-12-17 15:00:00'),(47076,1981,147,'jeonju','h',28,0,'03:30:00',20900,NULL,'incheon','jeonju','2022-12-17 12:30:00','2022-12-17 15:30:00'),(47077,1244,110,'jeonju','p',28,0,'03:30:00',25900,NULL,'incheon','jeonju','2022-12-17 13:00:00','2022-12-17 16:00:00'),(47078,1240,104,'jeonju','p',28,0,'03:30:00',25900,NULL,'incheon','jeonju','2022-12-17 13:30:00','2022-12-17 16:30:00'),(47079,1224,103,'jeonju','h',28,0,'03:30:00',20900,NULL,'incheon','jeonju','2022-12-17 14:00:00','2022-12-17 17:00:00'),(47080,1220,102,'jeonju','n',36,0,'03:30:00',15900,NULL,'incheon','jeonju','2022-12-17 14:30:00','2022-12-17 17:30:00'),(47081,1211,101,'jeonju','p',28,0,'03:30:00',25900,NULL,'incheon','jeonju','2022-12-17 15:00:00','2022-12-17 18:00:00'),(47082,1138,100,'jeonju','p',28,0,'03:30:00',25900,NULL,'incheon','jeonju','2022-12-17 15:30:00','2022-12-17 18:30:00'),(47083,1135,99,'jeonju','h',28,0,'03:30:00',20900,NULL,'incheon','jeonju','2022-12-17 16:00:00','2022-12-17 19:00:00'),(47084,1126,98,'jeonju','p',28,0,'03:30:00',25900,NULL,'incheon','jeonju','2022-12-17 16:30:00','2022-12-17 19:30:00'),(47085,1123,97,'jeonju','p',28,0,'03:30:00',25900,NULL,'incheon','jeonju','2022-12-17 17:00:00','2022-12-17 20:00:00'),(47086,1119,96,'jeonju','p',28,0,'03:30:00',25900,NULL,'incheon','jeonju','2022-12-17 17:30:00','2022-12-17 20:30:00'),(47087,1118,95,'jeonju','p',28,0,'03:30:00',25900,NULL,'incheon','jeonju','2022-12-17 18:00:00','2022-12-17 21:00:00'),(47088,1004,82,'jeonju','p',28,0,'03:30:00',25900,NULL,'incheon','jeonju','2022-12-17 18:30:00','2022-12-17 21:30:00'),(47089,1088,93,'jeonju','n',36,0,'03:30:00',15900,NULL,'incheon','jeonju','2022-12-17 19:00:00','2022-12-17 22:00:00'),(47090,1080,92,'jeonju','h',28,0,'03:30:00',20900,NULL,'incheon','jeonju','2022-12-17 19:30:00','2022-12-17 22:30:00'),(47091,1078,91,'jeonju','h',28,0,'03:30:00',20900,NULL,'incheon','jeonju','2022-12-17 20:00:00','2022-12-17 23:00:00'),(47092,1077,90,'jeonju','h',28,0,'03:30:00',20900,NULL,'incheon','jeonju','2022-12-17 20:30:00','2022-12-17 23:30:00'),(47093,1072,89,'jeonju','n',36,0,'03:30:00',15900,NULL,'incheon','jeonju','2022-12-17 21:00:00','2022-12-18 00:00:00'),(47094,1042,88,'jeonju','n',36,0,'03:30:00',15900,NULL,'incheon','jeonju','2022-12-17 21:30:00','2022-12-18 00:30:00'),(47095,1029,87,'jeonju','p',28,0,'03:30:00',25900,NULL,'incheon','jeonju','2022-12-17 22:00:00','2022-12-18 01:00:00'),(47096,1027,86,'jeonju','n',36,0,'03:30:00',15900,NULL,'incheon','jeonju','2022-12-17 22:30:00','2022-12-18 01:30:00'),(47097,1026,85,'jeonju','p',28,0,'03:30:00',25900,NULL,'incheon','jeonju','2022-12-17 23:00:00','2022-12-18 02:00:00'),(47098,1022,84,'jeonju','n',36,0,'03:30:00',15900,NULL,'incheon','jeonju','2022-12-17 23:30:00','2022-12-18 02:30:00'),(47099,1112,94,'jeonju','p',28,0,'03:30:00',25900,NULL,'incheon','jeonju','2022-12-18 00:15:00','2022-12-18 03:15:00'),(47100,1981,147,'jeonju','h',28,0,'03:30:00',20900,NULL,'incheon','jeonju','2022-12-18 00:45:00','2022-12-18 03:45:00'),(47101,1244,110,'jeonju','p',28,0,'03:30:00',25900,NULL,'incheon','jeonju','2022-12-18 01:15:00','2022-12-18 04:15:00'),(47102,1240,104,'jeonju','p',28,0,'03:30:00',25900,NULL,'incheon','jeonju','2022-12-18 01:45:00','2022-12-18 04:45:00'),(47103,1224,103,'jeonju','h',28,0,'03:30:00',20900,NULL,'incheon','jeonju','2022-12-18 02:15:00','2022-12-18 05:15:00'),(47104,1220,102,'jeonju','n',36,0,'03:30:00',15900,NULL,'incheon','jeonju','2022-12-18 02:45:00','2022-12-18 05:45:00'),(47105,1211,101,'jeonju','p',28,0,'03:30:00',25900,NULL,'incheon','jeonju','2022-12-18 03:15:00','2022-12-18 06:15:00'),(47106,1138,100,'jeonju','p',28,0,'03:30:00',25900,NULL,'incheon','jeonju','2022-12-18 03:45:00','2022-12-18 06:45:00'),(47107,1135,99,'jeonju','h',28,0,'03:30:00',20900,NULL,'incheon','jeonju','2022-12-18 04:15:00','2022-12-18 07:15:00'),(47108,1126,98,'jeonju','p',28,0,'03:30:00',25900,NULL,'incheon','jeonju','2022-12-18 04:45:00','2022-12-18 07:45:00'),(47109,1123,97,'jeonju','p',28,0,'03:30:00',25900,NULL,'incheon','jeonju','2022-12-18 05:15:00','2022-12-18 08:15:00'),(47110,1119,96,'jeonju','p',28,0,'03:30:00',25900,NULL,'incheon','jeonju','2022-12-18 05:45:00','2022-12-18 08:45:00'),(47111,1118,95,'jeonju','p',28,0,'03:30:00',25900,NULL,'incheon','jeonju','2022-12-18 06:15:00','2022-12-18 09:15:00'),(47112,1004,82,'jeonju','p',28,0,'03:30:00',25900,NULL,'incheon','jeonju','2022-12-18 06:45:00','2022-12-18 09:45:00'),(47113,1088,93,'jeonju','n',36,0,'03:30:00',15900,NULL,'incheon','jeonju','2022-12-18 07:15:00','2022-12-18 10:15:00'),(47114,1080,92,'jeonju','h',28,0,'03:30:00',20900,NULL,'incheon','jeonju','2022-12-18 07:45:00','2022-12-18 10:45:00'),(47115,1078,91,'jeonju','h',28,0,'03:30:00',20900,NULL,'incheon','jeonju','2022-12-18 08:15:00','2022-12-18 11:15:00'),(47116,1077,90,'jeonju','h',28,0,'03:30:00',20900,NULL,'incheon','jeonju','2022-12-18 08:45:00','2022-12-18 11:45:00'),(47117,1072,89,'jeonju','n',36,0,'03:30:00',15900,NULL,'incheon','jeonju','2022-12-18 09:15:00','2022-12-18 12:15:00'),(47118,1042,88,'jeonju','n',36,0,'03:30:00',15900,NULL,'incheon','jeonju','2022-12-18 09:45:00','2022-12-18 12:45:00'),(47119,1029,87,'jeonju','p',28,0,'03:30:00',25900,NULL,'incheon','jeonju','2022-12-18 10:15:00','2022-12-18 13:15:00'),(47120,1027,86,'jeonju','n',36,0,'03:30:00',15900,NULL,'incheon','jeonju','2022-12-18 10:45:00','2022-12-18 13:45:00'),(47121,1026,85,'jeonju','p',28,0,'03:30:00',25900,NULL,'incheon','jeonju','2022-12-18 11:15:00','2022-12-18 14:15:00'),(47122,1022,84,'jeonju','n',36,0,'03:30:00',15900,NULL,'incheon','jeonju','2022-12-18 11:45:00','2022-12-18 14:45:00'),(47123,1112,94,'jeonju','p',28,0,'03:30:00',25900,NULL,'incheon','jeonju','2022-12-18 12:15:00','2022-12-18 15:15:00'),(47124,1981,147,'jeonju','h',28,0,'03:30:00',20900,NULL,'incheon','jeonju','2022-12-18 12:45:00','2022-12-18 15:45:00'),(47125,1244,110,'jeonju','p',28,0,'03:30:00',25900,NULL,'incheon','jeonju','2022-12-18 13:15:00','2022-12-18 16:15:00'),(47126,1240,104,'jeonju','p',28,0,'03:30:00',25900,NULL,'incheon','jeonju','2022-12-18 13:45:00','2022-12-18 16:45:00'),(47127,1224,103,'jeonju','h',28,0,'03:30:00',20900,NULL,'incheon','jeonju','2022-12-18 14:15:00','2022-12-18 17:15:00'),(47128,1220,102,'jeonju','n',36,0,'03:30:00',15900,NULL,'incheon','jeonju','2022-12-18 14:45:00','2022-12-18 17:45:00'),(47129,1211,101,'jeonju','p',28,0,'03:30:00',25900,NULL,'incheon','jeonju','2022-12-18 15:15:00','2022-12-18 18:15:00'),(47130,1138,100,'jeonju','p',28,0,'03:30:00',25900,NULL,'incheon','jeonju','2022-12-18 15:45:00','2022-12-18 18:45:00'),(47131,1135,99,'jeonju','h',28,0,'03:30:00',20900,NULL,'incheon','jeonju','2022-12-18 16:15:00','2022-12-18 19:15:00'),(47132,1126,98,'jeonju','p',28,0,'03:30:00',25900,NULL,'incheon','jeonju','2022-12-18 16:45:00','2022-12-18 19:45:00'),(47133,1123,97,'jeonju','p',28,0,'03:30:00',25900,NULL,'incheon','jeonju','2022-12-18 17:15:00','2022-12-18 20:15:00'),(47134,1119,96,'jeonju','p',28,0,'03:30:00',25900,NULL,'incheon','jeonju','2022-12-18 17:45:00','2022-12-18 20:45:00'),(47135,1118,95,'jeonju','p',28,0,'03:30:00',25900,NULL,'incheon','jeonju','2022-12-18 18:15:00','2022-12-18 21:15:00'),(47136,1004,82,'jeonju','p',28,0,'03:30:00',25900,NULL,'incheon','jeonju','2022-12-18 18:45:00','2022-12-18 21:45:00'),(47137,1088,93,'jeonju','n',36,0,'03:30:00',15900,NULL,'incheon','jeonju','2022-12-18 19:15:00','2022-12-18 22:15:00'),(47138,1080,92,'jeonju','h',28,0,'03:30:00',20900,NULL,'incheon','jeonju','2022-12-18 19:45:00','2022-12-18 22:45:00'),(47139,1078,91,'jeonju','h',28,0,'03:30:00',20900,NULL,'incheon','jeonju','2022-12-18 20:15:00','2022-12-18 23:15:00'),(47140,1077,90,'jeonju','h',28,0,'03:30:00',20900,NULL,'incheon','jeonju','2022-12-18 20:45:00','2022-12-18 23:45:00'),(47141,1072,89,'jeonju','n',36,0,'03:30:00',15900,NULL,'incheon','jeonju','2022-12-18 21:15:00','2022-12-19 00:15:00'),(47142,1042,88,'jeonju','n',36,0,'03:30:00',15900,NULL,'incheon','jeonju','2022-12-18 21:45:00','2022-12-19 00:45:00'),(47143,1029,87,'jeonju','p',28,0,'03:30:00',25900,NULL,'incheon','jeonju','2022-12-18 22:15:00','2022-12-19 01:15:00'),(47144,1027,86,'jeonju','n',36,0,'03:30:00',15900,NULL,'incheon','jeonju','2022-12-18 22:45:00','2022-12-19 01:45:00'),(47145,1026,85,'jeonju','p',28,0,'03:30:00',25900,NULL,'incheon','jeonju','2022-12-18 23:15:00','2022-12-19 02:15:00'),(47146,1022,84,'jeonju','n',36,0,'03:30:00',15900,NULL,'incheon','jeonju','2022-12-18 23:45:00','2022-12-19 02:45:00'),(47147,1112,94,'jeonju','p',28,0,'03:30:00',25900,NULL,'incheon','jeonju','2022-12-19 00:00:00','2022-12-19 03:00:00'),(47148,1981,147,'jeonju','h',28,0,'03:30:00',20900,NULL,'incheon','jeonju','2022-12-19 00:30:00','2022-12-19 03:30:00'),(47149,1244,110,'jeonju','p',28,0,'03:30:00',25900,NULL,'incheon','jeonju','2022-12-19 01:00:00','2022-12-19 04:00:00'),(47150,1240,104,'jeonju','p',28,0,'03:30:00',25900,NULL,'incheon','jeonju','2022-12-19 01:30:00','2022-12-19 04:30:00'),(47151,1224,103,'jeonju','h',28,0,'03:30:00',20900,NULL,'incheon','jeonju','2022-12-19 02:00:00','2022-12-19 05:00:00'),(47152,1220,102,'jeonju','n',36,0,'03:30:00',15900,NULL,'incheon','jeonju','2022-12-19 02:30:00','2022-12-19 05:30:00'),(47153,1211,101,'jeonju','p',28,0,'03:30:00',25900,NULL,'incheon','jeonju','2022-12-19 03:00:00','2022-12-19 06:00:00'),(47154,1138,100,'jeonju','p',28,0,'03:30:00',25900,NULL,'incheon','jeonju','2022-12-19 03:30:00','2022-12-19 06:30:00'),(47155,1135,99,'jeonju','h',28,0,'03:30:00',20900,NULL,'incheon','jeonju','2022-12-19 04:00:00','2022-12-19 07:00:00'),(47156,1126,98,'jeonju','p',28,0,'03:30:00',25900,NULL,'incheon','jeonju','2022-12-19 04:30:00','2022-12-19 07:30:00'),(47157,1123,97,'jeonju','p',28,0,'03:30:00',25900,NULL,'incheon','jeonju','2022-12-19 05:00:00','2022-12-19 08:00:00'),(47158,1119,96,'jeonju','p',28,0,'03:30:00',25900,NULL,'incheon','jeonju','2022-12-19 05:30:00','2022-12-19 08:30:00'),(47159,1118,95,'jeonju','p',28,0,'03:30:00',25900,NULL,'incheon','jeonju','2022-12-19 06:00:00','2022-12-19 09:00:00'),(47160,1004,82,'jeonju','p',28,0,'03:30:00',25900,NULL,'incheon','jeonju','2022-12-19 06:30:00','2022-12-19 09:30:00'),(47161,1088,93,'jeonju','n',36,0,'03:30:00',15900,NULL,'incheon','jeonju','2022-12-19 07:00:00','2022-12-19 10:00:00'),(47162,1080,92,'jeonju','h',28,0,'03:30:00',20900,NULL,'incheon','jeonju','2022-12-19 07:30:00','2022-12-19 10:30:00'),(47163,1078,91,'jeonju','h',28,0,'03:30:00',20900,NULL,'incheon','jeonju','2022-12-19 08:00:00','2022-12-19 11:00:00'),(47164,1077,90,'jeonju','h',28,0,'03:30:00',20900,NULL,'incheon','jeonju','2022-12-19 08:30:00','2022-12-19 11:30:00'),(47165,1072,89,'jeonju','n',36,0,'03:30:00',15900,NULL,'incheon','jeonju','2022-12-19 09:00:00','2022-12-19 12:00:00'),(47166,1042,88,'jeonju','n',36,0,'03:30:00',15900,NULL,'incheon','jeonju','2022-12-19 09:30:00','2022-12-19 12:30:00'),(47167,1029,87,'jeonju','p',28,0,'03:30:00',25900,NULL,'incheon','jeonju','2022-12-19 10:00:00','2022-12-19 13:00:00'),(47168,1027,86,'jeonju','n',36,0,'03:30:00',15900,NULL,'incheon','jeonju','2022-12-19 10:30:00','2022-12-19 13:30:00'),(47169,1026,85,'jeonju','p',28,0,'03:30:00',25900,NULL,'incheon','jeonju','2022-12-19 11:00:00','2022-12-19 14:00:00'),(47170,1022,84,'jeonju','n',36,0,'03:30:00',15900,NULL,'incheon','jeonju','2022-12-19 11:30:00','2022-12-19 14:30:00'),(47171,1112,94,'jeonju','p',28,0,'03:30:00',25900,NULL,'incheon','jeonju','2022-12-19 12:00:00','2022-12-19 15:00:00'),(47172,1981,147,'jeonju','h',28,0,'03:30:00',20900,NULL,'incheon','jeonju','2022-12-19 12:30:00','2022-12-19 15:30:00'),(47173,1244,110,'jeonju','p',28,0,'03:30:00',25900,NULL,'incheon','jeonju','2022-12-19 13:00:00','2022-12-19 16:00:00'),(47174,1240,104,'jeonju','p',28,0,'03:30:00',25900,NULL,'incheon','jeonju','2022-12-19 13:30:00','2022-12-19 16:30:00'),(47175,1224,103,'jeonju','h',28,0,'03:30:00',20900,NULL,'incheon','jeonju','2022-12-19 14:00:00','2022-12-19 17:00:00'),(47176,1220,102,'jeonju','n',36,0,'03:30:00',15900,NULL,'incheon','jeonju','2022-12-19 14:30:00','2022-12-19 17:30:00'),(47177,1211,101,'jeonju','p',28,0,'03:30:00',25900,NULL,'incheon','jeonju','2022-12-19 15:00:00','2022-12-19 18:00:00'),(47178,1138,100,'jeonju','p',28,0,'03:30:00',25900,NULL,'incheon','jeonju','2022-12-19 15:30:00','2022-12-19 18:30:00'),(47179,1135,99,'jeonju','h',28,0,'03:30:00',20900,NULL,'incheon','jeonju','2022-12-19 16:00:00','2022-12-19 19:00:00'),(47180,1126,98,'jeonju','p',28,0,'03:30:00',25900,NULL,'incheon','jeonju','2022-12-19 16:30:00','2022-12-19 19:30:00'),(47569,1075,20,'seoul','p',28,0,'03:00:00',25600,NULL,'jeonju','seoul','2022-12-19 17:00:00','2022-12-19 20:00:00'),(47570,1996,38,'seoul','p',28,0,'03:00:00',25600,NULL,'jeonju','seoul','2022-12-19 17:30:00','2022-12-19 20:30:00'),(47571,1142,31,'seoul','p',28,0,'03:00:00',25600,NULL,'jeonju','seoul','2022-12-19 18:00:00','2022-12-19 21:00:00'),(47572,1133,30,'seoul','p',28,0,'03:00:00',25600,NULL,'jeonju','seoul','2022-12-19 18:30:00','2022-12-19 21:30:00'),(47573,1124,29,'seoul','p',28,0,'03:00:00',25600,NULL,'jeonju','seoul','2022-12-19 19:00:00','2022-12-19 22:00:00'),(47574,1116,28,'seoul','p',28,0,'03:00:00',25600,NULL,'jeonju','seoul','2022-12-19 19:30:00','2022-12-19 22:30:00'),(47575,1113,27,'seoul','p',28,0,'03:00:00',25600,NULL,'jeonju','seoul','2022-12-19 20:00:00','2022-12-19 23:00:00'),(47576,1103,26,'seoul','p',28,0,'03:00:00',25600,NULL,'jeonju','seoul','2022-12-19 20:30:00','2022-12-19 23:30:00'),(47577,1099,25,'seoul','h',28,0,'03:00:00',20600,NULL,'jeonju','seoul','2022-12-19 21:00:00','2022-12-20 00:00:00'),(47578,1093,24,'seoul','p',28,0,'03:00:00',25600,NULL,'jeonju','seoul','2022-12-19 21:30:00','2022-12-20 00:30:00'),(47579,1090,23,'seoul','p',28,0,'03:00:00',25600,NULL,'jeonju','seoul','2022-12-19 22:00:00','2022-12-20 01:00:00'),(47580,1084,22,'seoul','n',36,0,'03:00:00',15600,NULL,'jeonju','seoul','2022-12-19 22:30:00','2022-12-20 01:30:00'),(47581,1082,21,'seoul','p',28,0,'03:00:00',25600,NULL,'jeonju','seoul','2022-12-19 23:00:00','2022-12-20 02:00:00'),(47582,1003,1,'seoul','p',28,0,'03:00:00',25600,NULL,'jeonju','seoul','2022-12-19 23:30:00','2022-12-20 02:30:00'),(47583,1071,19,'seoul','n',36,0,'03:00:00',15600,NULL,'jeonju','seoul','2022-12-20 00:15:00','2022-12-20 03:15:00'),(47584,1069,18,'seoul','p',28,0,'03:00:00',25600,NULL,'jeonju','seoul','2022-12-20 00:45:00','2022-12-20 03:45:00'),(47585,1067,17,'seoul','p',28,0,'03:00:00',25600,NULL,'jeonju','seoul','2022-12-20 01:15:00','2022-12-20 04:15:00'),(47586,1064,16,'seoul','p',28,0,'03:00:00',25600,NULL,'jeonju','seoul','2022-12-20 01:45:00','2022-12-20 04:45:00'),(47587,1049,15,'seoul','n',36,0,'03:00:00',15600,NULL,'jeonju','seoul','2022-12-20 02:15:00','2022-12-20 05:15:00'),(47588,1041,14,'seoul','n',36,0,'03:00:00',15600,NULL,'jeonju','seoul','2022-12-20 02:45:00','2022-12-20 05:45:00'),(47589,1037,13,'seoul','p',28,0,'03:00:00',25600,NULL,'jeonju','seoul','2022-12-20 03:15:00','2022-12-20 06:15:00'),(47590,1032,12,'seoul','h',28,0,'03:00:00',20600,NULL,'jeonju','seoul','2022-12-20 03:45:00','2022-12-20 06:45:00'),(47591,1031,11,'seoul','n',36,0,'03:00:00',15600,NULL,'jeonju','seoul','2022-12-20 04:15:00','2022-12-20 07:15:00'),(47592,1024,10,'seoul','n',36,0,'03:00:00',15600,NULL,'jeonju','seoul','2022-12-20 04:45:00','2022-12-20 07:45:00'),(47593,1075,20,'seoul','p',28,0,'03:00:00',25600,NULL,'jeonju','seoul','2022-12-20 05:15:00','2022-12-20 08:15:00'),(47594,1996,38,'seoul','p',28,0,'03:00:00',25600,NULL,'jeonju','seoul','2022-12-20 05:45:00','2022-12-20 08:45:00'),(47595,1142,31,'seoul','p',28,0,'03:00:00',25600,NULL,'jeonju','seoul','2022-12-20 06:15:00','2022-12-20 09:15:00'),(47596,1133,30,'seoul','p',28,0,'03:00:00',25600,NULL,'jeonju','seoul','2022-12-20 06:45:00','2022-12-20 09:45:00'),(47597,1124,29,'seoul','p',28,0,'03:00:00',25600,NULL,'jeonju','seoul','2022-12-20 07:15:00','2022-12-20 10:15:00'),(47598,1116,28,'seoul','p',28,0,'03:00:00',25600,NULL,'jeonju','seoul','2022-12-20 07:45:00','2022-12-20 10:45:00'),(47599,1113,27,'seoul','p',28,0,'03:00:00',25600,NULL,'jeonju','seoul','2022-12-20 08:15:00','2022-12-20 11:15:00'),(47600,1103,26,'seoul','p',28,0,'03:00:00',25600,NULL,'jeonju','seoul','2022-12-20 08:45:00','2022-12-20 11:45:00'),(47601,1099,25,'seoul','h',28,0,'03:00:00',20600,NULL,'jeonju','seoul','2022-12-20 09:15:00','2022-12-20 12:15:00'),(47602,1093,24,'seoul','p',28,0,'03:00:00',25600,NULL,'jeonju','seoul','2022-12-20 09:45:00','2022-12-20 12:45:00'),(47603,1090,23,'seoul','p',28,0,'03:00:00',25600,NULL,'jeonju','seoul','2022-12-20 10:15:00','2022-12-20 13:15:00'),(47604,1084,22,'seoul','n',36,0,'03:00:00',15600,NULL,'jeonju','seoul','2022-12-20 10:45:00','2022-12-20 13:45:00'),(47605,1082,21,'seoul','p',28,0,'03:00:00',25600,NULL,'jeonju','seoul','2022-12-20 11:15:00','2022-12-20 14:15:00'),(47606,1003,1,'seoul','p',28,0,'03:00:00',25600,NULL,'jeonju','seoul','2022-12-20 11:45:00','2022-12-20 14:45:00'),(47607,1071,19,'seoul','n',36,0,'03:00:00',15600,NULL,'jeonju','seoul','2022-12-20 12:15:00','2022-12-20 15:15:00'),(47608,1069,18,'seoul','p',28,0,'03:00:00',25600,NULL,'jeonju','seoul','2022-12-20 12:45:00','2022-12-20 15:45:00'),(47609,1067,17,'seoul','p',28,0,'03:00:00',25600,NULL,'jeonju','seoul','2022-12-20 13:15:00','2022-12-20 16:15:00'),(47610,1064,16,'seoul','p',28,0,'03:00:00',25600,NULL,'jeonju','seoul','2022-12-20 13:45:00','2022-12-20 16:45:00'),(47611,1049,15,'seoul','n',36,0,'03:00:00',15600,NULL,'jeonju','seoul','2022-12-20 14:15:00','2022-12-20 17:15:00'),(47612,1041,14,'seoul','n',36,2,'03:00:00',15600,NULL,'jeonju','seoul','2022-12-20 14:45:00','2022-12-20 17:45:00'),(47613,1037,13,'seoul','p',28,0,'03:00:00',25600,NULL,'jeonju','seoul','2022-12-20 15:15:00','2022-12-20 18:15:00'),(47614,1032,12,'seoul','h',28,28,'03:00:00',20600,NULL,'jeonju','seoul','2022-12-20 15:45:00','2022-12-20 18:45:00'),(47615,1031,11,'seoul','n',36,0,'03:00:00',15600,NULL,'jeonju','seoul','2022-12-20 16:15:00','2022-12-20 19:15:00'),(47616,1024,10,'seoul','n',36,3,'03:00:00',15600,NULL,'jeonju','seoul','2022-12-20 16:45:00','2022-12-20 19:45:00'),(47617,1075,20,'seoul','p',28,1,'03:00:00',25600,NULL,'jeonju','seoul','2022-12-20 17:15:00','2022-12-20 20:15:00'),(47618,1996,38,'seoul','p',28,0,'03:00:00',25600,NULL,'jeonju','seoul','2022-12-20 17:45:00','2022-12-20 20:45:00'),(47619,1142,31,'seoul','p',28,0,'03:00:00',25600,NULL,'jeonju','seoul','2022-12-20 18:15:00','2022-12-20 21:15:00'),(47620,1133,30,'seoul','p',28,0,'03:00:00',25600,NULL,'jeonju','seoul','2022-12-20 18:45:00','2022-12-20 21:45:00'),(47621,1124,29,'seoul','p',28,27,'03:00:00',25600,NULL,'jeonju','seoul','2022-12-20 19:15:00','2022-12-20 22:15:00'),(47622,1116,28,'seoul','p',28,0,'03:00:00',25600,NULL,'jeonju','seoul','2022-12-20 19:45:00','2022-12-20 22:45:00'),(47623,1113,27,'seoul','p',28,0,'03:00:00',25600,NULL,'jeonju','seoul','2022-12-20 20:15:00','2022-12-20 23:15:00'),(47624,1103,26,'seoul','p',28,0,'03:00:00',25600,NULL,'jeonju','seoul','2022-12-20 20:45:00','2022-12-20 23:45:00'),(47625,1099,25,'seoul','h',28,0,'03:00:00',20600,NULL,'jeonju','seoul','2022-12-20 21:15:00','2022-12-21 00:15:00'),(47626,1093,24,'seoul','p',28,0,'03:00:00',25600,NULL,'jeonju','seoul','2022-12-20 21:45:00','2022-12-21 00:45:00'),(47627,1090,23,'seoul','p',28,0,'03:00:00',25600,NULL,'jeonju','seoul','2022-12-20 22:15:00','2022-12-21 01:15:00'),(47628,1084,22,'seoul','n',36,1,'03:00:00',15600,NULL,'jeonju','seoul','2022-12-20 22:45:00','2022-12-21 01:45:00'),(47629,1082,21,'seoul','p',28,0,'03:00:00',25600,NULL,'jeonju','seoul','2022-12-20 23:15:00','2022-12-21 02:15:00'),(47630,1003,1,'seoul','p',28,0,'03:00:00',25600,NULL,'jeonju','seoul','2022-12-20 23:45:00','2022-12-21 02:45:00'),(47631,1071,19,'seoul','n',36,0,'03:00:00',15600,NULL,'jeonju','seoul','2022-12-21 00:00:00','2022-12-21 03:00:00'),(47632,1069,18,'seoul','p',28,0,'03:00:00',25600,NULL,'jeonju','seoul','2022-12-21 00:30:00','2022-12-21 03:30:00'),(47633,1067,17,'seoul','p',28,0,'03:00:00',25600,NULL,'jeonju','seoul','2022-12-21 01:00:00','2022-12-21 04:00:00'),(47634,1064,16,'seoul','p',28,0,'03:00:00',25600,NULL,'jeonju','seoul','2022-12-21 01:30:00','2022-12-21 04:30:00'),(47635,1049,15,'seoul','n',36,0,'03:00:00',15600,NULL,'jeonju','seoul','2022-12-21 02:00:00','2022-12-21 05:00:00'),(47636,1041,14,'seoul','n',36,0,'03:00:00',15600,NULL,'jeonju','seoul','2022-12-21 02:30:00','2022-12-21 05:30:00'),(47637,1037,13,'seoul','p',28,0,'03:00:00',25600,NULL,'jeonju','seoul','2022-12-21 03:00:00','2022-12-21 06:00:00'),(47638,1032,12,'seoul','h',28,0,'03:00:00',20600,NULL,'jeonju','seoul','2022-12-21 03:30:00','2022-12-21 06:30:00'),(47639,1031,11,'seoul','n',36,0,'03:00:00',15600,NULL,'jeonju','seoul','2022-12-21 04:00:00','2022-12-21 07:00:00'),(47640,1024,10,'seoul','n',36,0,'03:00:00',15600,NULL,'jeonju','seoul','2022-12-21 04:30:00','2022-12-21 07:30:00'),(47641,1075,20,'seoul','p',28,0,'03:00:00',25600,NULL,'jeonju','seoul','2022-12-21 05:00:00','2022-12-21 08:00:00'),(47642,1996,38,'seoul','p',28,0,'03:00:00',25600,NULL,'jeonju','seoul','2022-12-21 05:30:00','2022-12-21 08:30:00'),(47643,1142,31,'seoul','p',28,0,'03:00:00',25600,NULL,'jeonju','seoul','2022-12-21 06:00:00','2022-12-21 09:00:00'),(47644,1133,30,'seoul','p',28,0,'03:00:00',25600,NULL,'jeonju','seoul','2022-12-21 06:30:00','2022-12-21 09:30:00'),(47645,1124,29,'seoul','p',28,0,'03:00:00',25600,NULL,'jeonju','seoul','2022-12-21 07:00:00','2022-12-21 10:00:00'),(47646,1116,28,'seoul','p',28,0,'03:00:00',25600,NULL,'jeonju','seoul','2022-12-21 07:30:00','2022-12-21 10:30:00'),(47647,1113,27,'seoul','p',28,0,'03:00:00',25600,NULL,'jeonju','seoul','2022-12-21 08:00:00','2022-12-21 11:00:00'),(47648,1103,26,'seoul','p',28,0,'03:00:00',25600,NULL,'jeonju','seoul','2022-12-21 08:30:00','2022-12-21 11:30:00'),(47649,1099,25,'seoul','h',28,0,'03:00:00',20600,NULL,'jeonju','seoul','2022-12-21 09:00:00','2022-12-21 12:00:00'),(47650,1093,24,'seoul','p',28,0,'03:00:00',25600,NULL,'jeonju','seoul','2022-12-21 09:30:00','2022-12-21 12:30:00'),(47651,1090,23,'seoul','p',28,0,'03:00:00',25600,NULL,'jeonju','seoul','2022-12-21 10:00:00','2022-12-21 13:00:00'),(47652,1084,22,'seoul','n',36,0,'03:00:00',15600,NULL,'jeonju','seoul','2022-12-21 10:30:00','2022-12-21 13:30:00'),(47653,1082,21,'seoul','p',28,0,'03:00:00',25600,NULL,'jeonju','seoul','2022-12-21 11:00:00','2022-12-21 14:00:00'),(47654,1003,1,'seoul','p',28,2,'03:00:00',25600,NULL,'jeonju','seoul','2022-12-21 11:30:00','2022-12-21 14:30:00'),(47655,1071,19,'seoul','n',36,0,'03:00:00',15600,NULL,'jeonju','seoul','2022-12-21 12:00:00','2022-12-21 15:00:00'),(47656,1069,18,'seoul','p',28,0,'03:00:00',25600,NULL,'jeonju','seoul','2022-12-21 12:30:00','2022-12-21 15:30:00'),(47657,1067,17,'seoul','p',28,0,'03:00:00',25600,NULL,'jeonju','seoul','2022-12-21 13:00:00','2022-12-21 16:00:00'),(47658,1064,16,'seoul','p',28,1,'03:00:00',25600,NULL,'jeonju','seoul','2022-12-21 13:30:00','2022-12-21 16:30:00'),(47659,1049,15,'seoul','n',36,0,'03:00:00',15600,NULL,'jeonju','seoul','2022-12-21 14:00:00','2022-12-21 17:00:00'),(47660,1041,14,'seoul','n',36,0,'03:00:00',15600,NULL,'jeonju','seoul','2022-12-21 14:30:00','2022-12-21 17:30:00'),(47661,1037,13,'seoul','p',28,0,'03:00:00',25600,NULL,'jeonju','seoul','2022-12-21 15:00:00','2022-12-21 18:00:00'),(47662,1032,12,'seoul','h',28,0,'03:00:00',20600,NULL,'jeonju','seoul','2022-12-21 15:30:00','2022-12-21 18:30:00'),(47663,1031,11,'seoul','n',36,0,'03:00:00',15600,NULL,'jeonju','seoul','2022-12-21 16:00:00','2022-12-21 19:00:00'),(47664,1024,10,'seoul','n',36,0,'03:00:00',15600,NULL,'jeonju','seoul','2022-12-21 16:30:00','2022-12-21 19:30:00'),(47665,1075,20,'seoul','p',28,0,'03:00:00',25600,NULL,'jeonju','seoul','2022-12-21 17:00:00','2022-12-21 20:00:00'),(47666,1996,38,'seoul','p',28,0,'03:00:00',25600,NULL,'jeonju','seoul','2022-12-21 17:30:00','2022-12-21 20:30:00'),(47667,1142,31,'seoul','p',28,0,'03:00:00',25600,NULL,'jeonju','seoul','2022-12-21 18:00:00','2022-12-21 21:00:00'),(47668,1087,51,'jeonju','h',28,0,'03:00:00',20600,NULL,'seoul','jeonju','2022-12-19 17:00:00','2022-12-19 20:00:00'),(47669,1989,80,'jeonju','h',28,0,'03:00:00',20600,NULL,'seoul','jeonju','2022-12-19 17:30:00','2022-12-19 20:30:00'),(47670,1161,62,'jeonju','p',28,0,'03:00:00',25600,NULL,'seoul','jeonju','2022-12-19 18:00:00','2022-12-19 21:00:00'),(47671,1159,61,'jeonju','n',36,0,'03:00:00',15600,NULL,'seoul','jeonju','2022-12-19 18:30:00','2022-12-19 21:30:00'),(47672,1154,60,'jeonju','p',28,0,'03:00:00',25600,NULL,'seoul','jeonju','2022-12-19 19:00:00','2022-12-19 22:00:00'),(47673,1147,59,'jeonju','p',28,0,'03:00:00',25600,NULL,'seoul','jeonju','2022-12-19 19:30:00','2022-12-19 22:30:00'),(47674,1141,58,'jeonju','p',28,0,'03:00:00',25600,NULL,'seoul','jeonju','2022-12-19 20:00:00','2022-12-19 23:00:00'),(47675,1136,57,'jeonju','p',28,0,'03:00:00',25600,NULL,'seoul','jeonju','2022-12-19 20:30:00','2022-12-19 23:30:00'),(47676,1131,56,'jeonju','p',28,0,'03:00:00',25600,NULL,'seoul','jeonju','2022-12-19 21:00:00','2022-12-20 00:00:00'),(47677,1127,55,'jeonju','p',28,0,'03:00:00',25600,NULL,'seoul','jeonju','2022-12-19 21:30:00','2022-12-20 00:30:00'),(47678,1108,54,'jeonju','n',36,0,'03:00:00',15600,NULL,'seoul','jeonju','2022-12-19 22:00:00','2022-12-20 01:00:00'),(47679,1107,53,'jeonju','h',28,0,'03:00:00',20600,NULL,'seoul','jeonju','2022-12-19 22:30:00','2022-12-20 01:30:00'),(47680,1089,52,'jeonju','p',28,0,'03:00:00',25600,NULL,'seoul','jeonju','2022-12-19 23:00:00','2022-12-20 02:00:00'),(47681,1001,39,'jeonju','p',28,0,'03:00:00',25600,NULL,'seoul','jeonju','2022-12-19 23:30:00','2022-12-20 02:30:00'),(47682,1085,50,'jeonju','p',28,0,'03:00:00',25600,NULL,'seoul','jeonju','2022-12-20 00:15:00','2022-12-20 03:15:00'),(47683,1074,49,'jeonju','n',36,0,'03:00:00',15600,NULL,'seoul','jeonju','2022-12-20 00:45:00','2022-12-20 03:45:00'),(47684,1061,48,'jeonju','p',28,0,'03:00:00',25600,NULL,'seoul','jeonju','2022-12-20 01:15:00','2022-12-20 04:15:00'),(47685,1059,47,'jeonju','n',36,0,'03:00:00',15600,NULL,'seoul','jeonju','2022-12-20 01:45:00','2022-12-20 04:45:00'),(47686,1054,46,'jeonju','p',28,0,'03:00:00',25600,NULL,'seoul','jeonju','2022-12-20 02:15:00','2022-12-20 05:15:00'),(47687,1050,45,'jeonju','p',28,0,'03:00:00',25600,NULL,'seoul','jeonju','2022-12-20 02:45:00','2022-12-20 05:45:00'),(47688,1046,44,'jeonju','p',28,0,'03:00:00',25600,NULL,'seoul','jeonju','2022-12-20 03:15:00','2022-12-20 06:15:00'),(47689,1044,43,'jeonju','n',36,0,'03:00:00',15600,NULL,'seoul','jeonju','2022-12-20 03:45:00','2022-12-20 06:45:00'),(47690,1038,42,'jeonju','p',28,0,'03:00:00',25600,NULL,'seoul','jeonju','2022-12-20 04:15:00','2022-12-20 07:15:00'),(47691,1035,41,'jeonju','h',28,0,'03:00:00',20600,NULL,'seoul','jeonju','2022-12-20 04:45:00','2022-12-20 07:45:00'),(47692,1087,51,'jeonju','h',28,0,'03:00:00',20600,NULL,'seoul','jeonju','2022-12-20 05:15:00','2022-12-20 08:15:00'),(47693,1989,80,'jeonju','h',28,0,'03:00:00',20600,NULL,'seoul','jeonju','2022-12-20 05:45:00','2022-12-20 08:45:00'),(47694,1161,62,'jeonju','p',28,0,'03:00:00',25600,NULL,'seoul','jeonju','2022-12-20 06:15:00','2022-12-20 09:15:00'),(47695,1159,61,'jeonju','n',36,0,'03:00:00',15600,NULL,'seoul','jeonju','2022-12-20 06:45:00','2022-12-20 09:45:00'),(47696,1154,60,'jeonju','p',28,0,'03:00:00',25600,NULL,'seoul','jeonju','2022-12-20 07:15:00','2022-12-20 10:15:00'),(47697,1147,59,'jeonju','p',28,0,'03:00:00',25600,NULL,'seoul','jeonju','2022-12-20 07:45:00','2022-12-20 10:45:00'),(47698,1141,58,'jeonju','p',28,0,'03:00:00',25600,NULL,'seoul','jeonju','2022-12-20 08:15:00','2022-12-20 11:15:00'),(47699,1136,57,'jeonju','p',28,0,'03:00:00',25600,NULL,'seoul','jeonju','2022-12-20 08:45:00','2022-12-20 11:45:00'),(47700,1131,56,'jeonju','p',28,0,'03:00:00',25600,NULL,'seoul','jeonju','2022-12-20 09:15:00','2022-12-20 12:15:00'),(47701,1127,55,'jeonju','p',28,0,'03:00:00',25600,NULL,'seoul','jeonju','2022-12-20 09:45:00','2022-12-20 12:45:00'),(47702,1108,54,'jeonju','n',36,0,'03:00:00',15600,NULL,'seoul','jeonju','2022-12-20 10:15:00','2022-12-20 13:15:00'),(47703,1107,53,'jeonju','h',28,1,'03:00:00',20600,NULL,'seoul','jeonju','2022-12-20 10:45:00','2022-12-20 13:45:00'),(47704,1089,52,'jeonju','p',28,0,'03:00:00',25600,NULL,'seoul','jeonju','2022-12-20 11:15:00','2022-12-20 14:15:00'),(47705,1001,39,'jeonju','p',28,0,'03:00:00',25600,NULL,'seoul','jeonju','2022-12-20 11:45:00','2022-12-20 14:45:00'),(47706,1085,50,'jeonju','p',28,1,'03:00:00',25600,NULL,'seoul','jeonju','2022-12-20 12:15:00','2022-12-20 15:15:00'),(47707,1074,49,'jeonju','n',36,0,'03:00:00',15600,NULL,'seoul','jeonju','2022-12-20 12:45:00','2022-12-20 15:45:00'),(47708,1061,48,'jeonju','p',28,0,'03:00:00',25600,NULL,'seoul','jeonju','2022-12-20 13:15:00','2022-12-20 16:15:00'),(47709,1059,47,'jeonju','n',36,0,'03:00:00',15600,NULL,'seoul','jeonju','2022-12-20 13:45:00','2022-12-20 16:45:00'),(47710,1054,46,'jeonju','p',28,0,'03:00:00',25600,NULL,'seoul','jeonju','2022-12-20 14:15:00','2022-12-20 17:15:00'),(47711,1050,45,'jeonju','p',28,0,'03:00:00',25600,NULL,'seoul','jeonju','2022-12-20 14:45:00','2022-12-20 17:45:00'),(47712,1046,44,'jeonju','p',28,0,'03:00:00',25600,NULL,'seoul','jeonju','2022-12-20 15:15:00','2022-12-20 18:15:00'),(47713,1044,43,'jeonju','n',36,0,'03:00:00',15600,NULL,'seoul','jeonju','2022-12-20 15:45:00','2022-12-20 18:45:00'),(47714,1038,42,'jeonju','p',28,0,'03:00:00',25600,NULL,'seoul','jeonju','2022-12-20 16:15:00','2022-12-20 19:15:00'),(47715,1035,41,'jeonju','h',28,0,'03:00:00',20600,NULL,'seoul','jeonju','2022-12-20 16:45:00','2022-12-20 19:45:00'),(47716,1087,51,'jeonju','h',28,0,'03:00:00',20600,NULL,'seoul','jeonju','2022-12-20 17:15:00','2022-12-20 20:15:00'),(47717,1989,80,'jeonju','h',28,0,'03:00:00',20600,NULL,'seoul','jeonju','2022-12-20 17:45:00','2022-12-20 20:45:00'),(47718,1161,62,'jeonju','p',28,0,'03:00:00',25600,NULL,'seoul','jeonju','2022-12-20 18:15:00','2022-12-20 21:15:00'),(47719,1159,61,'jeonju','n',36,0,'03:00:00',15600,NULL,'seoul','jeonju','2022-12-20 18:45:00','2022-12-20 21:45:00'),(47720,1154,60,'jeonju','p',28,0,'03:00:00',25600,NULL,'seoul','jeonju','2022-12-20 19:15:00','2022-12-20 22:15:00'),(47721,1147,59,'jeonju','p',28,0,'03:00:00',25600,NULL,'seoul','jeonju','2022-12-20 19:45:00','2022-12-20 22:45:00'),(47722,1141,58,'jeonju','p',28,0,'03:00:00',25600,NULL,'seoul','jeonju','2022-12-20 20:15:00','2022-12-20 23:15:00'),(47723,1136,57,'jeonju','p',28,0,'03:00:00',25600,NULL,'seoul','jeonju','2022-12-20 20:45:00','2022-12-20 23:45:00'),(47724,1131,56,'jeonju','p',28,0,'03:00:00',25600,NULL,'seoul','jeonju','2022-12-20 21:15:00','2022-12-21 00:15:00'),(47725,1127,55,'jeonju','p',28,0,'03:00:00',25600,NULL,'seoul','jeonju','2022-12-20 21:45:00','2022-12-21 00:45:00'),(47726,1108,54,'jeonju','n',36,0,'03:00:00',15600,NULL,'seoul','jeonju','2022-12-20 22:15:00','2022-12-21 01:15:00'),(47727,1107,53,'jeonju','h',28,0,'03:00:00',20600,NULL,'seoul','jeonju','2022-12-20 22:45:00','2022-12-21 01:45:00'),(47728,1089,52,'jeonju','p',28,0,'03:00:00',25600,NULL,'seoul','jeonju','2022-12-20 23:15:00','2022-12-21 02:15:00'),(47729,1001,39,'jeonju','p',28,0,'03:00:00',25600,NULL,'seoul','jeonju','2022-12-20 23:45:00','2022-12-21 02:45:00'),(47730,1085,50,'jeonju','p',28,0,'03:00:00',25600,NULL,'seoul','jeonju','2022-12-21 00:00:00','2022-12-21 03:00:00'),(47731,1074,49,'jeonju','n',36,0,'03:00:00',15600,NULL,'seoul','jeonju','2022-12-21 00:30:00','2022-12-21 03:30:00'),(47732,1061,48,'jeonju','p',28,0,'03:00:00',25600,NULL,'seoul','jeonju','2022-12-21 01:00:00','2022-12-21 04:00:00'),(47733,1059,47,'jeonju','n',36,0,'03:00:00',15600,NULL,'seoul','jeonju','2022-12-21 01:30:00','2022-12-21 04:30:00'),(47734,1054,46,'jeonju','p',28,0,'03:00:00',25600,NULL,'seoul','jeonju','2022-12-21 02:00:00','2022-12-21 05:00:00'),(47735,1050,45,'jeonju','p',28,0,'03:00:00',25600,NULL,'seoul','jeonju','2022-12-21 02:30:00','2022-12-21 05:30:00'),(47736,1046,44,'jeonju','p',28,0,'03:00:00',25600,NULL,'seoul','jeonju','2022-12-21 03:00:00','2022-12-21 06:00:00'),(47737,1044,43,'jeonju','n',36,0,'03:00:00',15600,NULL,'seoul','jeonju','2022-12-21 03:30:00','2022-12-21 06:30:00'),(47738,1038,42,'jeonju','p',28,0,'03:00:00',25600,NULL,'seoul','jeonju','2022-12-21 04:00:00','2022-12-21 07:00:00'),(47739,1035,41,'jeonju','h',28,0,'03:00:00',20600,NULL,'seoul','jeonju','2022-12-21 04:30:00','2022-12-21 07:30:00'),(47740,1087,51,'jeonju','h',28,0,'03:00:00',20600,NULL,'seoul','jeonju','2022-12-21 05:00:00','2022-12-21 08:00:00'),(47741,1989,80,'jeonju','h',28,0,'03:00:00',20600,NULL,'seoul','jeonju','2022-12-21 05:30:00','2022-12-21 08:30:00'),(47742,1161,62,'jeonju','p',28,0,'03:00:00',25600,NULL,'seoul','jeonju','2022-12-21 06:00:00','2022-12-21 09:00:00'),(47743,1159,61,'jeonju','n',36,0,'03:00:00',15600,NULL,'seoul','jeonju','2022-12-21 06:30:00','2022-12-21 09:30:00'),(47744,1154,60,'jeonju','p',28,0,'03:00:00',25600,NULL,'seoul','jeonju','2022-12-21 07:00:00','2022-12-21 10:00:00'),(47745,1147,59,'jeonju','p',28,0,'03:00:00',25600,NULL,'seoul','jeonju','2022-12-21 07:30:00','2022-12-21 10:30:00'),(47746,1141,58,'jeonju','p',28,0,'03:00:00',25600,NULL,'seoul','jeonju','2022-12-21 08:00:00','2022-12-21 11:00:00'),(47747,1136,57,'jeonju','p',28,0,'03:00:00',25600,NULL,'seoul','jeonju','2022-12-21 08:30:00','2022-12-21 11:30:00'),(47748,1131,56,'jeonju','p',28,0,'03:00:00',25600,NULL,'seoul','jeonju','2022-12-21 09:00:00','2022-12-21 12:00:00'),(47749,1127,55,'jeonju','p',28,0,'03:00:00',25600,NULL,'seoul','jeonju','2022-12-21 09:30:00','2022-12-21 12:30:00'),(47750,1108,54,'jeonju','n',36,0,'03:00:00',15600,NULL,'seoul','jeonju','2022-12-21 10:00:00','2022-12-21 13:00:00'),(47751,1107,53,'jeonju','h',28,0,'03:00:00',20600,NULL,'seoul','jeonju','2022-12-21 10:30:00','2022-12-21 13:30:00'),(47752,1089,52,'jeonju','p',28,0,'03:00:00',25600,NULL,'seoul','jeonju','2022-12-21 11:00:00','2022-12-21 14:00:00'),(47753,1001,39,'jeonju','p',28,0,'03:00:00',25600,NULL,'seoul','jeonju','2022-12-21 11:30:00','2022-12-21 14:30:00'),(47754,1085,50,'jeonju','p',28,0,'03:00:00',25600,NULL,'seoul','jeonju','2022-12-21 12:00:00','2022-12-21 15:00:00'),(47755,1074,49,'jeonju','n',36,0,'03:00:00',15600,NULL,'seoul','jeonju','2022-12-21 12:30:00','2022-12-21 15:30:00'),(47756,1061,48,'jeonju','p',28,0,'03:00:00',25600,NULL,'seoul','jeonju','2022-12-21 13:00:00','2022-12-21 16:00:00'),(47757,1059,47,'jeonju','n',36,0,'03:00:00',15600,NULL,'seoul','jeonju','2022-12-21 13:30:00','2022-12-21 16:30:00'),(47758,1054,46,'jeonju','p',28,0,'03:00:00',25600,NULL,'seoul','jeonju','2022-12-21 14:00:00','2022-12-21 17:00:00'),(47759,1050,45,'jeonju','p',28,0,'03:00:00',25600,NULL,'seoul','jeonju','2022-12-21 14:30:00','2022-12-21 17:30:00'),(47760,1046,44,'jeonju','p',28,0,'03:00:00',25600,NULL,'seoul','jeonju','2022-12-21 15:00:00','2022-12-21 18:00:00'),(47761,1044,43,'jeonju','n',36,0,'03:00:00',15600,NULL,'seoul','jeonju','2022-12-21 15:30:00','2022-12-21 18:30:00'),(47762,1038,42,'jeonju','p',28,0,'03:00:00',25600,NULL,'seoul','jeonju','2022-12-21 16:00:00','2022-12-21 19:00:00'),(47763,1035,41,'jeonju','h',28,0,'03:00:00',20600,NULL,'seoul','jeonju','2022-12-21 16:30:00','2022-12-21 19:30:00'),(47764,1087,51,'jeonju','h',28,0,'03:00:00',20600,NULL,'seoul','jeonju','2022-12-21 17:00:00','2022-12-21 20:00:00'),(47765,1989,80,'jeonju','h',28,0,'03:00:00',20600,NULL,'seoul','jeonju','2022-12-21 17:30:00','2022-12-21 20:30:00'),(47766,1161,62,'jeonju','p',28,0,'03:00:00',25600,NULL,'seoul','jeonju','2022-12-21 18:00:00','2022-12-21 21:00:00'),(47767,1075,20,'incheon','p',28,0,'03:30:00',25900,NULL,'jeonju','incheon','2022-12-19 17:00:00','2022-12-19 20:00:00'),(47768,1996,38,'incheon','p',28,0,'03:30:00',25900,NULL,'jeonju','incheon','2022-12-19 17:30:00','2022-12-19 20:30:00'),(47769,1142,31,'incheon','p',28,0,'03:30:00',25900,NULL,'jeonju','incheon','2022-12-19 18:00:00','2022-12-19 21:00:00'),(47770,1133,30,'incheon','p',28,0,'03:30:00',25900,NULL,'jeonju','incheon','2022-12-19 18:30:00','2022-12-19 21:30:00'),(47771,1124,29,'incheon','p',28,0,'03:30:00',25900,NULL,'jeonju','incheon','2022-12-19 19:00:00','2022-12-19 22:00:00'),(47772,1116,28,'incheon','p',28,0,'03:30:00',25900,NULL,'jeonju','incheon','2022-12-19 19:30:00','2022-12-19 22:30:00'),(47773,1113,27,'incheon','p',28,0,'03:30:00',25900,NULL,'jeonju','incheon','2022-12-19 20:00:00','2022-12-19 23:00:00'),(47774,1103,26,'incheon','p',28,0,'03:30:00',25900,NULL,'jeonju','incheon','2022-12-19 20:30:00','2022-12-19 23:30:00'),(47775,1099,25,'incheon','h',28,0,'03:30:00',20900,NULL,'jeonju','incheon','2022-12-19 21:00:00','2022-12-20 00:00:00'),(47776,1093,24,'incheon','p',28,0,'03:30:00',25900,NULL,'jeonju','incheon','2022-12-19 21:30:00','2022-12-20 00:30:00'),(47777,1090,23,'incheon','p',28,0,'03:30:00',25900,NULL,'jeonju','incheon','2022-12-19 22:00:00','2022-12-20 01:00:00'),(47778,1084,22,'incheon','n',36,0,'03:30:00',15900,NULL,'jeonju','incheon','2022-12-19 22:30:00','2022-12-20 01:30:00'),(47779,1082,21,'incheon','p',28,0,'03:30:00',25900,NULL,'jeonju','incheon','2022-12-19 23:00:00','2022-12-20 02:00:00'),(47780,1003,1,'incheon','p',28,0,'03:30:00',25900,NULL,'jeonju','incheon','2022-12-19 23:30:00','2022-12-20 02:30:00'),(47781,1071,19,'incheon','n',36,0,'03:30:00',15900,NULL,'jeonju','incheon','2022-12-20 00:15:00','2022-12-20 03:15:00'),(47782,1069,18,'incheon','p',28,0,'03:30:00',25900,NULL,'jeonju','incheon','2022-12-20 00:45:00','2022-12-20 03:45:00'),(47783,1067,17,'incheon','p',28,0,'03:30:00',25900,NULL,'jeonju','incheon','2022-12-20 01:15:00','2022-12-20 04:15:00'),(47784,1064,16,'incheon','p',28,0,'03:30:00',25900,NULL,'jeonju','incheon','2022-12-20 01:45:00','2022-12-20 04:45:00'),(47785,1049,15,'incheon','n',36,0,'03:30:00',15900,NULL,'jeonju','incheon','2022-12-20 02:15:00','2022-12-20 05:15:00'),(47786,1041,14,'incheon','n',36,0,'03:30:00',15900,NULL,'jeonju','incheon','2022-12-20 02:45:00','2022-12-20 05:45:00'),(47787,1037,13,'incheon','p',28,0,'03:30:00',25900,NULL,'jeonju','incheon','2022-12-20 03:15:00','2022-12-20 06:15:00'),(47788,1032,12,'incheon','h',28,0,'03:30:00',20900,NULL,'jeonju','incheon','2022-12-20 03:45:00','2022-12-20 06:45:00'),(47789,1031,11,'incheon','n',36,0,'03:30:00',15900,NULL,'jeonju','incheon','2022-12-20 04:15:00','2022-12-20 07:15:00'),(47790,1024,10,'incheon','n',36,0,'03:30:00',15900,NULL,'jeonju','incheon','2022-12-20 04:45:00','2022-12-20 07:45:00'),(47791,1075,20,'incheon','p',28,0,'03:30:00',25900,NULL,'jeonju','incheon','2022-12-20 05:15:00','2022-12-20 08:15:00'),(47792,1996,38,'incheon','p',28,0,'03:30:00',25900,NULL,'jeonju','incheon','2022-12-20 05:45:00','2022-12-20 08:45:00'),(47793,1142,31,'incheon','p',28,0,'03:30:00',25900,NULL,'jeonju','incheon','2022-12-20 06:15:00','2022-12-20 09:15:00'),(47794,1133,30,'incheon','p',28,0,'03:30:00',25900,NULL,'jeonju','incheon','2022-12-20 06:45:00','2022-12-20 09:45:00'),(47795,1124,29,'incheon','p',28,0,'03:30:00',25900,NULL,'jeonju','incheon','2022-12-20 07:15:00','2022-12-20 10:15:00'),(47796,1116,28,'incheon','p',28,0,'03:30:00',25900,NULL,'jeonju','incheon','2022-12-20 07:45:00','2022-12-20 10:45:00'),(47797,1113,27,'incheon','p',28,0,'03:30:00',25900,NULL,'jeonju','incheon','2022-12-20 08:15:00','2022-12-20 11:15:00'),(47798,1103,26,'incheon','p',28,0,'03:30:00',25900,NULL,'jeonju','incheon','2022-12-20 08:45:00','2022-12-20 11:45:00'),(47799,1099,25,'incheon','h',28,0,'03:30:00',20900,NULL,'jeonju','incheon','2022-12-20 09:15:00','2022-12-20 12:15:00'),(47800,1093,24,'incheon','p',28,0,'03:30:00',25900,NULL,'jeonju','incheon','2022-12-20 09:45:00','2022-12-20 12:45:00'),(47801,1090,23,'incheon','p',28,0,'03:30:00',25900,NULL,'jeonju','incheon','2022-12-20 10:15:00','2022-12-20 13:15:00'),(47802,1084,22,'incheon','n',36,0,'03:30:00',15900,NULL,'jeonju','incheon','2022-12-20 10:45:00','2022-12-20 13:45:00'),(47803,1082,21,'incheon','p',28,0,'03:30:00',25900,NULL,'jeonju','incheon','2022-12-20 11:15:00','2022-12-20 14:15:00'),(47804,1003,1,'incheon','p',28,0,'03:30:00',25900,NULL,'jeonju','incheon','2022-12-20 11:45:00','2022-12-20 14:45:00'),(47805,1071,19,'incheon','n',36,0,'03:30:00',15900,NULL,'jeonju','incheon','2022-12-20 12:15:00','2022-12-20 15:15:00'),(47806,1069,18,'incheon','p',28,0,'03:30:00',25900,NULL,'jeonju','incheon','2022-12-20 12:45:00','2022-12-20 15:45:00'),(47807,1067,17,'incheon','p',28,0,'03:30:00',25900,NULL,'jeonju','incheon','2022-12-20 13:15:00','2022-12-20 16:15:00'),(47808,1064,16,'incheon','p',28,0,'03:30:00',25900,NULL,'jeonju','incheon','2022-12-20 13:45:00','2022-12-20 16:45:00'),(47809,1049,15,'incheon','n',36,1,'03:30:00',15900,NULL,'jeonju','incheon','2022-12-20 14:15:00','2022-12-20 17:15:00'),(47810,1041,14,'incheon','n',36,0,'03:30:00',15900,NULL,'jeonju','incheon','2022-12-20 14:45:00','2022-12-20 17:45:00'),(47811,1037,13,'incheon','p',28,0,'03:30:00',25900,NULL,'jeonju','incheon','2022-12-20 15:15:00','2022-12-20 18:15:00'),(47812,1032,12,'incheon','h',28,0,'03:30:00',20900,NULL,'jeonju','incheon','2022-12-20 15:45:00','2022-12-20 18:45:00'),(47813,1031,11,'incheon','n',36,0,'03:30:00',15900,NULL,'jeonju','incheon','2022-12-20 16:15:00','2022-12-20 19:15:00'),(47814,1024,10,'incheon','n',36,0,'03:30:00',15900,NULL,'jeonju','incheon','2022-12-20 16:45:00','2022-12-20 19:45:00'),(47815,1075,20,'incheon','p',28,0,'03:30:00',25900,NULL,'jeonju','incheon','2022-12-20 17:15:00','2022-12-20 20:15:00'),(47816,1996,38,'incheon','p',28,0,'03:30:00',25900,NULL,'jeonju','incheon','2022-12-20 17:45:00','2022-12-20 20:45:00'),(47817,1142,31,'incheon','p',28,0,'03:30:00',25900,NULL,'jeonju','incheon','2022-12-20 18:15:00','2022-12-20 21:15:00'),(47818,1133,30,'incheon','p',28,0,'03:30:00',25900,NULL,'jeonju','incheon','2022-12-20 18:45:00','2022-12-20 21:45:00'),(47819,1124,29,'incheon','p',28,0,'03:30:00',25900,NULL,'jeonju','incheon','2022-12-20 19:15:00','2022-12-20 22:15:00'),(47820,1116,28,'incheon','p',28,0,'03:30:00',25900,NULL,'jeonju','incheon','2022-12-20 19:45:00','2022-12-20 22:45:00'),(47821,1113,27,'incheon','p',28,0,'03:30:00',25900,NULL,'jeonju','incheon','2022-12-20 20:15:00','2022-12-20 23:15:00'),(47822,1103,26,'incheon','p',28,0,'03:30:00',25900,NULL,'jeonju','incheon','2022-12-20 20:45:00','2022-12-20 23:45:00'),(47823,1099,25,'incheon','h',28,0,'03:30:00',20900,NULL,'jeonju','incheon','2022-12-20 21:15:00','2022-12-21 00:15:00'),(47824,1093,24,'incheon','p',28,0,'03:30:00',25900,NULL,'jeonju','incheon','2022-12-20 21:45:00','2022-12-21 00:45:00'),(47825,1090,23,'incheon','p',28,0,'03:30:00',25900,NULL,'jeonju','incheon','2022-12-20 22:15:00','2022-12-21 01:15:00'),(47826,1084,22,'incheon','n',36,0,'03:30:00',15900,NULL,'jeonju','incheon','2022-12-20 22:45:00','2022-12-21 01:45:00'),(47827,1082,21,'incheon','p',28,0,'03:30:00',25900,NULL,'jeonju','incheon','2022-12-20 23:15:00','2022-12-21 02:15:00'),(47828,1003,1,'incheon','p',28,0,'03:30:00',25900,NULL,'jeonju','incheon','2022-12-20 23:45:00','2022-12-21 02:45:00'),(47829,1071,19,'incheon','n',36,0,'03:30:00',15900,NULL,'jeonju','incheon','2022-12-21 00:00:00','2022-12-21 03:00:00'),(47830,1069,18,'incheon','p',28,0,'03:30:00',25900,NULL,'jeonju','incheon','2022-12-21 00:30:00','2022-12-21 03:30:00'),(47831,1067,17,'incheon','p',28,0,'03:30:00',25900,NULL,'jeonju','incheon','2022-12-21 01:00:00','2022-12-21 04:00:00'),(47832,1064,16,'incheon','p',28,0,'03:30:00',25900,NULL,'jeonju','incheon','2022-12-21 01:30:00','2022-12-21 04:30:00'),(47833,1049,15,'incheon','n',36,0,'03:30:00',15900,NULL,'jeonju','incheon','2022-12-21 02:00:00','2022-12-21 05:00:00'),(47834,1041,14,'incheon','n',36,0,'03:30:00',15900,NULL,'jeonju','incheon','2022-12-21 02:30:00','2022-12-21 05:30:00'),(47835,1037,13,'incheon','p',28,0,'03:30:00',25900,NULL,'jeonju','incheon','2022-12-21 03:00:00','2022-12-21 06:00:00'),(47836,1032,12,'incheon','h',28,0,'03:30:00',20900,NULL,'jeonju','incheon','2022-12-21 03:30:00','2022-12-21 06:30:00'),(47837,1031,11,'incheon','n',36,0,'03:30:00',15900,NULL,'jeonju','incheon','2022-12-21 04:00:00','2022-12-21 07:00:00'),(47838,1024,10,'incheon','n',36,0,'03:30:00',15900,NULL,'jeonju','incheon','2022-12-21 04:30:00','2022-12-21 07:30:00'),(47839,1075,20,'incheon','p',28,0,'03:30:00',25900,NULL,'jeonju','incheon','2022-12-21 05:00:00','2022-12-21 08:00:00'),(47840,1996,38,'incheon','p',28,0,'03:30:00',25900,NULL,'jeonju','incheon','2022-12-21 05:30:00','2022-12-21 08:30:00'),(47841,1142,31,'incheon','p',28,0,'03:30:00',25900,NULL,'jeonju','incheon','2022-12-21 06:00:00','2022-12-21 09:00:00'),(47842,1133,30,'incheon','p',28,0,'03:30:00',25900,NULL,'jeonju','incheon','2022-12-21 06:30:00','2022-12-21 09:30:00'),(47843,1124,29,'incheon','p',28,0,'03:30:00',25900,NULL,'jeonju','incheon','2022-12-21 07:00:00','2022-12-21 10:00:00'),(47844,1116,28,'incheon','p',28,0,'03:30:00',25900,NULL,'jeonju','incheon','2022-12-21 07:30:00','2022-12-21 10:30:00'),(47845,1113,27,'incheon','p',28,0,'03:30:00',25900,NULL,'jeonju','incheon','2022-12-21 08:00:00','2022-12-21 11:00:00'),(47846,1103,26,'incheon','p',28,0,'03:30:00',25900,NULL,'jeonju','incheon','2022-12-21 08:30:00','2022-12-21 11:30:00'),(47847,1099,25,'incheon','h',28,0,'03:30:00',20900,NULL,'jeonju','incheon','2022-12-21 09:00:00','2022-12-21 12:00:00'),(47848,1093,24,'incheon','p',28,0,'03:30:00',25900,NULL,'jeonju','incheon','2022-12-21 09:30:00','2022-12-21 12:30:00'),(47849,1090,23,'incheon','p',28,0,'03:30:00',25900,NULL,'jeonju','incheon','2022-12-21 10:00:00','2022-12-21 13:00:00'),(47850,1084,22,'incheon','n',36,0,'03:30:00',15900,NULL,'jeonju','incheon','2022-12-21 10:30:00','2022-12-21 13:30:00'),(47851,1082,21,'incheon','p',28,0,'03:30:00',25900,NULL,'jeonju','incheon','2022-12-21 11:00:00','2022-12-21 14:00:00'),(47852,1003,1,'incheon','p',28,0,'03:30:00',25900,NULL,'jeonju','incheon','2022-12-21 11:30:00','2022-12-21 14:30:00'),(47853,1071,19,'incheon','n',36,0,'03:30:00',15900,NULL,'jeonju','incheon','2022-12-21 12:00:00','2022-12-21 15:00:00'),(47854,1069,18,'incheon','p',28,0,'03:30:00',25900,NULL,'jeonju','incheon','2022-12-21 12:30:00','2022-12-21 15:30:00'),(47855,1067,17,'incheon','p',28,0,'03:30:00',25900,NULL,'jeonju','incheon','2022-12-21 13:00:00','2022-12-21 16:00:00'),(47856,1064,16,'incheon','p',28,0,'03:30:00',25900,NULL,'jeonju','incheon','2022-12-21 13:30:00','2022-12-21 16:30:00'),(47857,1049,15,'incheon','n',36,0,'03:30:00',15900,NULL,'jeonju','incheon','2022-12-21 14:00:00','2022-12-21 17:00:00'),(47858,1041,14,'incheon','n',36,0,'03:30:00',15900,NULL,'jeonju','incheon','2022-12-21 14:30:00','2022-12-21 17:30:00'),(47859,1037,13,'incheon','p',28,0,'03:30:00',25900,NULL,'jeonju','incheon','2022-12-21 15:00:00','2022-12-21 18:00:00'),(47860,1032,12,'incheon','h',28,0,'03:30:00',20900,NULL,'jeonju','incheon','2022-12-21 15:30:00','2022-12-21 18:30:00'),(47861,1031,11,'incheon','n',36,0,'03:30:00',15900,NULL,'jeonju','incheon','2022-12-21 16:00:00','2022-12-21 19:00:00'),(47862,1024,10,'incheon','n',36,0,'03:30:00',15900,NULL,'jeonju','incheon','2022-12-21 16:30:00','2022-12-21 19:30:00'),(47863,1075,20,'incheon','p',28,0,'03:30:00',25900,NULL,'jeonju','incheon','2022-12-21 17:00:00','2022-12-21 20:00:00'),(47864,1996,38,'incheon','p',28,0,'03:30:00',25900,NULL,'jeonju','incheon','2022-12-21 17:30:00','2022-12-21 20:30:00'),(47865,1142,31,'incheon','p',28,0,'03:30:00',25900,NULL,'jeonju','incheon','2022-12-21 18:00:00','2022-12-21 21:00:00'),(47866,1112,94,'jeonju','p',28,0,'03:30:00',25900,NULL,'incheon','jeonju','2022-12-19 17:00:00','2022-12-19 20:00:00'),(47867,1981,147,'jeonju','h',28,0,'03:30:00',20900,NULL,'incheon','jeonju','2022-12-19 17:30:00','2022-12-19 20:30:00'),(47868,1244,110,'jeonju','p',28,0,'03:30:00',25900,NULL,'incheon','jeonju','2022-12-19 18:00:00','2022-12-19 21:00:00'),(47869,1240,104,'jeonju','p',28,0,'03:30:00',25900,NULL,'incheon','jeonju','2022-12-19 18:30:00','2022-12-19 21:30:00'),(47870,1224,103,'jeonju','h',28,0,'03:30:00',20900,NULL,'incheon','jeonju','2022-12-19 19:00:00','2022-12-19 22:00:00'),(47871,1220,102,'jeonju','n',36,0,'03:30:00',15900,NULL,'incheon','jeonju','2022-12-19 19:30:00','2022-12-19 22:30:00'),(47872,1211,101,'jeonju','p',28,0,'03:30:00',25900,NULL,'incheon','jeonju','2022-12-19 20:00:00','2022-12-19 23:00:00'),(47873,1138,100,'jeonju','p',28,0,'03:30:00',25900,NULL,'incheon','jeonju','2022-12-19 20:30:00','2022-12-19 23:30:00'),(47874,1135,99,'jeonju','h',28,0,'03:30:00',20900,NULL,'incheon','jeonju','2022-12-19 21:00:00','2022-12-20 00:00:00'),(47875,1126,98,'jeonju','p',28,0,'03:30:00',25900,NULL,'incheon','jeonju','2022-12-19 21:30:00','2022-12-20 00:30:00'),(47876,1123,97,'jeonju','p',28,0,'03:30:00',25900,NULL,'incheon','jeonju','2022-12-19 22:00:00','2022-12-20 01:00:00'),(47877,1119,96,'jeonju','p',28,0,'03:30:00',25900,NULL,'incheon','jeonju','2022-12-19 22:30:00','2022-12-20 01:30:00'),(47878,1118,95,'jeonju','p',28,0,'03:30:00',25900,NULL,'incheon','jeonju','2022-12-19 23:00:00','2022-12-20 02:00:00'),(47879,1004,82,'jeonju','p',28,0,'03:30:00',25900,NULL,'incheon','jeonju','2022-12-19 23:30:00','2022-12-20 02:30:00'),(47880,1088,93,'jeonju','n',36,0,'03:30:00',15900,NULL,'incheon','jeonju','2022-12-20 00:15:00','2022-12-20 03:15:00'),(47881,1080,92,'jeonju','h',28,0,'03:30:00',20900,NULL,'incheon','jeonju','2022-12-20 00:45:00','2022-12-20 03:45:00'),(47882,1078,91,'jeonju','h',28,0,'03:30:00',20900,NULL,'incheon','jeonju','2022-12-20 01:15:00','2022-12-20 04:15:00'),(47883,1077,90,'jeonju','h',28,0,'03:30:00',20900,NULL,'incheon','jeonju','2022-12-20 01:45:00','2022-12-20 04:45:00'),(47884,1072,89,'jeonju','n',36,0,'03:30:00',15900,NULL,'incheon','jeonju','2022-12-20 02:15:00','2022-12-20 05:15:00'),(47885,1042,88,'jeonju','n',36,0,'03:30:00',15900,NULL,'incheon','jeonju','2022-12-20 02:45:00','2022-12-20 05:45:00'),(47886,1029,87,'jeonju','p',28,0,'03:30:00',25900,NULL,'incheon','jeonju','2022-12-20 03:15:00','2022-12-20 06:15:00'),(47887,1027,86,'jeonju','n',36,0,'03:30:00',15900,NULL,'incheon','jeonju','2022-12-20 03:45:00','2022-12-20 06:45:00'),(47888,1026,85,'jeonju','p',28,0,'03:30:00',25900,NULL,'incheon','jeonju','2022-12-20 04:15:00','2022-12-20 07:15:00'),(47889,1022,84,'jeonju','n',36,0,'03:30:00',15900,NULL,'incheon','jeonju','2022-12-20 04:45:00','2022-12-20 07:45:00'),(47890,1112,94,'jeonju','p',28,0,'03:30:00',25900,NULL,'incheon','jeonju','2022-12-20 05:15:00','2022-12-20 08:15:00'),(47891,1981,147,'jeonju','h',28,0,'03:30:00',20900,NULL,'incheon','jeonju','2022-12-20 05:45:00','2022-12-20 08:45:00'),(47892,1244,110,'jeonju','p',28,0,'03:30:00',25900,NULL,'incheon','jeonju','2022-12-20 06:15:00','2022-12-20 09:15:00'),(47893,1240,104,'jeonju','p',28,0,'03:30:00',25900,NULL,'incheon','jeonju','2022-12-20 06:45:00','2022-12-20 09:45:00'),(47894,1224,103,'jeonju','h',28,0,'03:30:00',20900,NULL,'incheon','jeonju','2022-12-20 07:15:00','2022-12-20 10:15:00'),(47895,1220,102,'jeonju','n',36,0,'03:30:00',15900,NULL,'incheon','jeonju','2022-12-20 07:45:00','2022-12-20 10:45:00'),(47896,1211,101,'jeonju','p',28,0,'03:30:00',25900,NULL,'incheon','jeonju','2022-12-20 08:15:00','2022-12-20 11:15:00'),(47897,1138,100,'jeonju','p',28,0,'03:30:00',25900,NULL,'incheon','jeonju','2022-12-20 08:45:00','2022-12-20 11:45:00'),(47898,1135,99,'jeonju','h',28,0,'03:30:00',20900,NULL,'incheon','jeonju','2022-12-20 09:15:00','2022-12-20 12:15:00'),(47899,1126,98,'jeonju','p',28,0,'03:30:00',25900,NULL,'incheon','jeonju','2022-12-20 09:45:00','2022-12-20 12:45:00'),(47900,1123,97,'jeonju','p',28,0,'03:30:00',25900,NULL,'incheon','jeonju','2022-12-20 10:15:00','2022-12-20 13:15:00'),(47901,1119,96,'jeonju','p',28,0,'03:30:00',25900,NULL,'incheon','jeonju','2022-12-20 10:45:00','2022-12-20 13:45:00'),(47902,1118,95,'jeonju','p',28,0,'03:30:00',25900,NULL,'incheon','jeonju','2022-12-20 11:15:00','2022-12-20 14:15:00'),(47903,1004,82,'jeonju','p',28,0,'03:30:00',25900,NULL,'incheon','jeonju','2022-12-20 11:45:00','2022-12-20 14:45:00'),(47904,1088,93,'jeonju','n',36,0,'03:30:00',15900,NULL,'incheon','jeonju','2022-12-20 12:15:00','2022-12-20 15:15:00'),(47905,1080,92,'jeonju','h',28,0,'03:30:00',20900,NULL,'incheon','jeonju','2022-12-20 12:45:00','2022-12-20 15:45:00'),(47906,1078,91,'jeonju','h',28,0,'03:30:00',20900,NULL,'incheon','jeonju','2022-12-20 13:15:00','2022-12-20 16:15:00'),(47907,1077,90,'jeonju','h',28,0,'03:30:00',20900,NULL,'incheon','jeonju','2022-12-20 13:45:00','2022-12-20 16:45:00'),(47908,1072,89,'jeonju','n',36,0,'03:30:00',15900,NULL,'incheon','jeonju','2022-12-20 14:15:00','2022-12-20 17:15:00'),(47909,1042,88,'jeonju','n',36,0,'03:30:00',15900,NULL,'incheon','jeonju','2022-12-20 14:45:00','2022-12-20 17:45:00'),(47910,1029,87,'jeonju','p',28,0,'03:30:00',25900,NULL,'incheon','jeonju','2022-12-20 15:15:00','2022-12-20 18:15:00'),(47911,1027,86,'jeonju','n',36,0,'03:30:00',15900,NULL,'incheon','jeonju','2022-12-20 15:45:00','2022-12-20 18:45:00'),(47912,1026,85,'jeonju','p',28,0,'03:30:00',25900,NULL,'incheon','jeonju','2022-12-20 16:15:00','2022-12-20 19:15:00'),(47913,1022,84,'jeonju','n',36,0,'03:30:00',15900,NULL,'incheon','jeonju','2022-12-20 16:45:00','2022-12-20 19:45:00'),(47914,1112,94,'jeonju','p',28,0,'03:30:00',25900,NULL,'incheon','jeonju','2022-12-20 17:15:00','2022-12-20 20:15:00'),(47915,1981,147,'jeonju','h',28,0,'03:30:00',20900,NULL,'incheon','jeonju','2022-12-20 17:45:00','2022-12-20 20:45:00'),(47916,1244,110,'jeonju','p',28,0,'03:30:00',25900,NULL,'incheon','jeonju','2022-12-20 18:15:00','2022-12-20 21:15:00'),(47917,1240,104,'jeonju','p',28,0,'03:30:00',25900,NULL,'incheon','jeonju','2022-12-20 18:45:00','2022-12-20 21:45:00'),(47918,1224,103,'jeonju','h',28,0,'03:30:00',20900,NULL,'incheon','jeonju','2022-12-20 19:15:00','2022-12-20 22:15:00'),(47919,1220,102,'jeonju','n',36,0,'03:30:00',15900,NULL,'incheon','jeonju','2022-12-20 19:45:00','2022-12-20 22:45:00'),(47920,1211,101,'jeonju','p',28,0,'03:30:00',25900,NULL,'incheon','jeonju','2022-12-20 20:15:00','2022-12-20 23:15:00'),(47921,1138,100,'jeonju','p',28,0,'03:30:00',25900,NULL,'incheon','jeonju','2022-12-20 20:45:00','2022-12-20 23:45:00'),(47922,1135,99,'jeonju','h',28,0,'03:30:00',20900,NULL,'incheon','jeonju','2022-12-20 21:15:00','2022-12-21 00:15:00'),(47923,1126,98,'jeonju','p',28,0,'03:30:00',25900,NULL,'incheon','jeonju','2022-12-20 21:45:00','2022-12-21 00:45:00'),(47924,1123,97,'jeonju','p',28,0,'03:30:00',25900,NULL,'incheon','jeonju','2022-12-20 22:15:00','2022-12-21 01:15:00'),(47925,1119,96,'jeonju','p',28,0,'03:30:00',25900,NULL,'incheon','jeonju','2022-12-20 22:45:00','2022-12-21 01:45:00'),(47926,1118,95,'jeonju','p',28,0,'03:30:00',25900,NULL,'incheon','jeonju','2022-12-20 23:15:00','2022-12-21 02:15:00'),(47927,1004,82,'jeonju','p',28,0,'03:30:00',25900,NULL,'incheon','jeonju','2022-12-20 23:45:00','2022-12-21 02:45:00'),(47928,1088,93,'jeonju','n',36,0,'03:30:00',15900,NULL,'incheon','jeonju','2022-12-21 00:00:00','2022-12-21 03:00:00'),(47929,1080,92,'jeonju','h',28,0,'03:30:00',20900,NULL,'incheon','jeonju','2022-12-21 00:30:00','2022-12-21 03:30:00'),(47930,1078,91,'jeonju','h',28,0,'03:30:00',20900,NULL,'incheon','jeonju','2022-12-21 01:00:00','2022-12-21 04:00:00'),(47931,1077,90,'jeonju','h',28,0,'03:30:00',20900,NULL,'incheon','jeonju','2022-12-21 01:30:00','2022-12-21 04:30:00'),(47932,1072,89,'jeonju','n',36,0,'03:30:00',15900,NULL,'incheon','jeonju','2022-12-21 02:00:00','2022-12-21 05:00:00'),(47933,1042,88,'jeonju','n',36,0,'03:30:00',15900,NULL,'incheon','jeonju','2022-12-21 02:30:00','2022-12-21 05:30:00'),(47934,1029,87,'jeonju','p',28,0,'03:30:00',25900,NULL,'incheon','jeonju','2022-12-21 03:00:00','2022-12-21 06:00:00'),(47935,1027,86,'jeonju','n',36,0,'03:30:00',15900,NULL,'incheon','jeonju','2022-12-21 03:30:00','2022-12-21 06:30:00'),(47936,1026,85,'jeonju','p',28,0,'03:30:00',25900,NULL,'incheon','jeonju','2022-12-21 04:00:00','2022-12-21 07:00:00'),(47937,1022,84,'jeonju','n',36,0,'03:30:00',15900,NULL,'incheon','jeonju','2022-12-21 04:30:00','2022-12-21 07:30:00'),(47938,1112,94,'jeonju','p',28,0,'03:30:00',25900,NULL,'incheon','jeonju','2022-12-21 05:00:00','2022-12-21 08:00:00'),(47939,1981,147,'jeonju','h',28,0,'03:30:00',20900,NULL,'incheon','jeonju','2022-12-21 05:30:00','2022-12-21 08:30:00'),(47940,1244,110,'jeonju','p',28,0,'03:30:00',25900,NULL,'incheon','jeonju','2022-12-21 06:00:00','2022-12-21 09:00:00'),(47941,1240,104,'jeonju','p',28,0,'03:30:00',25900,NULL,'incheon','jeonju','2022-12-21 06:30:00','2022-12-21 09:30:00'),(47942,1224,103,'jeonju','h',28,0,'03:30:00',20900,NULL,'incheon','jeonju','2022-12-21 07:00:00','2022-12-21 10:00:00'),(47943,1220,102,'jeonju','n',36,0,'03:30:00',15900,NULL,'incheon','jeonju','2022-12-21 07:30:00','2022-12-21 10:30:00'),(47944,1211,101,'jeonju','p',28,0,'03:30:00',25900,NULL,'incheon','jeonju','2022-12-21 08:00:00','2022-12-21 11:00:00'),(47945,1138,100,'jeonju','p',28,0,'03:30:00',25900,NULL,'incheon','jeonju','2022-12-21 08:30:00','2022-12-21 11:30:00'),(47946,1135,99,'jeonju','h',28,0,'03:30:00',20900,NULL,'incheon','jeonju','2022-12-21 09:00:00','2022-12-21 12:00:00'),(47947,1126,98,'jeonju','p',28,0,'03:30:00',25900,NULL,'incheon','jeonju','2022-12-21 09:30:00','2022-12-21 12:30:00'),(47948,1123,97,'jeonju','p',28,0,'03:30:00',25900,NULL,'incheon','jeonju','2022-12-21 10:00:00','2022-12-21 13:00:00'),(47949,1119,96,'jeonju','p',28,0,'03:30:00',25900,NULL,'incheon','jeonju','2022-12-21 10:30:00','2022-12-21 13:30:00'),(47950,1118,95,'jeonju','p',28,0,'03:30:00',25900,NULL,'incheon','jeonju','2022-12-21 11:00:00','2022-12-21 14:00:00'),(47951,1004,82,'jeonju','p',28,0,'03:30:00',25900,NULL,'incheon','jeonju','2022-12-21 11:30:00','2022-12-21 14:30:00'),(47952,1088,93,'jeonju','n',36,0,'03:30:00',15900,NULL,'incheon','jeonju','2022-12-21 12:00:00','2022-12-21 15:00:00'),(47953,1080,92,'jeonju','h',28,0,'03:30:00',20900,NULL,'incheon','jeonju','2022-12-21 12:30:00','2022-12-21 15:30:00'),(47954,1078,91,'jeonju','h',28,0,'03:30:00',20900,NULL,'incheon','jeonju','2022-12-21 13:00:00','2022-12-21 16:00:00'),(47955,1077,90,'jeonju','h',28,0,'03:30:00',20900,NULL,'incheon','jeonju','2022-12-21 13:30:00','2022-12-21 16:30:00'),(47956,1072,89,'jeonju','n',36,0,'03:30:00',15900,NULL,'incheon','jeonju','2022-12-21 14:00:00','2022-12-21 17:00:00'),(47957,1042,88,'jeonju','n',36,0,'03:30:00',15900,NULL,'incheon','jeonju','2022-12-21 14:30:00','2022-12-21 17:30:00'),(47958,1029,87,'jeonju','p',28,0,'03:30:00',25900,NULL,'incheon','jeonju','2022-12-21 15:00:00','2022-12-21 18:00:00'),(47959,1027,86,'jeonju','n',36,0,'03:30:00',15900,NULL,'incheon','jeonju','2022-12-21 15:30:00','2022-12-21 18:30:00'),(47960,1026,85,'jeonju','p',28,0,'03:30:00',25900,NULL,'incheon','jeonju','2022-12-21 16:00:00','2022-12-21 19:00:00'),(47961,1022,84,'jeonju','n',36,0,'03:30:00',15900,NULL,'incheon','jeonju','2022-12-21 16:30:00','2022-12-21 19:30:00'),(47962,1112,94,'jeonju','p',28,0,'03:30:00',25900,NULL,'incheon','jeonju','2022-12-21 17:00:00','2022-12-21 20:00:00'),(47963,1981,147,'jeonju','h',28,1,'03:30:00',20900,NULL,'incheon','jeonju','2022-12-21 17:30:00','2022-12-21 20:30:00'),(47964,1244,110,'jeonju','p',28,0,'03:30:00',25900,NULL,'incheon','jeonju','2022-12-21 18:00:00','2022-12-21 21:00:00'),(47965,1075,20,'seoul','p',28,0,'03:00:00',25600,NULL,'jeonju','seoul','2022-12-21 18:30:00','2022-12-21 21:30:00'),(47966,1996,38,'seoul','p',28,0,'03:00:00',25600,NULL,'jeonju','seoul','2022-12-21 19:00:00','2022-12-21 22:00:00'),(47967,1142,31,'seoul','p',28,0,'03:00:00',25600,NULL,'jeonju','seoul','2022-12-21 19:30:00','2022-12-21 22:30:00'),(47968,1133,30,'seoul','p',28,0,'03:00:00',25600,NULL,'jeonju','seoul','2022-12-21 20:00:00','2022-12-21 23:00:00'),(47969,1124,29,'seoul','p',28,0,'03:00:00',25600,NULL,'jeonju','seoul','2022-12-21 20:30:00','2022-12-21 23:30:00'),(47970,1116,28,'seoul','p',28,0,'03:00:00',25600,NULL,'jeonju','seoul','2022-12-21 21:00:00','2022-12-22 00:00:00'),(47971,1113,27,'seoul','p',28,2,'03:00:00',25600,NULL,'jeonju','seoul','2022-12-21 21:30:00','2022-12-22 00:30:00'),(47972,1103,26,'seoul','p',28,0,'03:00:00',25600,NULL,'jeonju','seoul','2022-12-21 22:00:00','2022-12-22 01:00:00'),(47973,1099,25,'seoul','h',28,0,'03:00:00',20600,NULL,'jeonju','seoul','2022-12-21 22:30:00','2022-12-22 01:30:00'),(47974,1093,24,'seoul','p',28,0,'03:00:00',25600,NULL,'jeonju','seoul','2022-12-21 23:00:00','2022-12-22 02:00:00'),(47975,1090,23,'seoul','p',28,0,'03:00:00',25600,NULL,'jeonju','seoul','2022-12-21 23:30:00','2022-12-22 02:30:00'),(47976,1084,22,'seoul','n',36,0,'03:00:00',15600,NULL,'jeonju','seoul','2022-12-22 00:15:00','2022-12-22 03:15:00'),(47977,1082,21,'seoul','p',28,0,'03:00:00',25600,NULL,'jeonju','seoul','2022-12-22 00:45:00','2022-12-22 03:45:00'),(47978,1003,1,'seoul','p',28,0,'03:00:00',25600,NULL,'jeonju','seoul','2022-12-22 01:15:00','2022-12-22 04:15:00'),(47979,1071,19,'seoul','n',36,0,'03:00:00',15600,NULL,'jeonju','seoul','2022-12-22 01:45:00','2022-12-22 04:45:00'),(47980,1069,18,'seoul','p',28,0,'03:00:00',25600,NULL,'jeonju','seoul','2022-12-22 02:15:00','2022-12-22 05:15:00'),(47981,1067,17,'seoul','p',28,0,'03:00:00',25600,NULL,'jeonju','seoul','2022-12-22 02:45:00','2022-12-22 05:45:00'),(47982,1064,16,'seoul','p',28,0,'03:00:00',25600,NULL,'jeonju','seoul','2022-12-22 03:15:00','2022-12-22 06:15:00'),(47983,1049,15,'seoul','n',36,0,'03:00:00',15600,NULL,'jeonju','seoul','2022-12-22 03:45:00','2022-12-22 06:45:00'),(47984,1041,14,'seoul','n',36,0,'03:00:00',15600,NULL,'jeonju','seoul','2022-12-22 04:15:00','2022-12-22 07:15:00'),(47985,1037,13,'seoul','p',28,0,'03:00:00',25600,NULL,'jeonju','seoul','2022-12-22 04:45:00','2022-12-22 07:45:00'),(47986,1032,12,'seoul','h',28,0,'03:00:00',20600,NULL,'jeonju','seoul','2022-12-22 05:15:00','2022-12-22 08:15:00'),(47987,1031,11,'seoul','n',36,0,'03:00:00',15600,NULL,'jeonju','seoul','2022-12-22 05:45:00','2022-12-22 08:45:00'),(47988,1024,10,'seoul','n',36,0,'03:00:00',15600,NULL,'jeonju','seoul','2022-12-22 06:15:00','2022-12-22 09:15:00'),(47989,1075,20,'seoul','p',28,0,'03:00:00',25600,NULL,'jeonju','seoul','2022-12-22 06:45:00','2022-12-22 09:45:00'),(47990,1996,38,'seoul','p',28,0,'03:00:00',25600,NULL,'jeonju','seoul','2022-12-22 07:15:00','2022-12-22 10:15:00'),(47991,1142,31,'seoul','p',28,0,'03:00:00',25600,NULL,'jeonju','seoul','2022-12-22 07:45:00','2022-12-22 10:45:00'),(47992,1133,30,'seoul','p',28,0,'03:00:00',25600,NULL,'jeonju','seoul','2022-12-22 08:15:00','2022-12-22 11:15:00'),(47993,1124,29,'seoul','p',28,0,'03:00:00',25600,NULL,'jeonju','seoul','2022-12-22 08:45:00','2022-12-22 11:45:00'),(47994,1116,28,'seoul','p',28,0,'03:00:00',25600,NULL,'jeonju','seoul','2022-12-22 09:15:00','2022-12-22 12:15:00'),(47995,1113,27,'seoul','p',28,0,'03:00:00',25600,NULL,'jeonju','seoul','2022-12-22 09:45:00','2022-12-22 12:45:00'),(47996,1103,26,'seoul','p',28,0,'03:00:00',25600,NULL,'jeonju','seoul','2022-12-22 10:15:00','2022-12-22 13:15:00'),(47997,1099,25,'seoul','h',28,0,'03:00:00',20600,NULL,'jeonju','seoul','2022-12-22 10:45:00','2022-12-22 13:45:00'),(47998,1093,24,'seoul','p',28,0,'03:00:00',25600,NULL,'jeonju','seoul','2022-12-22 11:15:00','2022-12-22 14:15:00'),(47999,1090,23,'seoul','p',28,0,'03:00:00',25600,NULL,'jeonju','seoul','2022-12-22 11:45:00','2022-12-22 14:45:00'),(48000,1084,22,'seoul','n',36,0,'03:00:00',15600,NULL,'jeonju','seoul','2022-12-22 12:15:00','2022-12-22 15:15:00'),(48001,1082,21,'seoul','p',28,0,'03:00:00',25600,NULL,'jeonju','seoul','2022-12-22 12:45:00','2022-12-22 15:45:00'),(48002,1003,1,'seoul','p',28,0,'03:00:00',25600,NULL,'jeonju','seoul','2022-12-22 13:15:00','2022-12-22 16:15:00'),(48003,1071,19,'seoul','n',36,0,'03:00:00',15600,NULL,'jeonju','seoul','2022-12-22 13:45:00','2022-12-22 16:45:00'),(48004,1069,18,'seoul','p',28,0,'03:00:00',25600,NULL,'jeonju','seoul','2022-12-22 14:15:00','2022-12-22 17:15:00'),(48005,1067,17,'seoul','p',28,0,'03:00:00',25600,NULL,'jeonju','seoul','2022-12-22 14:45:00','2022-12-22 17:45:00'),(48006,1064,16,'seoul','p',28,0,'03:00:00',25600,NULL,'jeonju','seoul','2022-12-22 15:15:00','2022-12-22 18:15:00'),(48007,1049,15,'seoul','n',36,0,'03:00:00',15600,NULL,'jeonju','seoul','2022-12-22 15:45:00','2022-12-22 18:45:00'),(48008,1041,14,'seoul','n',36,0,'03:00:00',15600,NULL,'jeonju','seoul','2022-12-22 16:15:00','2022-12-22 19:15:00'),(48009,1037,13,'seoul','p',28,0,'03:00:00',25600,NULL,'jeonju','seoul','2022-12-22 16:45:00','2022-12-22 19:45:00'),(48010,1032,12,'seoul','h',28,0,'03:00:00',20600,NULL,'jeonju','seoul','2022-12-22 17:15:00','2022-12-22 20:15:00'),(48011,1031,11,'seoul','n',36,0,'03:00:00',15600,NULL,'jeonju','seoul','2022-12-22 17:45:00','2022-12-22 20:45:00'),(48012,1024,10,'seoul','n',36,0,'03:00:00',15600,NULL,'jeonju','seoul','2022-12-22 18:15:00','2022-12-22 21:15:00'),(48013,1075,20,'seoul','p',28,0,'03:00:00',25600,NULL,'jeonju','seoul','2022-12-22 18:45:00','2022-12-22 21:45:00'),(48014,1996,38,'seoul','p',28,0,'03:00:00',25600,NULL,'jeonju','seoul','2022-12-22 19:15:00','2022-12-22 22:15:00'),(48015,1142,31,'seoul','p',28,0,'03:00:00',25600,NULL,'jeonju','seoul','2022-12-22 19:45:00','2022-12-22 22:45:00'),(48016,1133,30,'seoul','p',28,0,'03:00:00',25600,NULL,'jeonju','seoul','2022-12-22 20:15:00','2022-12-22 23:15:00'),(48017,1124,29,'seoul','p',28,0,'03:00:00',25600,NULL,'jeonju','seoul','2022-12-22 20:45:00','2022-12-22 23:45:00'),(48018,1116,28,'seoul','p',28,0,'03:00:00',25600,NULL,'jeonju','seoul','2022-12-22 21:15:00','2022-12-23 00:15:00'),(48019,1113,27,'seoul','p',28,0,'03:00:00',25600,NULL,'jeonju','seoul','2022-12-22 21:45:00','2022-12-23 00:45:00'),(48020,1103,26,'seoul','p',28,0,'03:00:00',25600,NULL,'jeonju','seoul','2022-12-22 22:15:00','2022-12-23 01:15:00'),(48021,1099,25,'seoul','h',28,0,'03:00:00',20600,NULL,'jeonju','seoul','2022-12-22 22:45:00','2022-12-23 01:45:00'),(48022,1093,24,'seoul','p',28,0,'03:00:00',25600,NULL,'jeonju','seoul','2022-12-22 23:15:00','2022-12-23 02:15:00'),(48023,1090,23,'seoul','p',28,0,'03:00:00',25600,NULL,'jeonju','seoul','2022-12-22 23:45:00','2022-12-23 02:45:00'),(48024,1084,22,'seoul','n',36,0,'03:00:00',15600,NULL,'jeonju','seoul','2022-12-23 00:00:00','2022-12-23 03:00:00'),(48025,1082,21,'seoul','p',28,0,'03:00:00',25600,NULL,'jeonju','seoul','2022-12-23 00:30:00','2022-12-23 03:30:00'),(48026,1003,1,'seoul','p',28,0,'03:00:00',25600,NULL,'jeonju','seoul','2022-12-23 01:00:00','2022-12-23 04:00:00'),(48027,1071,19,'seoul','n',36,0,'03:00:00',15600,NULL,'jeonju','seoul','2022-12-23 01:30:00','2022-12-23 04:30:00'),(48028,1069,18,'seoul','p',28,0,'03:00:00',25600,NULL,'jeonju','seoul','2022-12-23 02:00:00','2022-12-23 05:00:00'),(48029,1067,17,'seoul','p',28,0,'03:00:00',25600,NULL,'jeonju','seoul','2022-12-23 02:30:00','2022-12-23 05:30:00'),(48030,1064,16,'seoul','p',28,0,'03:00:00',25600,NULL,'jeonju','seoul','2022-12-23 03:00:00','2022-12-23 06:00:00'),(48031,1049,15,'seoul','n',36,0,'03:00:00',15600,NULL,'jeonju','seoul','2022-12-23 03:30:00','2022-12-23 06:30:00'),(48032,1041,14,'seoul','n',36,0,'03:00:00',15600,NULL,'jeonju','seoul','2022-12-23 04:00:00','2022-12-23 07:00:00'),(48033,1037,13,'seoul','p',28,0,'03:00:00',25600,NULL,'jeonju','seoul','2022-12-23 04:30:00','2022-12-23 07:30:00'),(48034,1032,12,'seoul','h',28,0,'03:00:00',20600,NULL,'jeonju','seoul','2022-12-23 05:00:00','2022-12-23 08:00:00'),(48035,1031,11,'seoul','n',36,0,'03:00:00',15600,NULL,'jeonju','seoul','2022-12-23 05:30:00','2022-12-23 08:30:00'),(48036,1024,10,'seoul','n',36,0,'03:00:00',15600,NULL,'jeonju','seoul','2022-12-23 06:00:00','2022-12-23 09:00:00'),(48037,1075,20,'seoul','p',28,0,'03:00:00',25600,NULL,'jeonju','seoul','2022-12-23 06:30:00','2022-12-23 09:30:00'),(48038,1996,38,'seoul','p',28,0,'03:00:00',25600,NULL,'jeonju','seoul','2022-12-23 07:00:00','2022-12-23 10:00:00'),(48039,1142,31,'seoul','p',28,0,'03:00:00',25600,NULL,'jeonju','seoul','2022-12-23 07:30:00','2022-12-23 10:30:00'),(48040,1133,30,'seoul','p',28,0,'03:00:00',25600,NULL,'jeonju','seoul','2022-12-23 08:00:00','2022-12-23 11:00:00'),(48041,1124,29,'seoul','p',28,0,'03:00:00',25600,NULL,'jeonju','seoul','2022-12-23 08:30:00','2022-12-23 11:30:00'),(48042,1116,28,'seoul','p',28,0,'03:00:00',25600,NULL,'jeonju','seoul','2022-12-23 09:00:00','2022-12-23 12:00:00'),(48043,1113,27,'seoul','p',28,0,'03:00:00',25600,NULL,'jeonju','seoul','2022-12-23 09:30:00','2022-12-23 12:30:00'),(48044,1103,26,'seoul','p',28,0,'03:00:00',25600,NULL,'jeonju','seoul','2022-12-23 10:00:00','2022-12-23 13:00:00'),(48045,1099,25,'seoul','h',28,0,'03:00:00',20600,NULL,'jeonju','seoul','2022-12-23 10:30:00','2022-12-23 13:30:00'),(48046,1093,24,'seoul','p',28,0,'03:00:00',25600,NULL,'jeonju','seoul','2022-12-23 11:00:00','2022-12-23 14:00:00'),(48047,1090,23,'seoul','p',28,0,'03:00:00',25600,NULL,'jeonju','seoul','2022-12-23 11:30:00','2022-12-23 14:30:00'),(48048,1084,22,'seoul','n',36,0,'03:00:00',15600,NULL,'jeonju','seoul','2022-12-23 12:00:00','2022-12-23 15:00:00'),(48049,1082,21,'seoul','p',28,0,'03:00:00',25600,NULL,'jeonju','seoul','2022-12-23 12:30:00','2022-12-23 15:30:00'),(48050,1003,1,'seoul','p',28,0,'03:00:00',25600,NULL,'jeonju','seoul','2022-12-23 13:00:00','2022-12-23 16:00:00'),(48051,1071,19,'seoul','n',36,0,'03:00:00',15600,NULL,'jeonju','seoul','2022-12-23 13:30:00','2022-12-23 16:30:00'),(48052,1069,18,'seoul','p',28,0,'03:00:00',25600,NULL,'jeonju','seoul','2022-12-23 14:00:00','2022-12-23 17:00:00'),(48053,1067,17,'seoul','p',28,0,'03:00:00',25600,NULL,'jeonju','seoul','2022-12-23 14:30:00','2022-12-23 17:30:00'),(48054,1087,51,'jeonju','h',28,0,'03:00:00',20600,NULL,'seoul','jeonju','2022-12-21 18:30:00','2022-12-21 21:30:00'),(48055,1989,80,'jeonju','h',28,0,'03:00:00',20600,NULL,'seoul','jeonju','2022-12-21 19:00:00','2022-12-21 22:00:00'),(48056,1161,62,'jeonju','p',28,0,'03:00:00',25600,NULL,'seoul','jeonju','2022-12-21 19:30:00','2022-12-21 22:30:00'),(48057,1159,61,'jeonju','n',36,0,'03:00:00',15600,NULL,'seoul','jeonju','2022-12-21 20:00:00','2022-12-21 23:00:00'),(48058,1154,60,'jeonju','p',28,0,'03:00:00',25600,NULL,'seoul','jeonju','2022-12-21 20:30:00','2022-12-21 23:30:00'),(48059,1147,59,'jeonju','p',28,0,'03:00:00',25600,NULL,'seoul','jeonju','2022-12-21 21:00:00','2022-12-22 00:00:00'),(48060,1141,58,'jeonju','p',28,0,'03:00:00',25600,NULL,'seoul','jeonju','2022-12-21 21:30:00','2022-12-22 00:30:00'),(48061,1136,57,'jeonju','p',28,0,'03:00:00',25600,NULL,'seoul','jeonju','2022-12-21 22:00:00','2022-12-22 01:00:00'),(48062,1131,56,'jeonju','p',28,0,'03:00:00',25600,NULL,'seoul','jeonju','2022-12-21 22:30:00','2022-12-22 01:30:00'),(48063,1127,55,'jeonju','p',28,0,'03:00:00',25600,NULL,'seoul','jeonju','2022-12-21 23:00:00','2022-12-22 02:00:00'),(48064,1108,54,'jeonju','n',36,0,'03:00:00',15600,NULL,'seoul','jeonju','2022-12-21 23:30:00','2022-12-22 02:30:00'),(48065,1107,53,'jeonju','h',28,0,'03:00:00',20600,NULL,'seoul','jeonju','2022-12-22 00:15:00','2022-12-22 03:15:00'),(48066,1089,52,'jeonju','p',28,0,'03:00:00',25600,NULL,'seoul','jeonju','2022-12-22 00:45:00','2022-12-22 03:45:00'),(48067,1001,39,'jeonju','p',28,0,'03:00:00',25600,NULL,'seoul','jeonju','2022-12-22 01:15:00','2022-12-22 04:15:00'),(48068,1085,50,'jeonju','p',28,0,'03:00:00',25600,NULL,'seoul','jeonju','2022-12-22 01:45:00','2022-12-22 04:45:00'),(48069,1074,49,'jeonju','n',36,0,'03:00:00',15600,NULL,'seoul','jeonju','2022-12-22 02:15:00','2022-12-22 05:15:00'),(48070,1061,48,'jeonju','p',28,0,'03:00:00',25600,NULL,'seoul','jeonju','2022-12-22 02:45:00','2022-12-22 05:45:00'),(48071,1059,47,'jeonju','n',36,0,'03:00:00',15600,NULL,'seoul','jeonju','2022-12-22 03:15:00','2022-12-22 06:15:00'),(48072,1054,46,'jeonju','p',28,0,'03:00:00',25600,NULL,'seoul','jeonju','2022-12-22 03:45:00','2022-12-22 06:45:00'),(48073,1050,45,'jeonju','p',28,0,'03:00:00',25600,NULL,'seoul','jeonju','2022-12-22 04:15:00','2022-12-22 07:15:00'),(48074,1046,44,'jeonju','p',28,0,'03:00:00',25600,NULL,'seoul','jeonju','2022-12-22 04:45:00','2022-12-22 07:45:00'),(48075,1044,43,'jeonju','n',36,0,'03:00:00',15600,NULL,'seoul','jeonju','2022-12-22 05:15:00','2022-12-22 08:15:00'),(48076,1038,42,'jeonju','p',28,0,'03:00:00',25600,NULL,'seoul','jeonju','2022-12-22 05:45:00','2022-12-22 08:45:00'),(48077,1035,41,'jeonju','h',28,0,'03:00:00',20600,NULL,'seoul','jeonju','2022-12-22 06:15:00','2022-12-22 09:15:00'),(48078,1087,51,'jeonju','h',28,0,'03:00:00',20600,NULL,'seoul','jeonju','2022-12-22 06:45:00','2022-12-22 09:45:00'),(48079,1989,80,'jeonju','h',28,0,'03:00:00',20600,NULL,'seoul','jeonju','2022-12-22 07:15:00','2022-12-22 10:15:00'),(48080,1161,62,'jeonju','p',28,0,'03:00:00',25600,NULL,'seoul','jeonju','2022-12-22 07:45:00','2022-12-22 10:45:00'),(48081,1159,61,'jeonju','n',36,0,'03:00:00',15600,NULL,'seoul','jeonju','2022-12-22 08:15:00','2022-12-22 11:15:00'),(48082,1154,60,'jeonju','p',28,0,'03:00:00',25600,NULL,'seoul','jeonju','2022-12-22 08:45:00','2022-12-22 11:45:00'),(48083,1147,59,'jeonju','p',28,0,'03:00:00',25600,NULL,'seoul','jeonju','2022-12-22 09:15:00','2022-12-22 12:15:00'),(48084,1141,58,'jeonju','p',28,0,'03:00:00',25600,NULL,'seoul','jeonju','2022-12-22 09:45:00','2022-12-22 12:45:00'),(48085,1136,57,'jeonju','p',28,0,'03:00:00',25600,NULL,'seoul','jeonju','2022-12-22 10:15:00','2022-12-22 13:15:00'),(48086,1131,56,'jeonju','p',28,0,'03:00:00',25600,NULL,'seoul','jeonju','2022-12-22 10:45:00','2022-12-22 13:45:00'),(48087,1127,55,'jeonju','p',28,0,'03:00:00',25600,NULL,'seoul','jeonju','2022-12-22 11:15:00','2022-12-22 14:15:00'),(48088,1108,54,'jeonju','n',36,0,'03:00:00',15600,NULL,'seoul','jeonju','2022-12-22 11:45:00','2022-12-22 14:45:00'),(48089,1107,53,'jeonju','h',28,0,'03:00:00',20600,NULL,'seoul','jeonju','2022-12-22 12:15:00','2022-12-22 15:15:00'),(48090,1089,52,'jeonju','p',28,0,'03:00:00',25600,NULL,'seoul','jeonju','2022-12-22 12:45:00','2022-12-22 15:45:00'),(48091,1001,39,'jeonju','p',28,0,'03:00:00',25600,NULL,'seoul','jeonju','2022-12-22 13:15:00','2022-12-22 16:15:00'),(48092,1085,50,'jeonju','p',28,0,'03:00:00',25600,NULL,'seoul','jeonju','2022-12-22 13:45:00','2022-12-22 16:45:00'),(48093,1074,49,'jeonju','n',36,0,'03:00:00',15600,NULL,'seoul','jeonju','2022-12-22 14:15:00','2022-12-22 17:15:00'),(48094,1061,48,'jeonju','p',28,0,'03:00:00',25600,NULL,'seoul','jeonju','2022-12-22 14:45:00','2022-12-22 17:45:00'),(48095,1059,47,'jeonju','n',36,0,'03:00:00',15600,NULL,'seoul','jeonju','2022-12-22 15:15:00','2022-12-22 18:15:00'),(48096,1054,46,'jeonju','p',28,0,'03:00:00',25600,NULL,'seoul','jeonju','2022-12-22 15:45:00','2022-12-22 18:45:00'),(48097,1050,45,'jeonju','p',28,0,'03:00:00',25600,NULL,'seoul','jeonju','2022-12-22 16:15:00','2022-12-22 19:15:00'),(48098,1046,44,'jeonju','p',28,0,'03:00:00',25600,NULL,'seoul','jeonju','2022-12-22 16:45:00','2022-12-22 19:45:00'),(48099,1044,43,'jeonju','n',36,0,'03:00:00',15600,NULL,'seoul','jeonju','2022-12-22 17:15:00','2022-12-22 20:15:00'),(48100,1038,42,'jeonju','p',28,0,'03:00:00',25600,NULL,'seoul','jeonju','2022-12-22 17:45:00','2022-12-22 20:45:00'),(48101,1035,41,'jeonju','h',28,0,'03:00:00',20600,NULL,'seoul','jeonju','2022-12-22 18:15:00','2022-12-22 21:15:00'),(48102,1087,51,'jeonju','h',28,0,'03:00:00',20600,NULL,'seoul','jeonju','2022-12-22 18:45:00','2022-12-22 21:45:00'),(48103,1989,80,'jeonju','h',28,0,'03:00:00',20600,NULL,'seoul','jeonju','2022-12-22 19:15:00','2022-12-22 22:15:00'),(48104,1161,62,'jeonju','p',28,0,'03:00:00',25600,NULL,'seoul','jeonju','2022-12-22 19:45:00','2022-12-22 22:45:00'),(48105,1159,61,'jeonju','n',36,0,'03:00:00',15600,NULL,'seoul','jeonju','2022-12-22 20:15:00','2022-12-22 23:15:00'),(48106,1154,60,'jeonju','p',28,0,'03:00:00',25600,NULL,'seoul','jeonju','2022-12-22 20:45:00','2022-12-22 23:45:00'),(48107,1147,59,'jeonju','p',28,0,'03:00:00',25600,NULL,'seoul','jeonju','2022-12-22 21:15:00','2022-12-23 00:15:00'),(48108,1141,58,'jeonju','p',28,0,'03:00:00',25600,NULL,'seoul','jeonju','2022-12-22 21:45:00','2022-12-23 00:45:00'),(48109,1136,57,'jeonju','p',28,0,'03:00:00',25600,NULL,'seoul','jeonju','2022-12-22 22:15:00','2022-12-23 01:15:00'),(48110,1131,56,'jeonju','p',28,0,'03:00:00',25600,NULL,'seoul','jeonju','2022-12-22 22:45:00','2022-12-23 01:45:00'),(48111,1127,55,'jeonju','p',28,0,'03:00:00',25600,NULL,'seoul','jeonju','2022-12-22 23:15:00','2022-12-23 02:15:00'),(48112,1108,54,'jeonju','n',36,0,'03:00:00',15600,NULL,'seoul','jeonju','2022-12-22 23:45:00','2022-12-23 02:45:00'),(48113,1107,53,'jeonju','h',28,0,'03:00:00',20600,NULL,'seoul','jeonju','2022-12-23 00:00:00','2022-12-23 03:00:00'),(48114,1089,52,'jeonju','p',28,0,'03:00:00',25600,NULL,'seoul','jeonju','2022-12-23 00:30:00','2022-12-23 03:30:00'),(48115,1001,39,'jeonju','p',28,0,'03:00:00',25600,NULL,'seoul','jeonju','2022-12-23 01:00:00','2022-12-23 04:00:00'),(48116,1085,50,'jeonju','p',28,0,'03:00:00',25600,NULL,'seoul','jeonju','2022-12-23 01:30:00','2022-12-23 04:30:00'),(48117,1074,49,'jeonju','n',36,0,'03:00:00',15600,NULL,'seoul','jeonju','2022-12-23 02:00:00','2022-12-23 05:00:00'),(48118,1061,48,'jeonju','p',28,0,'03:00:00',25600,NULL,'seoul','jeonju','2022-12-23 02:30:00','2022-12-23 05:30:00'),(48119,1059,47,'jeonju','n',36,0,'03:00:00',15600,NULL,'seoul','jeonju','2022-12-23 03:00:00','2022-12-23 06:00:00'),(48120,1054,46,'jeonju','p',28,0,'03:00:00',25600,NULL,'seoul','jeonju','2022-12-23 03:30:00','2022-12-23 06:30:00'),(48121,1050,45,'jeonju','p',28,0,'03:00:00',25600,NULL,'seoul','jeonju','2022-12-23 04:00:00','2022-12-23 07:00:00'),(48122,1046,44,'jeonju','p',28,0,'03:00:00',25600,NULL,'seoul','jeonju','2022-12-23 04:30:00','2022-12-23 07:30:00'),(48123,1044,43,'jeonju','n',36,0,'03:00:00',15600,NULL,'seoul','jeonju','2022-12-23 05:00:00','2022-12-23 08:00:00'),(48124,1038,42,'jeonju','p',28,0,'03:00:00',25600,NULL,'seoul','jeonju','2022-12-23 05:30:00','2022-12-23 08:30:00'),(48125,1035,41,'jeonju','h',28,0,'03:00:00',20600,NULL,'seoul','jeonju','2022-12-23 06:00:00','2022-12-23 09:00:00'),(48126,1087,51,'jeonju','h',28,0,'03:00:00',20600,NULL,'seoul','jeonju','2022-12-23 06:30:00','2022-12-23 09:30:00'),(48127,1989,80,'jeonju','h',28,0,'03:00:00',20600,NULL,'seoul','jeonju','2022-12-23 07:00:00','2022-12-23 10:00:00'),(48128,1161,62,'jeonju','p',28,0,'03:00:00',25600,NULL,'seoul','jeonju','2022-12-23 07:30:00','2022-12-23 10:30:00'),(48129,1159,61,'jeonju','n',36,0,'03:00:00',15600,NULL,'seoul','jeonju','2022-12-23 08:00:00','2022-12-23 11:00:00'),(48130,1154,60,'jeonju','p',28,0,'03:00:00',25600,NULL,'seoul','jeonju','2022-12-23 08:30:00','2022-12-23 11:30:00'),(48131,1147,59,'jeonju','p',28,0,'03:00:00',25600,NULL,'seoul','jeonju','2022-12-23 09:00:00','2022-12-23 12:00:00'),(48132,1141,58,'jeonju','p',28,0,'03:00:00',25600,NULL,'seoul','jeonju','2022-12-23 09:30:00','2022-12-23 12:30:00'),(48133,1136,57,'jeonju','p',28,0,'03:00:00',25600,NULL,'seoul','jeonju','2022-12-23 10:00:00','2022-12-23 13:00:00'),(48134,1131,56,'jeonju','p',28,0,'03:00:00',25600,NULL,'seoul','jeonju','2022-12-23 10:30:00','2022-12-23 13:30:00'),(48135,1127,55,'jeonju','p',28,0,'03:00:00',25600,NULL,'seoul','jeonju','2022-12-23 11:00:00','2022-12-23 14:00:00'),(48136,1108,54,'jeonju','n',36,0,'03:00:00',15600,NULL,'seoul','jeonju','2022-12-23 11:30:00','2022-12-23 14:30:00'),(48137,1107,53,'jeonju','h',28,0,'03:00:00',20600,NULL,'seoul','jeonju','2022-12-23 12:00:00','2022-12-23 15:00:00'),(48138,1089,52,'jeonju','p',28,0,'03:00:00',25600,NULL,'seoul','jeonju','2022-12-23 12:30:00','2022-12-23 15:30:00'),(48139,1001,39,'jeonju','p',28,0,'03:00:00',25600,NULL,'seoul','jeonju','2022-12-23 13:00:00','2022-12-23 16:00:00'),(48140,1085,50,'jeonju','p',28,0,'03:00:00',25600,NULL,'seoul','jeonju','2022-12-23 13:30:00','2022-12-23 16:30:00'),(48141,1074,49,'jeonju','n',36,0,'03:00:00',15600,NULL,'seoul','jeonju','2022-12-23 14:00:00','2022-12-23 17:00:00'),(48142,1061,48,'jeonju','p',28,0,'03:00:00',25600,NULL,'seoul','jeonju','2022-12-23 14:30:00','2022-12-23 17:30:00'),(48143,1075,20,'incheon','p',28,0,'03:30:00',25900,NULL,'jeonju','incheon','2022-12-21 18:30:00','2022-12-21 21:30:00'),(48144,1996,38,'incheon','p',28,0,'03:30:00',25900,NULL,'jeonju','incheon','2022-12-21 19:00:00','2022-12-21 22:00:00'),(48145,1142,31,'incheon','p',28,0,'03:30:00',25900,NULL,'jeonju','incheon','2022-12-21 19:30:00','2022-12-21 22:30:00'),(48146,1133,30,'incheon','p',28,0,'03:30:00',25900,NULL,'jeonju','incheon','2022-12-21 20:00:00','2022-12-21 23:00:00'),(48147,1124,29,'incheon','p',28,0,'03:30:00',25900,NULL,'jeonju','incheon','2022-12-21 20:30:00','2022-12-21 23:30:00'),(48148,1116,28,'incheon','p',28,0,'03:30:00',25900,NULL,'jeonju','incheon','2022-12-21 21:00:00','2022-12-22 00:00:00'),(48149,1113,27,'incheon','p',28,0,'03:30:00',25900,NULL,'jeonju','incheon','2022-12-21 21:30:00','2022-12-22 00:30:00'),(48150,1103,26,'incheon','p',28,0,'03:30:00',25900,NULL,'jeonju','incheon','2022-12-21 22:00:00','2022-12-22 01:00:00'),(48151,1099,25,'incheon','h',28,0,'03:30:00',20900,NULL,'jeonju','incheon','2022-12-21 22:30:00','2022-12-22 01:30:00'),(48152,1093,24,'incheon','p',28,0,'03:30:00',25900,NULL,'jeonju','incheon','2022-12-21 23:00:00','2022-12-22 02:00:00'),(48153,1090,23,'incheon','p',28,0,'03:30:00',25900,NULL,'jeonju','incheon','2022-12-21 23:30:00','2022-12-22 02:30:00'),(48154,1084,22,'incheon','n',36,0,'03:30:00',15900,NULL,'jeonju','incheon','2022-12-22 00:15:00','2022-12-22 03:15:00'),(48155,1082,21,'incheon','p',28,0,'03:30:00',25900,NULL,'jeonju','incheon','2022-12-22 00:45:00','2022-12-22 03:45:00'),(48156,1003,1,'incheon','p',28,0,'03:30:00',25900,NULL,'jeonju','incheon','2022-12-22 01:15:00','2022-12-22 04:15:00'),(48157,1071,19,'incheon','n',36,0,'03:30:00',15900,NULL,'jeonju','incheon','2022-12-22 01:45:00','2022-12-22 04:45:00'),(48158,1069,18,'incheon','p',28,0,'03:30:00',25900,NULL,'jeonju','incheon','2022-12-22 02:15:00','2022-12-22 05:15:00'),(48159,1067,17,'incheon','p',28,0,'03:30:00',25900,NULL,'jeonju','incheon','2022-12-22 02:45:00','2022-12-22 05:45:00'),(48160,1064,16,'incheon','p',28,0,'03:30:00',25900,NULL,'jeonju','incheon','2022-12-22 03:15:00','2022-12-22 06:15:00'),(48161,1049,15,'incheon','n',36,0,'03:30:00',15900,NULL,'jeonju','incheon','2022-12-22 03:45:00','2022-12-22 06:45:00'),(48162,1041,14,'incheon','n',36,0,'03:30:00',15900,NULL,'jeonju','incheon','2022-12-22 04:15:00','2022-12-22 07:15:00'),(48163,1037,13,'incheon','p',28,0,'03:30:00',25900,NULL,'jeonju','incheon','2022-12-22 04:45:00','2022-12-22 07:45:00'),(48164,1032,12,'incheon','h',28,0,'03:30:00',20900,NULL,'jeonju','incheon','2022-12-22 05:15:00','2022-12-22 08:15:00'),(48165,1031,11,'incheon','n',36,0,'03:30:00',15900,NULL,'jeonju','incheon','2022-12-22 05:45:00','2022-12-22 08:45:00'),(48166,1024,10,'incheon','n',36,0,'03:30:00',15900,NULL,'jeonju','incheon','2022-12-22 06:15:00','2022-12-22 09:15:00'),(48167,1075,20,'incheon','p',28,0,'03:30:00',25900,NULL,'jeonju','incheon','2022-12-22 06:45:00','2022-12-22 09:45:00'),(48168,1996,38,'incheon','p',28,0,'03:30:00',25900,NULL,'jeonju','incheon','2022-12-22 07:15:00','2022-12-22 10:15:00'),(48169,1142,31,'incheon','p',28,0,'03:30:00',25900,NULL,'jeonju','incheon','2022-12-22 07:45:00','2022-12-22 10:45:00'),(48170,1133,30,'incheon','p',28,0,'03:30:00',25900,NULL,'jeonju','incheon','2022-12-22 08:15:00','2022-12-22 11:15:00'),(48171,1124,29,'incheon','p',28,0,'03:30:00',25900,NULL,'jeonju','incheon','2022-12-22 08:45:00','2022-12-22 11:45:00'),(48172,1116,28,'incheon','p',28,0,'03:30:00',25900,NULL,'jeonju','incheon','2022-12-22 09:15:00','2022-12-22 12:15:00'),(48173,1113,27,'incheon','p',28,0,'03:30:00',25900,NULL,'jeonju','incheon','2022-12-22 09:45:00','2022-12-22 12:45:00'),(48174,1103,26,'incheon','p',28,0,'03:30:00',25900,NULL,'jeonju','incheon','2022-12-22 10:15:00','2022-12-22 13:15:00'),(48175,1099,25,'incheon','h',28,0,'03:30:00',20900,NULL,'jeonju','incheon','2022-12-22 10:45:00','2022-12-22 13:45:00'),(48176,1093,24,'incheon','p',28,0,'03:30:00',25900,NULL,'jeonju','incheon','2022-12-22 11:15:00','2022-12-22 14:15:00'),(48177,1090,23,'incheon','p',28,0,'03:30:00',25900,NULL,'jeonju','incheon','2022-12-22 11:45:00','2022-12-22 14:45:00'),(48178,1084,22,'incheon','n',36,0,'03:30:00',15900,NULL,'jeonju','incheon','2022-12-22 12:15:00','2022-12-22 15:15:00'),(48179,1082,21,'incheon','p',28,0,'03:30:00',25900,NULL,'jeonju','incheon','2022-12-22 12:45:00','2022-12-22 15:45:00'),(48180,1003,1,'incheon','p',28,0,'03:30:00',25900,NULL,'jeonju','incheon','2022-12-22 13:15:00','2022-12-22 16:15:00'),(48181,1071,19,'incheon','n',36,0,'03:30:00',15900,NULL,'jeonju','incheon','2022-12-22 13:45:00','2022-12-22 16:45:00'),(48182,1069,18,'incheon','p',28,0,'03:30:00',25900,NULL,'jeonju','incheon','2022-12-22 14:15:00','2022-12-22 17:15:00'),(48183,1067,17,'incheon','p',28,0,'03:30:00',25900,NULL,'jeonju','incheon','2022-12-22 14:45:00','2022-12-22 17:45:00'),(48184,1064,16,'incheon','p',28,0,'03:30:00',25900,NULL,'jeonju','incheon','2022-12-22 15:15:00','2022-12-22 18:15:00'),(48185,1049,15,'incheon','n',36,0,'03:30:00',15900,NULL,'jeonju','incheon','2022-12-22 15:45:00','2022-12-22 18:45:00'),(48186,1041,14,'incheon','n',36,0,'03:30:00',15900,NULL,'jeonju','incheon','2022-12-22 16:15:00','2022-12-22 19:15:00'),(48187,1037,13,'incheon','p',28,0,'03:30:00',25900,NULL,'jeonju','incheon','2022-12-22 16:45:00','2022-12-22 19:45:00'),(48188,1032,12,'incheon','h',28,0,'03:30:00',20900,NULL,'jeonju','incheon','2022-12-22 17:15:00','2022-12-22 20:15:00'),(48189,1031,11,'incheon','n',36,0,'03:30:00',15900,NULL,'jeonju','incheon','2022-12-22 17:45:00','2022-12-22 20:45:00'),(48190,1024,10,'incheon','n',36,0,'03:30:00',15900,NULL,'jeonju','incheon','2022-12-22 18:15:00','2022-12-22 21:15:00'),(48191,1075,20,'incheon','p',28,0,'03:30:00',25900,NULL,'jeonju','incheon','2022-12-22 18:45:00','2022-12-22 21:45:00'),(48192,1996,38,'incheon','p',28,0,'03:30:00',25900,NULL,'jeonju','incheon','2022-12-22 19:15:00','2022-12-22 22:15:00'),(48193,1142,31,'incheon','p',28,0,'03:30:00',25900,NULL,'jeonju','incheon','2022-12-22 19:45:00','2022-12-22 22:45:00'),(48194,1133,30,'incheon','p',28,0,'03:30:00',25900,NULL,'jeonju','incheon','2022-12-22 20:15:00','2022-12-22 23:15:00'),(48195,1124,29,'incheon','p',28,0,'03:30:00',25900,NULL,'jeonju','incheon','2022-12-22 20:45:00','2022-12-22 23:45:00'),(48196,1116,28,'incheon','p',28,0,'03:30:00',25900,NULL,'jeonju','incheon','2022-12-22 21:15:00','2022-12-23 00:15:00'),(48197,1113,27,'incheon','p',28,0,'03:30:00',25900,NULL,'jeonju','incheon','2022-12-22 21:45:00','2022-12-23 00:45:00'),(48198,1103,26,'incheon','p',28,0,'03:30:00',25900,NULL,'jeonju','incheon','2022-12-22 22:15:00','2022-12-23 01:15:00'),(48199,1099,25,'incheon','h',28,0,'03:30:00',20900,NULL,'jeonju','incheon','2022-12-22 22:45:00','2022-12-23 01:45:00'),(48200,1093,24,'incheon','p',28,0,'03:30:00',25900,NULL,'jeonju','incheon','2022-12-22 23:15:00','2022-12-23 02:15:00'),(48201,1090,23,'incheon','p',28,0,'03:30:00',25900,NULL,'jeonju','incheon','2022-12-22 23:45:00','2022-12-23 02:45:00'),(48202,1084,22,'incheon','n',36,0,'03:30:00',15900,NULL,'jeonju','incheon','2022-12-23 00:00:00','2022-12-23 03:00:00'),(48203,1082,21,'incheon','p',28,0,'03:30:00',25900,NULL,'jeonju','incheon','2022-12-23 00:30:00','2022-12-23 03:30:00'),(48204,1003,1,'incheon','p',28,0,'03:30:00',25900,NULL,'jeonju','incheon','2022-12-23 01:00:00','2022-12-23 04:00:00'),(48205,1071,19,'incheon','n',36,0,'03:30:00',15900,NULL,'jeonju','incheon','2022-12-23 01:30:00','2022-12-23 04:30:00'),(48206,1069,18,'incheon','p',28,0,'03:30:00',25900,NULL,'jeonju','incheon','2022-12-23 02:00:00','2022-12-23 05:00:00'),(48207,1067,17,'incheon','p',28,0,'03:30:00',25900,NULL,'jeonju','incheon','2022-12-23 02:30:00','2022-12-23 05:30:00'),(48208,1064,16,'incheon','p',28,0,'03:30:00',25900,NULL,'jeonju','incheon','2022-12-23 03:00:00','2022-12-23 06:00:00'),(48209,1049,15,'incheon','n',36,0,'03:30:00',15900,NULL,'jeonju','incheon','2022-12-23 03:30:00','2022-12-23 06:30:00'),(48210,1041,14,'incheon','n',36,0,'03:30:00',15900,NULL,'jeonju','incheon','2022-12-23 04:00:00','2022-12-23 07:00:00'),(48211,1037,13,'incheon','p',28,0,'03:30:00',25900,NULL,'jeonju','incheon','2022-12-23 04:30:00','2022-12-23 07:30:00'),(48212,1032,12,'incheon','h',28,0,'03:30:00',20900,NULL,'jeonju','incheon','2022-12-23 05:00:00','2022-12-23 08:00:00'),(48213,1031,11,'incheon','n',36,0,'03:30:00',15900,NULL,'jeonju','incheon','2022-12-23 05:30:00','2022-12-23 08:30:00'),(48214,1024,10,'incheon','n',36,0,'03:30:00',15900,NULL,'jeonju','incheon','2022-12-23 06:00:00','2022-12-23 09:00:00'),(48215,1075,20,'incheon','p',28,0,'03:30:00',25900,NULL,'jeonju','incheon','2022-12-23 06:30:00','2022-12-23 09:30:00'),(48216,1996,38,'incheon','p',28,0,'03:30:00',25900,NULL,'jeonju','incheon','2022-12-23 07:00:00','2022-12-23 10:00:00'),(48217,1142,31,'incheon','p',28,0,'03:30:00',25900,NULL,'jeonju','incheon','2022-12-23 07:30:00','2022-12-23 10:30:00'),(48218,1133,30,'incheon','p',28,0,'03:30:00',25900,NULL,'jeonju','incheon','2022-12-23 08:00:00','2022-12-23 11:00:00'),(48219,1124,29,'incheon','p',28,0,'03:30:00',25900,NULL,'jeonju','incheon','2022-12-23 08:30:00','2022-12-23 11:30:00'),(48220,1116,28,'incheon','p',28,0,'03:30:00',25900,NULL,'jeonju','incheon','2022-12-23 09:00:00','2022-12-23 12:00:00'),(48221,1113,27,'incheon','p',28,0,'03:30:00',25900,NULL,'jeonju','incheon','2022-12-23 09:30:00','2022-12-23 12:30:00'),(48222,1103,26,'incheon','p',28,0,'03:30:00',25900,NULL,'jeonju','incheon','2022-12-23 10:00:00','2022-12-23 13:00:00'),(48223,1099,25,'incheon','h',28,0,'03:30:00',20900,NULL,'jeonju','incheon','2022-12-23 10:30:00','2022-12-23 13:30:00'),(48224,1093,24,'incheon','p',28,0,'03:30:00',25900,NULL,'jeonju','incheon','2022-12-23 11:00:00','2022-12-23 14:00:00'),(48225,1090,23,'incheon','p',28,0,'03:30:00',25900,NULL,'jeonju','incheon','2022-12-23 11:30:00','2022-12-23 14:30:00'),(48226,1084,22,'incheon','n',36,0,'03:30:00',15900,NULL,'jeonju','incheon','2022-12-23 12:00:00','2022-12-23 15:00:00'),(48227,1082,21,'incheon','p',28,0,'03:30:00',25900,NULL,'jeonju','incheon','2022-12-23 12:30:00','2022-12-23 15:30:00'),(48228,1003,1,'incheon','p',28,0,'03:30:00',25900,NULL,'jeonju','incheon','2022-12-23 13:00:00','2022-12-23 16:00:00'),(48229,1071,19,'incheon','n',36,0,'03:30:00',15900,NULL,'jeonju','incheon','2022-12-23 13:30:00','2022-12-23 16:30:00'),(48230,1069,18,'incheon','p',28,0,'03:30:00',25900,NULL,'jeonju','incheon','2022-12-23 14:00:00','2022-12-23 17:00:00'),(48231,1067,17,'incheon','p',28,0,'03:30:00',25900,NULL,'jeonju','incheon','2022-12-23 14:30:00','2022-12-23 17:30:00'),(48232,1112,94,'jeonju','p',28,0,'03:30:00',25900,NULL,'incheon','jeonju','2022-12-21 18:30:00','2022-12-21 21:30:00'),(48233,1981,147,'jeonju','h',28,0,'03:30:00',20900,NULL,'incheon','jeonju','2022-12-21 19:00:00','2022-12-21 22:00:00'),(48234,1244,110,'jeonju','p',28,0,'03:30:00',25900,NULL,'incheon','jeonju','2022-12-21 19:30:00','2022-12-21 22:30:00'),(48235,1240,104,'jeonju','p',28,0,'03:30:00',25900,NULL,'incheon','jeonju','2022-12-21 20:00:00','2022-12-21 23:00:00'),(48236,1224,103,'jeonju','h',28,0,'03:30:00',20900,NULL,'incheon','jeonju','2022-12-21 20:30:00','2022-12-21 23:30:00'),(48237,1220,102,'jeonju','n',36,0,'03:30:00',15900,NULL,'incheon','jeonju','2022-12-21 21:00:00','2022-12-22 00:00:00'),(48238,1211,101,'jeonju','p',28,0,'03:30:00',25900,NULL,'incheon','jeonju','2022-12-21 21:30:00','2022-12-22 00:30:00'),(48239,1138,100,'jeonju','p',28,0,'03:30:00',25900,NULL,'incheon','jeonju','2022-12-21 22:00:00','2022-12-22 01:00:00'),(48240,1135,99,'jeonju','h',28,0,'03:30:00',20900,NULL,'incheon','jeonju','2022-12-21 22:30:00','2022-12-22 01:30:00'),(48241,1126,98,'jeonju','p',28,0,'03:30:00',25900,NULL,'incheon','jeonju','2022-12-21 23:00:00','2022-12-22 02:00:00'),(48242,1123,97,'jeonju','p',28,0,'03:30:00',25900,NULL,'incheon','jeonju','2022-12-21 23:30:00','2022-12-22 02:30:00'),(48243,1119,96,'jeonju','p',28,0,'03:30:00',25900,NULL,'incheon','jeonju','2022-12-22 00:15:00','2022-12-22 03:15:00'),(48244,1118,95,'jeonju','p',28,0,'03:30:00',25900,NULL,'incheon','jeonju','2022-12-22 00:45:00','2022-12-22 03:45:00'),(48245,1004,82,'jeonju','p',28,0,'03:30:00',25900,NULL,'incheon','jeonju','2022-12-22 01:15:00','2022-12-22 04:15:00'),(48246,1088,93,'jeonju','n',36,0,'03:30:00',15900,NULL,'incheon','jeonju','2022-12-22 01:45:00','2022-12-22 04:45:00'),(48247,1080,92,'jeonju','h',28,0,'03:30:00',20900,NULL,'incheon','jeonju','2022-12-22 02:15:00','2022-12-22 05:15:00'),(48248,1078,91,'jeonju','h',28,0,'03:30:00',20900,NULL,'incheon','jeonju','2022-12-22 02:45:00','2022-12-22 05:45:00'),(48249,1077,90,'jeonju','h',28,0,'03:30:00',20900,NULL,'incheon','jeonju','2022-12-22 03:15:00','2022-12-22 06:15:00'),(48250,1072,89,'jeonju','n',36,0,'03:30:00',15900,NULL,'incheon','jeonju','2022-12-22 03:45:00','2022-12-22 06:45:00'),(48251,1042,88,'jeonju','n',36,0,'03:30:00',15900,NULL,'incheon','jeonju','2022-12-22 04:15:00','2022-12-22 07:15:00'),(48252,1029,87,'jeonju','p',28,0,'03:30:00',25900,NULL,'incheon','jeonju','2022-12-22 04:45:00','2022-12-22 07:45:00'),(48253,1027,86,'jeonju','n',36,0,'03:30:00',15900,NULL,'incheon','jeonju','2022-12-22 05:15:00','2022-12-22 08:15:00'),(48254,1026,85,'jeonju','p',28,0,'03:30:00',25900,NULL,'incheon','jeonju','2022-12-22 05:45:00','2022-12-22 08:45:00'),(48255,1022,84,'jeonju','n',36,0,'03:30:00',15900,NULL,'incheon','jeonju','2022-12-22 06:15:00','2022-12-22 09:15:00'),(48256,1112,94,'jeonju','p',28,0,'03:30:00',25900,NULL,'incheon','jeonju','2022-12-22 06:45:00','2022-12-22 09:45:00'),(48257,1981,147,'jeonju','h',28,0,'03:30:00',20900,NULL,'incheon','jeonju','2022-12-22 07:15:00','2022-12-22 10:15:00'),(48258,1244,110,'jeonju','p',28,0,'03:30:00',25900,NULL,'incheon','jeonju','2022-12-22 07:45:00','2022-12-22 10:45:00'),(48259,1240,104,'jeonju','p',28,0,'03:30:00',25900,NULL,'incheon','jeonju','2022-12-22 08:15:00','2022-12-22 11:15:00'),(48260,1224,103,'jeonju','h',28,0,'03:30:00',20900,NULL,'incheon','jeonju','2022-12-22 08:45:00','2022-12-22 11:45:00'),(48261,1220,102,'jeonju','n',36,0,'03:30:00',15900,NULL,'incheon','jeonju','2022-12-22 09:15:00','2022-12-22 12:15:00'),(48262,1211,101,'jeonju','p',28,0,'03:30:00',25900,NULL,'incheon','jeonju','2022-12-22 09:45:00','2022-12-22 12:45:00'),(48263,1138,100,'jeonju','p',28,0,'03:30:00',25900,NULL,'incheon','jeonju','2022-12-22 10:15:00','2022-12-22 13:15:00'),(48264,1135,99,'jeonju','h',28,0,'03:30:00',20900,NULL,'incheon','jeonju','2022-12-22 10:45:00','2022-12-22 13:45:00'),(48265,1126,98,'jeonju','p',28,0,'03:30:00',25900,NULL,'incheon','jeonju','2022-12-22 11:15:00','2022-12-22 14:15:00'),(48266,1123,97,'jeonju','p',28,0,'03:30:00',25900,NULL,'incheon','jeonju','2022-12-22 11:45:00','2022-12-22 14:45:00'),(48267,1119,96,'jeonju','p',28,0,'03:30:00',25900,NULL,'incheon','jeonju','2022-12-22 12:15:00','2022-12-22 15:15:00'),(48268,1118,95,'jeonju','p',28,0,'03:30:00',25900,NULL,'incheon','jeonju','2022-12-22 12:45:00','2022-12-22 15:45:00'),(48269,1004,82,'jeonju','p',28,0,'03:30:00',25900,NULL,'incheon','jeonju','2022-12-22 13:15:00','2022-12-22 16:15:00'),(48270,1088,93,'jeonju','n',36,0,'03:30:00',15900,NULL,'incheon','jeonju','2022-12-22 13:45:00','2022-12-22 16:45:00'),(48271,1080,92,'jeonju','h',28,0,'03:30:00',20900,NULL,'incheon','jeonju','2022-12-22 14:15:00','2022-12-22 17:15:00'),(48272,1078,91,'jeonju','h',28,0,'03:30:00',20900,NULL,'incheon','jeonju','2022-12-22 14:45:00','2022-12-22 17:45:00'),(48273,1077,90,'jeonju','h',28,0,'03:30:00',20900,NULL,'incheon','jeonju','2022-12-22 15:15:00','2022-12-22 18:15:00'),(48274,1072,89,'jeonju','n',36,0,'03:30:00',15900,NULL,'incheon','jeonju','2022-12-22 15:45:00','2022-12-22 18:45:00'),(48275,1042,88,'jeonju','n',36,0,'03:30:00',15900,NULL,'incheon','jeonju','2022-12-22 16:15:00','2022-12-22 19:15:00'),(48276,1029,87,'jeonju','p',28,0,'03:30:00',25900,NULL,'incheon','jeonju','2022-12-22 16:45:00','2022-12-22 19:45:00'),(48277,1027,86,'jeonju','n',36,0,'03:30:00',15900,NULL,'incheon','jeonju','2022-12-22 17:15:00','2022-12-22 20:15:00'),(48278,1026,85,'jeonju','p',28,0,'03:30:00',25900,NULL,'incheon','jeonju','2022-12-22 17:45:00','2022-12-22 20:45:00'),(48279,1022,84,'jeonju','n',36,0,'03:30:00',15900,NULL,'incheon','jeonju','2022-12-22 18:15:00','2022-12-22 21:15:00'),(48280,1112,94,'jeonju','p',28,0,'03:30:00',25900,NULL,'incheon','jeonju','2022-12-22 18:45:00','2022-12-22 21:45:00'),(48281,1981,147,'jeonju','h',28,0,'03:30:00',20900,NULL,'incheon','jeonju','2022-12-22 19:15:00','2022-12-22 22:15:00'),(48282,1244,110,'jeonju','p',28,0,'03:30:00',25900,NULL,'incheon','jeonju','2022-12-22 19:45:00','2022-12-22 22:45:00'),(48283,1240,104,'jeonju','p',28,0,'03:30:00',25900,NULL,'incheon','jeonju','2022-12-22 20:15:00','2022-12-22 23:15:00'),(48284,1224,103,'jeonju','h',28,0,'03:30:00',20900,NULL,'incheon','jeonju','2022-12-22 20:45:00','2022-12-22 23:45:00'),(48285,1220,102,'jeonju','n',36,0,'03:30:00',15900,NULL,'incheon','jeonju','2022-12-22 21:15:00','2022-12-23 00:15:00'),(48286,1211,101,'jeonju','p',28,0,'03:30:00',25900,NULL,'incheon','jeonju','2022-12-22 21:45:00','2022-12-23 00:45:00'),(48287,1138,100,'jeonju','p',28,0,'03:30:00',25900,NULL,'incheon','jeonju','2022-12-22 22:15:00','2022-12-23 01:15:00'),(48288,1135,99,'jeonju','h',28,0,'03:30:00',20900,NULL,'incheon','jeonju','2022-12-22 22:45:00','2022-12-23 01:45:00'),(48289,1126,98,'jeonju','p',28,0,'03:30:00',25900,NULL,'incheon','jeonju','2022-12-22 23:15:00','2022-12-23 02:15:00'),(48290,1123,97,'jeonju','p',28,0,'03:30:00',25900,NULL,'incheon','jeonju','2022-12-22 23:45:00','2022-12-23 02:45:00'),(48291,1119,96,'jeonju','p',28,0,'03:30:00',25900,NULL,'incheon','jeonju','2022-12-23 00:00:00','2022-12-23 03:00:00'),(48292,1118,95,'jeonju','p',28,0,'03:30:00',25900,NULL,'incheon','jeonju','2022-12-23 00:30:00','2022-12-23 03:30:00'),(48293,1004,82,'jeonju','p',28,0,'03:30:00',25900,NULL,'incheon','jeonju','2022-12-23 01:00:00','2022-12-23 04:00:00'),(48294,1088,93,'jeonju','n',36,0,'03:30:00',15900,NULL,'incheon','jeonju','2022-12-23 01:30:00','2022-12-23 04:30:00'),(48295,1080,92,'jeonju','h',28,0,'03:30:00',20900,NULL,'incheon','jeonju','2022-12-23 02:00:00','2022-12-23 05:00:00'),(48296,1078,91,'jeonju','h',28,0,'03:30:00',20900,NULL,'incheon','jeonju','2022-12-23 02:30:00','2022-12-23 05:30:00'),(48297,1077,90,'jeonju','h',28,0,'03:30:00',20900,NULL,'incheon','jeonju','2022-12-23 03:00:00','2022-12-23 06:00:00'),(48298,1072,89,'jeonju','n',36,0,'03:30:00',15900,NULL,'incheon','jeonju','2022-12-23 03:30:00','2022-12-23 06:30:00'),(48299,1042,88,'jeonju','n',36,0,'03:30:00',15900,NULL,'incheon','jeonju','2022-12-23 04:00:00','2022-12-23 07:00:00'),(48300,1029,87,'jeonju','p',28,0,'03:30:00',25900,NULL,'incheon','jeonju','2022-12-23 04:30:00','2022-12-23 07:30:00'),(48301,1027,86,'jeonju','n',36,0,'03:30:00',15900,NULL,'incheon','jeonju','2022-12-23 05:00:00','2022-12-23 08:00:00'),(48302,1026,85,'jeonju','p',28,0,'03:30:00',25900,NULL,'incheon','jeonju','2022-12-23 05:30:00','2022-12-23 08:30:00'),(48303,1022,84,'jeonju','n',36,0,'03:30:00',15900,NULL,'incheon','jeonju','2022-12-23 06:00:00','2022-12-23 09:00:00'),(48304,1112,94,'jeonju','p',28,0,'03:30:00',25900,NULL,'incheon','jeonju','2022-12-23 06:30:00','2022-12-23 09:30:00'),(48305,1981,147,'jeonju','h',28,0,'03:30:00',20900,NULL,'incheon','jeonju','2022-12-23 07:00:00','2022-12-23 10:00:00'),(48306,1244,110,'jeonju','p',28,0,'03:30:00',25900,NULL,'incheon','jeonju','2022-12-23 07:30:00','2022-12-23 10:30:00'),(48307,1240,104,'jeonju','p',28,0,'03:30:00',25900,NULL,'incheon','jeonju','2022-12-23 08:00:00','2022-12-23 11:00:00'),(48308,1224,103,'jeonju','h',28,0,'03:30:00',20900,NULL,'incheon','jeonju','2022-12-23 08:30:00','2022-12-23 11:30:00'),(48309,1220,102,'jeonju','n',36,0,'03:30:00',15900,NULL,'incheon','jeonju','2022-12-23 09:00:00','2022-12-23 12:00:00'),(48310,1211,101,'jeonju','p',28,0,'03:30:00',25900,NULL,'incheon','jeonju','2022-12-23 09:30:00','2022-12-23 12:30:00'),(48311,1138,100,'jeonju','p',28,0,'03:30:00',25900,NULL,'incheon','jeonju','2022-12-23 10:00:00','2022-12-23 13:00:00'),(48312,1135,99,'jeonju','h',28,0,'03:30:00',20900,NULL,'incheon','jeonju','2022-12-23 10:30:00','2022-12-23 13:30:00'),(48313,1126,98,'jeonju','p',28,0,'03:30:00',25900,NULL,'incheon','jeonju','2022-12-23 11:00:00','2022-12-23 14:00:00'),(48314,1123,97,'jeonju','p',28,0,'03:30:00',25900,NULL,'incheon','jeonju','2022-12-23 11:30:00','2022-12-23 14:30:00'),(48315,1119,96,'jeonju','p',28,0,'03:30:00',25900,NULL,'incheon','jeonju','2022-12-23 12:00:00','2022-12-23 15:00:00'),(48316,1118,95,'jeonju','p',28,0,'03:30:00',25900,NULL,'incheon','jeonju','2022-12-23 12:30:00','2022-12-23 15:30:00'),(48317,1004,82,'jeonju','p',28,0,'03:30:00',25900,NULL,'incheon','jeonju','2022-12-23 13:00:00','2022-12-23 16:00:00'),(48318,1088,93,'jeonju','n',36,0,'03:30:00',15900,NULL,'incheon','jeonju','2022-12-23 13:30:00','2022-12-23 16:30:00'),(48319,1080,92,'jeonju','h',28,0,'03:30:00',20900,NULL,'incheon','jeonju','2022-12-23 14:00:00','2022-12-23 17:00:00'),(48320,1078,91,'jeonju','h',28,0,'03:30:00',20900,NULL,'incheon','jeonju','2022-12-23 14:30:00','2022-12-23 17:30:00');
/*!40000 ALTER TABLE `bus_move_info` ENABLE KEYS */;
UNLOCK TABLES;

--
-- Table structure for table `bus_price`
--

DROP TABLE IF EXISTS `bus_price`;
/*!40101 SET @saved_cs_client     = @@character_set_client */;
/*!50503 SET character_set_client = utf8mb4 */;
CREATE TABLE `bus_price` (
  `leave_location` varchar(20) NOT NULL COMMENT '출발지',
  `arrive_location` varchar(20) NOT NULL COMMENT '도착지',
  `class` char(1) NOT NULL COMMENT 'n= 일반, p=프리미엄, h=우등',
  `price` int unsigned NOT NULL DEFAULT '0' COMMENT '요금',
  PRIMARY KEY (`leave_location`,`arrive_location`,`class`)
) ENGINE=InnoDB DEFAULT CHARSET=utf8mb4 COLLATE=utf8mb4_0900_ai_ci COMMENT='버스 경로별 가격 테이블';
/*!40101 SET character_set_client = @saved_cs_client */;

--
-- Dumping data for table `bus_price`
--

LOCK TABLES `bus_price` WRITE;
/*!40000 ALTER TABLE `bus_price` DISABLE KEYS */;
INSERT INTO `bus_price` VALUES ('incheon','jeonju','h',20900),('incheon','jeonju','n',15900),('incheon','jeonju','p',25900),('jeonju','incheon','h',20900),('jeonju','incheon','n',15900),('jeonju','incheon','p',25900),('jeonju','seoul','h',20600),('jeonju','seoul','n',15600),('jeonju','seoul','p',25600),('seoul','jeonju','h',20600),('seoul','jeonju','n',15600),('seoul','jeonju','p',25600);
/*!40000 ALTER TABLE `bus_price` ENABLE KEYS */;
UNLOCK TABLES;

--
-- Table structure for table `customers`
--

DROP TABLE IF EXISTS `customers`;
/*!40101 SET @saved_cs_client     = @@character_set_client */;
/*!50503 SET character_set_client = utf8mb4 */;
CREATE TABLE `customers` (
  `customerID` int unsigned NOT NULL AUTO_INCREMENT,
  `name` char(50) NOT NULL,
  `address` char(100) NOT NULL,
  `city` char(30) NOT NULL,
  PRIMARY KEY (`customerID`),
  CONSTRAINT `customers_ibfk_1` FOREIGN KEY (`customerID`) REFERENCES `ordersf` (`customerID`)
) ENGINE=InnoDB AUTO_INCREMENT=10 DEFAULT CHARSET=utf8mb4 COLLATE=utf8mb4_0900_ai_ci;
/*!40101 SET character_set_client = @saved_cs_client */;

--
-- Dumping data for table `customers`
--

LOCK TABLES `customers` WRITE;
/*!40000 ALTER TABLE `customers` DISABLE KEYS */;
/*!40000 ALTER TABLE `customers` ENABLE KEYS */;
UNLOCK TABLES;

--
-- Table structure for table `dev_account_book`
--

DROP TABLE IF EXISTS `dev_account_book`;
/*!40101 SET @saved_cs_client     = @@character_set_client */;
/*!50503 SET character_set_client = utf8mb4 */;
CREATE TABLE `dev_account_book` (
  `trade_id` int unsigned NOT NULL AUTO_INCREMENT COMMENT '거래번호',
  `seller_id` varchar(10) NOT NULL COMMENT '판매자ID',
  `buyer_id` varchar(10) NOT NULL COMMENT '구매자ID',
  `quantity` int unsigned NOT NULL COMMENT '거래수량',
  `money` int unsigned NOT NULL COMMENT '거래금액',
  `reg_date` datetime NOT NULL COMMENT '거래일',
  PRIMARY KEY (`trade_id`),
  KEY `seller_id` (`seller_id`),
  KEY `buyer_id` (`buyer_id`),
  KEY `quantity` (`quantity`),
  KEY `money` (`money`),
  KEY `reg_date` (`reg_date`)
) ENGINE=InnoDB AUTO_INCREMENT=100000 DEFAULT CHARSET=utf8mb4 COLLATE=utf8mb4_0900_ai_ci;
/*!40101 SET character_set_client = @saved_cs_client */;

--
-- Dumping data for table `dev_account_book`
--

LOCK TABLES `dev_account_book` WRITE;
/*!40000 ALTER TABLE `dev_account_book` DISABLE KEYS */;
/*!40000 ALTER TABLE `dev_account_book` ENABLE KEYS */;
UNLOCK TABLES;

--
-- Table structure for table `dev_user_info`
--

DROP TABLE IF EXISTS `dev_user_info`;
/*!40101 SET @saved_cs_client     = @@character_set_client */;
/*!50503 SET character_set_client = utf8mb4 */;
CREATE TABLE `dev_user_info` (
  `user_no` int unsigned NOT NULL AUTO_INCREMENT COMMENT '회원번호',
  `user_id` varchar(10) NOT NULL COMMENT '회원아이디',
  `user_passwd` varchar(50) NOT NULL COMMENT '회원비밀번호',
  `user_birth` char(6) NOT NULL COMMENT '회원생일',
  `user_gender` char(1) NOT NULL COMMENT '회원성별(1:남/2:여)',
  `user_city` char(2) NOT NULL COMMENT '회원 거주지',
  `user_reg_date` datetime NOT NULL COMMENT '가입일',
  PRIMARY KEY (`user_no`),
  KEY `idx_user_id` (`user_id`)
) ENGINE=InnoDB AUTO_INCREMENT=11 DEFAULT CHARSET=utf8mb4 COLLATE=utf8mb4_0900_ai_ci;
/*!40101 SET character_set_client = @saved_cs_client */;

--
-- Dumping data for table `dev_user_info`
--

LOCK TABLES `dev_user_info` WRITE;
/*!40000 ALTER TABLE `dev_user_info` DISABLE KEYS */;
/*!40000 ALTER TABLE `dev_user_info` ENABLE KEYS */;
UNLOCK TABLES;

--
-- Table structure for table `driver_info`
--

DROP TABLE IF EXISTS `driver_info`;
/*!40101 SET @saved_cs_client     = @@character_set_client */;
/*!50503 SET character_set_client = utf8mb4 */;
CREATE TABLE `driver_info` (
  `driver_num` int unsigned NOT NULL AUTO_INCREMENT COMMENT '기사번호',
  `driver_id` varchar(20) NOT NULL COMMENT '기사 아이디',
  `driver_pw` varchar(20) NOT NULL COMMENT '기사 패스워드',
  `driver_name` varchar(20) NOT NULL COMMENT '기사 이름',
  `driver_phone` int NOT NULL COMMENT '전화번호',
  `driver_email` varchar(50) NOT NULL COMMENT '기사 이메일',
  `driver_location` varchar(45) NOT NULL COMMENT '위치',
  `driver_check` char(1) NOT NULL COMMENT '운행여부 y=yes, n=no',
  `reg_day` datetime NOT NULL COMMENT '등록일',
  `change_day` datetime NOT NULL DEFAULT '0000-00-00 00:00:00' COMMENT '수정일',
  PRIMARY KEY (`driver_num`),
  UNIQUE KEY `driver_id_UNIQUE` (`driver_id`)
) ENGINE=InnoDB AUTO_INCREMENT=148 DEFAULT CHARSET=utf8mb4 COLLATE=utf8mb4_0900_ai_ci COMMENT='기사 정보';
/*!40101 SET character_set_client = @saved_cs_client */;

--
-- Dumping data for table `driver_info`
--

LOCK TABLES `driver_info` WRITE;
/*!40000 ALTER TABLE `driver_info` DISABLE KEYS */;
INSERT INTO `driver_info` VALUES (1,'dirver1','123','김민혁',3213,'driver1@driver.com','jeonju','n','2022-12-12 09:07:52','0000-00-00 00:00:00'),(2,'dirver2','123','김수민',3213,'driver1@driver.com','jeonju','n','2022-12-12 09:08:54','0000-00-00 00:00:00'),(10,'dirver3','123','김주현',3213,'driver1@driver.com','jeonju','n','2022-12-12 09:27:58','0000-00-00 00:00:00'),(11,'dirver4','123','김정혁',3213,'driver1@driver.com','jeonju','n','2022-12-12 09:27:58','0000-00-00 00:00:00'),(12,'dirver5','123','이전민',3213,'driver1@driver.com','jeonju','n','2022-12-12 09:27:58','0000-00-00 00:00:00'),(13,'dirver6','123','이주혁',3213,'driver1@driver.com','jeonju','n','2022-12-12 09:27:58','0000-00-00 00:00:00'),(14,'dirver7','123','김범',3213,'driver1@driver.com','jeonju','n','2022-12-12 09:27:58','0000-00-00 00:00:00'),(15,'dirver8','123','김범수',3213,'driver1@driver.com','jeonju','n','2022-12-12 09:27:58','0000-00-00 00:00:00'),(16,'dirver9','123','김지훈',3213,'driver1@driver.com','jeonju','n','2022-12-12 09:27:58','0000-00-00 00:00:00'),(17,'dirver10','123','박빈',3213,'driver1@driver.com','jeonju','n','2022-12-12 09:27:58','0000-00-00 00:00:00'),(18,'dirver11','123','박혁',3213,'driver1@driver.com','jeonju','n','2022-12-12 09:27:58','0000-00-00 00:00:00'),(19,'dirver12','123','김혁',3213,'driver1@driver.com','jeonju','n','2022-12-12 09:27:58','0000-00-00 00:00:00'),(20,'dirver13','123','서정민',3213,'driver1@driver.com','jeonju','n','2022-12-12 09:27:58','0000-00-00 00:00:00'),(21,'dirver14','123','김소라',3213,'driver1@driver.com','jeonju','n','2022-12-12 09:27:58','0000-00-00 00:00:00'),(22,'dirver15','123','김수정',3213,'driver1@driver.com','jeonju','n','2022-12-12 09:27:58','0000-00-00 00:00:00'),(23,'dirver16','123','조정혁',3213,'driver1@driver.com','jeonju','n','2022-12-12 09:27:58','0000-00-00 00:00:00'),(24,'dirver17','123','조주영',3213,'driver1@driver.com','jeonju','n','2022-12-12 09:27:58','0000-00-00 00:00:00'),(25,'dirver18','123','주수민',3213,'driver1@driver.com','jeonju','n','2022-12-12 09:27:58','0000-00-00 00:00:00'),(26,'dirver19','123','주수혁',3213,'driver1@driver.com','jeonju','n','2022-12-12 09:27:58','0000-00-00 00:00:00'),(27,'dirver20','123','이혁',3213,'driver1@driver.com','jeonju','n','2022-12-12 09:27:58','0000-00-00 00:00:00'),(28,'dirver21','123','오정훈',3213,'driver1@driver.com','jeonju','n','2022-12-12 09:27:58','0000-00-00 00:00:00'),(29,'dirver22','123','정훈',3213,'driver1@driver.com','jeonju','n','2022-12-12 09:27:58','0000-00-00 00:00:00'),(30,'dirver23','123','김수현',3213,'driver1@driver.com','jeonju','n','2022-12-12 09:27:58','0000-00-00 00:00:00'),(31,'dirver24','123','현정혁',3213,'driver1@driver.com','jeonju','n','2022-12-12 09:27:58','0000-00-00 00:00:00'),(32,'dirver25','123','설정수',3213,'driver1@driver.com','jeonju','n','2022-12-12 09:27:58','0000-00-00 00:00:00'),(33,'dirver26','123','설정민',3213,'driver1@driver.com','jeonju','n','2022-12-12 09:27:58','0000-00-00 00:00:00'),(34,'dirver27','123','김수민',3213,'driver1@driver.com','jeonju','n','2022-12-12 09:27:58','0000-00-00 00:00:00'),(35,'dirver28','123','김수민',3213,'driver1@driver.com','jeonju','n','2022-12-12 09:27:58','0000-00-00 00:00:00'),(36,'dirver29','123','김수민',3213,'driver1@driver.com','jeonju','n','2022-12-12 09:27:58','0000-00-00 00:00:00'),(37,'dirver30','123','김수민',3213,'driver1@driver.com','jeonju','n','2022-12-12 09:27:58','0000-00-00 00:00:00'),(38,'dirver31','123','김수민',3213,'driver1@driver.com','jeonju','n','2022-12-12 09:27:58','0000-00-00 00:00:00'),(39,'dirver32','123','김수민',3213,'driver1@driver.com','seoul','n','2022-12-12 09:27:58','0000-00-00 00:00:00'),(40,'dirver33','123','김수민',3213,'driver1@driver.com','seoul','n','2022-12-12 09:27:58','0000-00-00 00:00:00'),(41,'dirver34','123','김수민',3213,'driver1@driver.com','seoul','n','2022-12-12 09:27:58','0000-00-00 00:00:00'),(42,'dirver35','123','김수민',3213,'driver1@driver.com','seoul','n','2022-12-12 09:27:58','0000-00-00 00:00:00'),(43,'dirver36','123','김수민',3213,'driver1@driver.com','seoul','n','2022-12-12 09:27:58','0000-00-00 00:00:00'),(44,'dirver37','123','김수민',3213,'driver1@driver.com','seoul','n','2022-12-12 09:27:58','0000-00-00 00:00:00'),(45,'dirver38','123','김수민',3213,'driver1@driver.com','seoul','n','2022-12-12 09:27:58','0000-00-00 00:00:00'),(46,'dirver39','123','김수민',3213,'driver1@driver.com','seoul','n','2022-12-12 09:27:58','0000-00-00 00:00:00'),(47,'dirver40','123','김수민',3213,'driver1@driver.com','seoul','n','2022-12-12 09:27:58','0000-00-00 00:00:00'),(48,'dirver41','123','김수민',3213,'driver1@driver.com','seoul','n','2022-12-12 09:27:58','0000-00-00 00:00:00'),(49,'dirver42','123','김수민',3213,'driver1@driver.com','seoul','n','2022-12-12 09:27:58','0000-00-00 00:00:00'),(50,'dirver43','123','김수민',3213,'driver1@driver.com','seoul','n','2022-12-12 09:27:58','0000-00-00 00:00:00'),(51,'dirver44','123','김수민',3213,'driver1@driver.com','seoul','n','2022-12-12 09:27:58','0000-00-00 00:00:00'),(52,'dirver45','123','김수민',3213,'driver1@driver.com','seoul','n','2022-12-12 09:27:58','0000-00-00 00:00:00'),(53,'dirver46','123','김수민',3213,'driver1@driver.com','seoul','n','2022-12-12 09:27:58','0000-00-00 00:00:00'),(54,'dirver47','123','김수민',3213,'driver1@driver.com','seoul','n','2022-12-12 09:27:58','0000-00-00 00:00:00'),(55,'dirver48','123','김수민',3213,'driver1@driver.com','seoul','n','2022-12-12 09:27:58','0000-00-00 00:00:00'),(56,'dirver49','123','김수민',3213,'driver1@driver.com','seoul','n','2022-12-12 09:27:58','0000-00-00 00:00:00'),(57,'dirver50','123','김수민',3213,'driver1@driver.com','seoul','n','2022-12-12 09:27:58','0000-00-00 00:00:00'),(58,'dirver51','123','김수민',3213,'driver1@driver.com','seoul','n','2022-12-12 09:27:58','0000-00-00 00:00:00'),(59,'dirver52','123','김수민',3213,'driver1@driver.com','seoul','n','2022-12-12 09:27:58','0000-00-00 00:00:00'),(60,'dirver53','123','김수민',3213,'driver1@driver.com','seoul','n','2022-12-12 09:27:58','0000-00-00 00:00:00'),(61,'dirver54','123','김수민',3213,'driver1@driver.com','seoul','n','2022-12-12 09:27:58','0000-00-00 00:00:00'),(62,'dirver55','123','김수민',3213,'driver1@driver.com','seoul','n','2022-12-12 09:27:58','0000-00-00 00:00:00'),(63,'dirver56','123','김수민',3213,'driver1@driver.com','seoul','n','2022-12-12 09:27:58','0000-00-00 00:00:00'),(64,'dirver57','123','김수민',3213,'driver1@driver.com','seoul','n','2022-12-12 09:27:58','0000-00-00 00:00:00'),(65,'dirver58','123','김수민',3213,'driver1@driver.com','seoul','n','2022-12-12 09:27:58','0000-00-00 00:00:00'),(66,'dirver59','123','김수민',3213,'driver1@driver.com','seoul','n','2022-12-12 09:27:58','0000-00-00 00:00:00'),(67,'dirver60','123','김수민',3213,'driver1@driver.com','seoul','n','2022-12-12 09:27:58','0000-00-00 00:00:00'),(68,'dirver61','123','김수민',3213,'driver1@driver.com','seoul','n','2022-12-12 09:27:58','0000-00-00 00:00:00'),(69,'dirver62','123','김수민',3213,'driver1@driver.com','seoul','n','2022-12-12 09:27:58','0000-00-00 00:00:00'),(70,'dirver63','123','김수민',3213,'driver1@driver.com','seoul','n','2022-12-12 09:27:58','0000-00-00 00:00:00'),(71,'dirver64','123','김수민',3213,'driver1@driver.com','seoul','n','2022-12-12 09:27:58','0000-00-00 00:00:00'),(72,'dirver65','123','김수민',3213,'driver1@driver.com','seoul','n','2022-12-12 09:27:58','0000-00-00 00:00:00'),(73,'dirver66','123','김수민',3213,'driver1@driver.com','seoul','n','2022-12-12 09:27:59','0000-00-00 00:00:00'),(77,'dirver67','123','김수민',3213,'driver1@driver.com','seoul','n','2022-12-12 09:28:28','0000-00-00 00:00:00'),(78,'dirver68','123','김수민',3213,'driver1@driver.com','seoul','n','2022-12-12 09:28:29','0000-00-00 00:00:00'),(79,'dirver69','123','김수민',3213,'driver1@driver.com','seoul','n','2022-12-12 09:28:30','0000-00-00 00:00:00'),(80,'dirver70','123','김수민',3213,'driver1@driver.com','seoul','n','2022-12-12 09:28:30','0000-00-00 00:00:00'),(82,'dirver93','123','김수민',3213,'driver1@driver.com','incheon','n','2022-12-13 10:11:25','0000-00-00 00:00:00'),(83,'dirver71','123','김수민',3213,'driver1@driver.com','incheon','n','2022-12-13 10:12:09','0000-00-00 00:00:00'),(84,'dirver72','123','김수민',3213,'driver1@driver.com','incheon','n','2022-12-13 10:12:09','0000-00-00 00:00:00'),(85,'dirver73','123','김수민',3213,'driver1@driver.com','incheon','n','2022-12-13 10:12:09','0000-00-00 00:00:00'),(86,'dirver74','123','김수민',3213,'driver1@driver.com','incheon','n','2022-12-13 10:12:09','0000-00-00 00:00:00'),(87,'dirver75','123','김수민',3213,'driver1@driver.com','incheon','n','2022-12-13 10:12:09','0000-00-00 00:00:00'),(88,'dirver76','123','김수민',3213,'driver1@driver.com','incheon','n','2022-12-13 10:12:09','0000-00-00 00:00:00'),(89,'dirver77','123','김수민',3213,'driver1@driver.com','incheon','n','2022-12-13 10:12:09','0000-00-00 00:00:00'),(90,'dirver78','123','김수민',3213,'driver1@driver.com','incheon','n','2022-12-13 10:12:09','0000-00-00 00:00:00'),(91,'dirver79','123','김수민',3213,'driver1@driver.com','incheon','n','2022-12-13 10:12:09','0000-00-00 00:00:00'),(92,'dirver80','123','김수민',3213,'driver1@driver.com','incheon','n','2022-12-13 10:12:09','0000-00-00 00:00:00'),(93,'dirver81','123','김수민',3213,'driver1@driver.com','incheon','n','2022-12-13 10:12:09','0000-00-00 00:00:00'),(94,'dirver82','123','김수민',3213,'driver1@driver.com','incheon','n','2022-12-13 10:12:09','0000-00-00 00:00:00'),(95,'dirver83','123','김수민',3213,'driver1@driver.com','incheon','n','2022-12-13 10:12:09','0000-00-00 00:00:00'),(96,'dirver84','123','김수민',3213,'driver1@driver.com','incheon','n','2022-12-13 10:12:09','0000-00-00 00:00:00'),(97,'dirver85','123','김수민',3213,'driver1@driver.com','incheon','n','2022-12-13 10:12:09','0000-00-00 00:00:00'),(98,'dirver86','123','김수민',3213,'driver1@driver.com','incheon','n','2022-12-13 10:12:09','0000-00-00 00:00:00'),(99,'dirver87','123','김수민',3213,'driver1@driver.com','incheon','n','2022-12-13 10:12:09','0000-00-00 00:00:00'),(100,'dirver88','123','김수민',3213,'driver1@driver.com','incheon','n','2022-12-13 10:12:09','0000-00-00 00:00:00'),(101,'dirver89','123','김수민',3213,'driver1@driver.com','incheon','n','2022-12-13 10:12:09','0000-00-00 00:00:00'),(102,'dirver90','123','김수민',3213,'driver1@driver.com','incheon','n','2022-12-13 10:12:09','0000-00-00 00:00:00'),(103,'dirver91','123','김수민',3213,'driver1@driver.com','incheon','n','2022-12-13 10:12:09','0000-00-00 00:00:00'),(104,'dirver92','123','김수민',3213,'driver1@driver.com','incheon','n','2022-12-13 10:12:09','0000-00-00 00:00:00'),(110,'dirver94','123','김수민',3213,'driver1@driver.com','incheon','n','2022-12-13 10:45:11','0000-00-00 00:00:00'),(111,'dirver95','123','김수민',3213,'driver1@driver.com','incheon','n','2022-12-13 10:45:11','0000-00-00 00:00:00'),(112,'dirver96','123','김수민',3213,'driver1@driver.com','incheon','n','2022-12-13 10:45:11','0000-00-00 00:00:00'),(113,'dirver97','123','김수민',3213,'driver1@driver.com','incheon','n','2022-12-13 10:45:11','0000-00-00 00:00:00'),(114,'dirver98','123','김수민',3213,'driver1@driver.com','incheon','n','2022-12-13 10:45:11','0000-00-00 00:00:00'),(115,'dirver99','123','김수민',3213,'driver1@driver.com','incheon','n','2022-12-13 10:45:11','0000-00-00 00:00:00'),(116,'dirver100','123','김수민',3213,'driver1@driver.com','incheon','n','2022-12-13 10:45:11','0000-00-00 00:00:00'),(117,'dirver101','123','김수민',3213,'driver1@driver.com','incheon','n','2022-12-13 10:45:11','0000-00-00 00:00:00'),(118,'dirver102','123','김수민',3213,'driver1@driver.com','incheon','n','2022-12-13 10:45:11','0000-00-00 00:00:00'),(119,'dirver103','123','김수민',3213,'driver1@driver.com','incheon','n','2022-12-13 10:45:11','0000-00-00 00:00:00'),(120,'dirver104','123','김수민',3213,'driver1@driver.com','incheon','n','2022-12-13 10:45:11','0000-00-00 00:00:00'),(121,'dirver105','123','김수민',3213,'driver1@driver.com','incheon','n','2022-12-13 10:45:11','0000-00-00 00:00:00'),(122,'dirver106','123','김수민',3213,'driver1@driver.com','incheon','n','2022-12-13 10:45:11','0000-00-00 00:00:00'),(123,'dirver107','123','김수민',3213,'driver1@driver.com','incheon','n','2022-12-13 10:45:11','0000-00-00 00:00:00'),(124,'dirver108','123','김수민',3213,'driver1@driver.com','incheon','n','2022-12-13 10:45:11','0000-00-00 00:00:00'),(125,'dirver109','123','김수민',3213,'driver1@driver.com','incheon','n','2022-12-13 10:45:11','0000-00-00 00:00:00'),(126,'dirver110','123','김수민',3213,'driver1@driver.com','incheon','n','2022-12-13 10:45:11','0000-00-00 00:00:00'),(127,'dirver111','123','김수민',3213,'driver1@driver.com','incheon','n','2022-12-13 10:45:11','0000-00-00 00:00:00'),(128,'dirver112','123','김수민',3213,'driver1@driver.com','incheon','n','2022-12-13 10:45:11','0000-00-00 00:00:00'),(129,'dirver113','123','김수민',3213,'driver1@driver.com','incheon','n','2022-12-13 10:45:11','0000-00-00 00:00:00'),(130,'dirver114','123','김수민',3213,'driver1@driver.com','incheon','n','2022-12-13 10:45:11','0000-00-00 00:00:00'),(131,'dirver115','123','김수민',3213,'driver1@driver.com','incheon','n','2022-12-13 10:45:11','0000-00-00 00:00:00'),(132,'dirver116','123','김수민',3213,'driver1@driver.com','incheon','n','2022-12-13 10:45:11','0000-00-00 00:00:00'),(133,'dirver117','123','김수민',3213,'driver1@driver.com','incheon','n','2022-12-13 10:45:11','0000-00-00 00:00:00'),(134,'dirver118','123','김수민',3213,'driver1@driver.com','incheon','n','2022-12-13 13:33:07','0000-00-00 00:00:00'),(135,'dirver119','123','김수민',3213,'driver1@driver.com','incheon','n','2022-12-13 13:33:07','0000-00-00 00:00:00'),(136,'dirver120','123','김수민',3213,'driver1@driver.com','incheon','n','2022-12-13 13:33:07','0000-00-00 00:00:00'),(137,'dirver121','123','김수민',3213,'driver1@driver.com','incheon','n','2022-12-13 13:33:07','0000-00-00 00:00:00'),(138,'dirver122','123','김수민',3213,'driver1@driver.com','incheon','n','2022-12-13 13:33:07','0000-00-00 00:00:00'),(139,'dirver123','123','김수민',3213,'driver1@driver.com','incheon','n','2022-12-13 13:33:07','0000-00-00 00:00:00'),(140,'dirver124','123','김수민',3213,'driver1@driver.com','incheon','n','2022-12-13 13:33:07','0000-00-00 00:00:00'),(141,'dirver125','123','김수민',3213,'driver1@driver.com','incheon','n','2022-12-13 13:33:07','0000-00-00 00:00:00'),(142,'dirver126','123','김수민',3213,'driver1@driver.com','incheon','n','2022-12-13 13:33:07','0000-00-00 00:00:00'),(143,'dirver127','123','김수민',3213,'driver1@driver.com','incheon','n','2022-12-13 13:33:07','0000-00-00 00:00:00'),(144,'dirver128','123','김수민',3213,'driver1@driver.com','incheon','n','2022-12-13 13:33:07','0000-00-00 00:00:00'),(145,'dirver129','123','김수민',3213,'driver1@driver.com','incheon','n','2022-12-13 13:33:07','0000-00-00 00:00:00'),(146,'dirver130','123','김수민',3213,'driver1@driver.com','incheon','n','2022-12-13 13:33:07','0000-00-00 00:00:00'),(147,'dirver131','123','김수민',3213,'driver1@driver.com','incheon','n','2022-12-13 13:33:07','0000-00-00 00:00:00');
/*!40000 ALTER TABLE `driver_info` ENABLE KEYS */;
UNLOCK TABLES;

--
-- Table structure for table `login_list`
--

DROP TABLE IF EXISTS `login_list`;
/*!40101 SET @saved_cs_client     = @@character_set_client */;
/*!50503 SET character_set_client = utf8mb4 */;
CREATE TABLE `login_list` (
  `seq` int unsigned NOT NULL AUTO_INCREMENT COMMENT '시퀀스',
  `user_num` int unsigned NOT NULL COMMENT '유저번호',
  `success_flag` char(1) NOT NULL COMMENT '성공 여부 t=true, f=flase',
  `login_day` datetime NOT NULL COMMENT '로그인 날짜',
  PRIMARY KEY (`seq`),
  KEY `fk_login_list_user_info1_idx` (`user_num`),
  CONSTRAINT `fk_login_list_user_info1` FOREIGN KEY (`user_num`) REFERENCES `user_info` (`user_num`)
) ENGINE=InnoDB AUTO_INCREMENT=89 DEFAULT CHARSET=utf8mb4 COLLATE=utf8mb4_0900_ai_ci COMMENT='로그인 리스트';
/*!40101 SET character_set_client = @saved_cs_client */;

--
-- Dumping data for table `login_list`
--

LOCK TABLES `login_list` WRITE;
/*!40000 ALTER TABLE `login_list` DISABLE KEYS */;
INSERT INTO `login_list` VALUES (1,1,'t','2022-12-09 15:02:54'),(2,2,'t','2022-12-09 15:31:45'),(3,1,'t','2022-12-11 15:49:42'),(4,3,'t','2022-12-11 16:21:56'),(5,1,'t','2022-12-11 16:51:41'),(6,2,'t','2022-12-11 16:51:54'),(7,3,'t','2022-12-11 16:58:26'),(8,4,'t','2022-12-11 17:01:02'),(9,1,'t','2022-12-12 10:52:33'),(10,3,'t','2022-12-13 10:40:54'),(11,1,'t','2022-12-13 19:46:11'),(12,4,'t','2022-12-14 21:00:31'),(13,2,'t','2022-12-14 21:01:00'),(14,1,'t','2022-12-15 10:16:24'),(15,1,'t','2022-12-15 11:04:28'),(16,1,'t','2022-12-15 13:18:03'),(17,1,'f','2022-12-15 13:18:16'),(18,1,'t','2022-12-15 13:18:22'),(19,5,'t','2022-12-15 13:20:56'),(20,1,'t','2022-12-15 13:21:49'),(21,3,'t','2022-12-15 13:27:09'),(22,1,'t','2022-12-15 13:27:24'),(23,1,'t','2022-12-15 13:46:00'),(24,3,'t','2022-12-15 14:04:48'),(25,1,'t','2022-12-15 14:04:57'),(26,3,'t','2022-12-15 15:06:51'),(27,1,'t','2022-12-15 15:13:07'),(28,1,'t','2022-12-15 15:57:25'),(29,3,'t','2022-12-15 17:48:19'),(30,1,'t','2022-12-15 19:00:17'),(31,1,'t','2022-12-16 13:46:05'),(32,4,'t','2022-12-16 15:48:03'),(33,6,'t','2022-12-16 15:48:38'),(34,3,'t','2022-12-16 16:01:05'),(35,1,'t','2022-12-16 16:12:36'),(36,6,'t','2022-12-16 17:51:12'),(37,6,'t','2022-12-16 17:59:38'),(38,6,'t','2022-12-16 18:00:19'),(39,6,'t','2022-12-18 16:49:21'),(40,1,'t','2022-12-18 16:51:41'),(41,1,'t','2022-12-18 16:51:52'),(42,3,'t','2022-12-18 16:52:29'),(43,1,'t','2022-12-18 16:52:37'),(44,3,'t','2022-12-18 17:34:27'),(45,1,'t','2022-12-18 17:55:49'),(46,1,'t','2022-12-18 19:20:31'),(47,6,'t','2022-12-18 19:20:41'),(48,1,'t','2022-12-18 20:10:30'),(49,6,'t','2022-12-18 20:14:16'),(50,7,'t','2022-12-18 20:25:11'),(51,1,'t','2022-12-18 20:25:49'),(52,6,'t','2022-12-19 09:00:38'),(53,1,'t','2022-12-19 09:02:00'),(54,1,'t','2022-12-19 11:44:33'),(55,6,'t','2022-12-19 11:44:44'),(56,1,'t','2022-12-19 11:46:23'),(57,6,'t','2022-12-19 12:56:35'),(58,1,'t','2022-12-19 13:08:35'),(59,6,'t','2022-12-19 13:35:04'),(60,8,'t','2022-12-19 13:37:16'),(61,1,'t','2022-12-19 13:41:11'),(62,6,'t','2022-12-19 13:48:16'),(63,6,'t','2022-12-19 14:43:54'),(64,1,'t','2022-12-19 14:44:38'),(65,1,'t','2022-12-19 14:54:43'),(66,6,'t','2022-12-19 15:07:53'),(67,1,'t','2022-12-19 16:14:56'),(68,6,'t','2022-12-19 16:18:38'),(69,1,'t','2022-12-19 16:29:00'),(70,6,'t','2022-12-19 16:29:23'),(71,1,'t','2022-12-20 10:06:24'),(72,6,'t','2022-12-20 12:01:57'),(73,1,'t','2022-12-20 12:02:23'),(74,1,'t','2022-12-20 12:03:52'),(75,1,'t','2022-12-20 12:04:26'),(76,1,'t','2022-12-20 12:04:58'),(77,6,'t','2022-12-20 12:06:48'),(78,3,'t','2022-12-20 13:59:59'),(79,1,'t','2022-12-20 14:00:37'),(80,6,'t','2022-12-20 14:07:17'),(81,4,'t','2022-12-20 14:14:23'),(82,1,'t','2022-12-20 14:14:54'),(83,6,'t','2022-12-20 15:21:13'),(84,9,'t','2022-12-20 15:42:34'),(85,8,'t','2022-12-20 15:55:39'),(86,4,'t','2022-12-20 15:59:54'),(87,6,'t','2022-12-20 16:00:20'),(88,1,'t','2022-12-20 18:01:48');
/*!40000 ALTER TABLE `login_list` ENABLE KEYS */;
UNLOCK TABLES;

--
-- Table structure for table `mile_charge_list`
--

DROP TABLE IF EXISTS `mile_charge_list`;
/*!40101 SET @saved_cs_client     = @@character_set_client */;
/*!50503 SET character_set_client = utf8mb4 */;
CREATE TABLE `mile_charge_list` (
  `seq` int unsigned NOT NULL AUTO_INCREMENT COMMENT '시퀀스',
  `user_num` int unsigned NOT NULL,
  `account_code` char(5) NOT NULL COMMENT '장부코드',
  `trade_code` varchar(20) NOT NULL COMMENT '거래번호',
  `charge_mile` int unsigned NOT NULL DEFAULT '0' COMMENT '충전금액',
  `charge_route` varchar(6) NOT NULL COMMENT '충전 경로 (A=계좌이체 , M=모바일 등)',
  `charge_day` datetime NOT NULL COMMENT '충전일',
  PRIMARY KEY (`seq`)
) ENGINE=InnoDB DEFAULT CHARSET=utf8mb4 COLLATE=utf8mb4_0900_ai_ci COMMENT='마일리지 충전 리스트';
/*!40101 SET character_set_client = @saved_cs_client */;

--
-- Dumping data for table `mile_charge_list`
--

LOCK TABLES `mile_charge_list` WRITE;
/*!40000 ALTER TABLE `mile_charge_list` DISABLE KEYS */;
/*!40000 ALTER TABLE `mile_charge_list` ENABLE KEYS */;
UNLOCK TABLES;

--
-- Table structure for table `mile_withdraw_list`
--

DROP TABLE IF EXISTS `mile_withdraw_list`;
/*!40101 SET @saved_cs_client     = @@character_set_client */;
/*!50503 SET character_set_client = utf8mb4 */;
CREATE TABLE `mile_withdraw_list` (
  `seq` int unsigned NOT NULL AUTO_INCREMENT COMMENT '시퀀스',
  `user_num` int unsigned NOT NULL,
  `account_code` char(5) NOT NULL COMMENT '장부코드',
  `trade_code` varchar(20) NOT NULL COMMENT '거래번호',
  `withdraw_mile` int unsigned NOT NULL COMMENT '출금 마일리지',
  `withdraw_route` varchar(20) NOT NULL COMMENT '출금 경로(계좌)',
  `withdraw_day` datetime NOT NULL COMMENT '출금일',
  PRIMARY KEY (`seq`)
) ENGINE=InnoDB DEFAULT CHARSET=utf8mb4 COLLATE=utf8mb4_0900_ai_ci COMMENT='마일리지 출금 리스트';
/*!40101 SET character_set_client = @saved_cs_client */;

--
-- Dumping data for table `mile_withdraw_list`
--

LOCK TABLES `mile_withdraw_list` WRITE;
/*!40000 ALTER TABLE `mile_withdraw_list` DISABLE KEYS */;
/*!40000 ALTER TABLE `mile_withdraw_list` ENABLE KEYS */;
UNLOCK TABLES;

--
-- Table structure for table `order_items`
--

DROP TABLE IF EXISTS `order_items`;
/*!40101 SET @saved_cs_client     = @@character_set_client */;
/*!50503 SET character_set_client = utf8mb4 */;
CREATE TABLE `order_items` (
  `orderID` int unsigned NOT NULL,
  `isbn` char(13) NOT NULL,
  `quantity` tinyint unsigned DEFAULT NULL,
  PRIMARY KEY (`orderID`,`isbn`)
) ENGINE=InnoDB DEFAULT CHARSET=utf8mb4 COLLATE=utf8mb4_0900_ai_ci;
/*!40101 SET character_set_client = @saved_cs_client */;

--
-- Dumping data for table `order_items`
--

LOCK TABLES `order_items` WRITE;
/*!40000 ALTER TABLE `order_items` DISABLE KEYS */;
/*!40000 ALTER TABLE `order_items` ENABLE KEYS */;
UNLOCK TABLES;

--
-- Table structure for table `orders`
--

DROP TABLE IF EXISTS `orders`;
/*!40101 SET @saved_cs_client     = @@character_set_client */;
/*!50503 SET character_set_client = utf8mb4 */;
CREATE TABLE `orders` (
  `orderID` int unsigned NOT NULL AUTO_INCREMENT,
  `customerID` int unsigned NOT NULL,
  `amount` float NOT NULL,
  `date` date NOT NULL,
  PRIMARY KEY (`orderID`),
  KEY `customerID` (`customerID`),
  CONSTRAINT `orders_ibfk_1` FOREIGN KEY (`customerID`) REFERENCES `ordersf` (`customerID`)
) ENGINE=InnoDB AUTO_INCREMENT=5 DEFAULT CHARSET=utf8mb4 COLLATE=utf8mb4_0900_ai_ci;
/*!40101 SET character_set_client = @saved_cs_client */;

--
-- Dumping data for table `orders`
--

LOCK TABLES `orders` WRITE;
/*!40000 ALTER TABLE `orders` DISABLE KEYS */;
/*!40000 ALTER TABLE `orders` ENABLE KEYS */;
UNLOCK TABLES;

--
-- Table structure for table `ordersf`
--

DROP TABLE IF EXISTS `ordersf`;
/*!40101 SET @saved_cs_client     = @@character_set_client */;
/*!50503 SET character_set_client = utf8mb4 */;
CREATE TABLE `ordersf` (
  `customerID` int unsigned NOT NULL,
  `orderID` int unsigned NOT NULL,
  `ordernumber` int NOT NULL,
  PRIMARY KEY (`customerID`),
  KEY `orderID` (`orderID`)
) ENGINE=InnoDB DEFAULT CHARSET=utf8mb4 COLLATE=utf8mb4_0900_ai_ci;
/*!40101 SET character_set_client = @saved_cs_client */;

--
-- Dumping data for table `ordersf`
--

LOCK TABLES `ordersf` WRITE;
/*!40000 ALTER TABLE `ordersf` DISABLE KEYS */;
/*!40000 ALTER TABLE `ordersf` ENABLE KEYS */;
UNLOCK TABLES;

--
-- Table structure for table `reservation`
--

DROP TABLE IF EXISTS `reservation`;
/*!40101 SET @saved_cs_client     = @@character_set_client */;
/*!50503 SET character_set_client = utf8mb4 */;
CREATE TABLE `reservation` (
  `seq` int unsigned NOT NULL AUTO_INCREMENT COMMENT '시퀀스',
  `trade_code` varchar(30) DEFAULT NULL,
  `user_num` int unsigned NOT NULL COMMENT '유저번호\n',
  `bus_move_info_seq` int unsigned NOT NULL COMMENT '운행 정보 시퀀스',
  `status` char(1) NOT NULL COMMENT '예매상태 y=성공, n=취소, e=예약, f=예약취소',
  `account_code` char(5) NOT NULL COMMENT '장부코드',
  `bus_num` int unsigned NOT NULL COMMENT '버스번호',
  `bus_class` char(1) NOT NULL COMMENT '버스등급',
  `price` int unsigned NOT NULL COMMENT '금액',
  `seat_num` int unsigned NOT NULL COMMENT '좌석 번호',
  `route` varchar(20) NOT NULL COMMENT '예매경로',
  `trade_type` varchar(20) NOT NULL COMMENT '예매 = y, 예매취소 = n, , 충전 = c, 출금 = w',
  `start_day` datetime NOT NULL COMMENT '출발일시',
  `buy_day` datetime NOT NULL COMMENT '구매일시',
  `change_day` datetime NOT NULL DEFAULT '0000-00-00 00:00:00' COMMENT '예매변경일시',
  PRIMARY KEY (`seq`),
  KEY `fk_reservation_userinfo1_idx` (`user_num`),
  KEY `fk_reservation_bus_move_info1_idx` (`bus_move_info_seq`),
  KEY `fk_reservation_bus_info1_idx` (`bus_num`),
  CONSTRAINT `fk_reservation_bus_info1` FOREIGN KEY (`bus_num`) REFERENCES `bus_info` (`bus_num`),
  CONSTRAINT `fk_reservation_bus_move_info1` FOREIGN KEY (`bus_move_info_seq`) REFERENCES `bus_move_info` (`seq`),
  CONSTRAINT `fk_reservation_userinfo1` FOREIGN KEY (`user_num`) REFERENCES `user_info` (`user_num`)
) ENGINE=InnoDB AUTO_INCREMENT=128 DEFAULT CHARSET=utf8mb4 COLLATE=utf8mb4_0900_ai_ci COMMENT='예매정보';
/*!40101 SET character_set_client = @saved_cs_client */;

--
-- Dumping data for table `reservation`
--

LOCK TABLES `reservation` WRITE;
/*!40000 ALTER TABLE `reservation` DISABLE KEYS */;
INSERT INTO `reservation` VALUES (1,'20221219191133rm00t10',1,47621,'y','rm00t',1124,'p',26880,1,'seoul','r','2022-12-20 19:15:00','2022-12-19 19:11:33','0000-00-00 00:00:00'),(2,'20221219191133rm00t11',1,47621,'y','rm00t',1124,'p',26880,2,'seoul','r','2022-12-20 19:15:00','2022-12-19 19:11:33','0000-00-00 00:00:00'),(3,'20221219191133rm00t12',1,47621,'y','rm00t',1124,'p',26880,3,'seoul','r','2022-12-20 19:15:00','2022-12-19 19:11:33','0000-00-00 00:00:00'),(4,'20221219191133rm00t13',1,47621,'y','rm00t',1124,'p',26880,4,'seoul','r','2022-12-20 19:15:00','2022-12-19 19:11:33','0000-00-00 00:00:00'),(5,'20221219191133rm00t14',1,47621,'y','rm00t',1124,'p',26880,5,'seoul','r','2022-12-20 19:15:00','2022-12-19 19:11:33','0000-00-00 00:00:00'),(6,'20221219191133rm00t15',1,47621,'y','rm00t',1124,'p',26880,6,'seoul','r','2022-12-20 19:15:00','2022-12-19 19:11:33','0000-00-00 00:00:00'),(7,'20221219191133rm00t16',1,47621,'y','rm00t',1124,'p',26880,7,'seoul','r','2022-12-20 19:15:00','2022-12-19 19:11:33','0000-00-00 00:00:00'),(8,'20221219191133rm00t17',1,47621,'y','rm00t',1124,'p',26880,8,'seoul','r','2022-12-20 19:15:00','2022-12-19 19:11:33','0000-00-00 00:00:00'),(9,'20221219191133rm00t18',1,47621,'y','rm00t',1124,'p',26880,9,'seoul','r','2022-12-20 19:15:00','2022-12-19 19:11:33','0000-00-00 00:00:00'),(10,'20221219191133rm00t19',1,47621,'y','rm00t',1124,'p',26880,10,'seoul','r','2022-12-20 19:15:00','2022-12-19 19:11:33','0000-00-00 00:00:00'),(11,'20221219191133rm00t110',1,47621,'y','rm00t',1124,'p',26880,11,'seoul','r','2022-12-20 19:15:00','2022-12-19 19:11:33','0000-00-00 00:00:00'),(12,'20221219191133rm00t111',1,47621,'y','rm00t',1124,'p',26880,12,'seoul','r','2022-12-20 19:15:00','2022-12-19 19:11:33','0000-00-00 00:00:00'),(13,'20221219191133rm00t112',1,47621,'y','rm00t',1124,'p',26880,13,'seoul','r','2022-12-20 19:15:00','2022-12-19 19:11:33','0000-00-00 00:00:00'),(14,'20221219191133rm00t113',1,47621,'n','rm00t',1124,'p',26880,14,'seoul','r','2022-12-20 19:15:00','2022-12-19 19:11:33','2022-12-20 10:06:41'),(15,'20221219191133rm00t114',1,47621,'n','rm00t',1124,'p',26880,15,'seoul','r','2022-12-20 19:15:00','2022-12-19 19:11:33','2022-12-19 19:17:23'),(16,'20221219191133rm00t115',1,47621,'n','rm00f',1124,'p',26880,16,'seoul','n','2022-12-20 19:15:00','2022-12-19 19:11:33','2022-12-20 10:14:35'),(17,'20221219191133rm00t116',1,47621,'y','rm00t',1124,'p',26880,17,'seoul','r','2022-12-20 19:15:00','2022-12-19 19:11:33','0000-00-00 00:00:00'),(18,'20221219191133rm00t117',1,47621,'y','rm00t',1124,'p',26880,18,'seoul','r','2022-12-20 19:15:00','2022-12-19 19:11:33','0000-00-00 00:00:00'),(19,'20221219191133rm00t118',1,47621,'y','rm00t',1124,'p',26880,19,'seoul','r','2022-12-20 19:15:00','2022-12-19 19:11:33','0000-00-00 00:00:00'),(20,'20221219191133rm00t119',1,47621,'y','rm00t',1124,'p',26880,20,'seoul','r','2022-12-20 19:15:00','2022-12-19 19:11:33','0000-00-00 00:00:00'),(21,'20221219191133rm00t120',1,47621,'y','rm00t',1124,'p',26880,21,'seoul','r','2022-12-20 19:15:00','2022-12-19 19:11:33','0000-00-00 00:00:00'),(22,'20221219191133rm00t121',1,47621,'y','rm00t',1124,'p',26880,22,'seoul','r','2022-12-20 19:15:00','2022-12-19 19:11:33','0000-00-00 00:00:00'),(23,'20221219191133rm00t122',1,47621,'y','rm00t',1124,'p',26880,23,'seoul','r','2022-12-20 19:15:00','2022-12-19 19:11:33','0000-00-00 00:00:00'),(24,'20221219191133rm00t123',1,47621,'y','rm00t',1124,'p',26880,24,'seoul','r','2022-12-20 19:15:00','2022-12-19 19:11:33','0000-00-00 00:00:00'),(25,'20221219191133rm00t124',1,47621,'y','rm00t',1124,'p',26880,25,'seoul','r','2022-12-20 19:15:00','2022-12-19 19:11:33','0000-00-00 00:00:00'),(26,'20221219191133rm00t125',1,47621,'y','rm00t',1124,'p',26880,26,'seoul','r','2022-12-20 19:15:00','2022-12-19 19:11:33','0000-00-00 00:00:00'),(27,'20221219191133rm00t126',1,47621,'y','rm00t',1124,'p',26880,27,'seoul','r','2022-12-20 19:15:00','2022-12-19 19:11:33','0000-00-00 00:00:00'),(28,'20221219191133rm00t127',1,47621,'y','rm00t',1124,'p',26880,28,'seoul','r','2022-12-20 19:15:00','2022-12-19 19:11:33','0000-00-00 00:00:00'),(29,'20221219191619em00t6',6,47621,'n','em00t',1124,'p',25600,15,'seoul','r','2022-12-20 19:15:00','2022-12-19 19:16:19','2022-12-20 09:55:50'),(30,'20221219191631em00t6',6,47621,'n','em00f',1124,'p',25600,0,'seoul','e','2022-12-20 19:15:00','2022-12-19 19:16:31','2022-12-20 09:13:50'),(40,'20221220101435rm00t10',1,47703,'y','rm00t',1107,'h',20600,3,'jeonju','r','2022-12-20 10:45:00','2022-12-20 10:14:35','2022-12-20 10:14:35'),(41,'20221220101535rm00t10',1,47654,'y','rm00t',1003,'p',26880,3,'seoul','r','2022-12-21 11:30:00','2022-12-20 10:15:35','0000-00-00 00:00:00'),(42,'20221220101535rm00t11',1,47654,'y','rm00t',1003,'p',26880,6,'seoul','r','2022-12-21 11:30:00','2022-12-20 10:15:35','0000-00-00 00:00:00'),(43,'20221220101535rm00t12',1,47654,'n','rm00f',1003,'p',26880,9,'seoul','n','2022-12-21 11:30:00','2022-12-20 10:15:35','2022-12-20 10:23:55'),(67,'20221220102355rm00t10',1,47747,'n','rm00f',1136,'p',25600,3,'jeonju','n','2022-12-21 08:30:00','2022-12-20 10:23:55','2022-12-20 11:33:07'),(68,'20221220113307rm00t10',1,47706,'y','rm00t',1085,'p',25600,3,'jeonju','r','2022-12-20 12:15:00','2022-12-20 11:33:07','2022-12-20 11:33:07'),(69,'20221220115316rm00t10',1,47628,'y','rm00t',1084,'n',16380,36,'seoul','r','2022-12-20 22:45:00','2022-12-20 11:53:16','0000-00-00 00:00:00'),(70,'20221220120712rm00t60',6,47658,'n','rm00t',1064,'p',26880,3,'seoul','r','2022-12-21 13:30:00','2022-12-20 12:07:12','2022-12-20 12:45:56'),(71,'20221220120712rm00t61',6,47658,'n','rm00t',1064,'p',26880,6,'seoul','r','2022-12-21 13:30:00','2022-12-20 12:07:12','2022-12-20 12:46:00'),(72,'20221220120712rm00t62',6,47658,'y','rm00t',1064,'p',26880,9,'seoul','r','2022-12-21 13:30:00','2022-12-20 12:07:12','0000-00-00 00:00:00'),(73,'20221220131205rm00t60',6,47612,'n','rm00t',1041,'n',16380,8,'seoul','r','2022-12-20 14:45:00','2022-12-20 13:12:05','2022-12-20 13:16:03'),(74,'20221220131228rm00t60',6,47610,'n','rm00t',1064,'p',26880,18,'seoul','r','2022-12-20 13:45:00','2022-12-20 13:12:28','2022-12-20 13:13:13'),(75,'20221220132423rm00t60',6,47659,'n','rm00f',1049,'n',16380,3,'seoul','n','2022-12-21 14:00:00','2022-12-20 13:24:23','2022-12-20 16:26:25'),(76,'20221220132445rm00t60',6,47809,'n','rm00t',1049,'n',16695,12,'incheon','r','2022-12-20 14:15:00','2022-12-20 13:24:45','2022-12-20 13:30:05'),(77,'20221220132445rm00t61',6,47809,'y','rm00t',1049,'n',16695,16,'incheon','r','2022-12-20 14:15:00','2022-12-20 13:24:45','0000-00-00 00:00:00'),(78,'20221220132445rm00t62',6,47809,'n','rm00t',1049,'n',16695,20,'incheon','r','2022-12-20 14:15:00','2022-12-20 13:24:45','2022-12-20 13:30:51'),(79,'20221220133622rm00t60',6,47612,'n','rm00t',1041,'n',16380,4,'seoul','r','2022-12-20 14:45:00','2022-12-20 13:36:22','2022-12-20 13:36:30'),(80,'20221220133622rm00t61',6,47612,'y','rm00t',1041,'n',16380,8,'seoul','r','2022-12-20 14:45:00','2022-12-20 13:36:22','0000-00-00 00:00:00'),(81,'20221220133622rm00t62',6,47612,'y','rm00t',1041,'n',16380,12,'seoul','r','2022-12-20 14:45:00','2022-12-20 13:36:22','0000-00-00 00:00:00'),(82,'20221220140819rm00t60',6,47614,'y','rm00t',1032,'h',21630,1,'seoul','r','2022-12-20 15:45:00','2022-12-20 14:08:19','0000-00-00 00:00:00'),(83,'20221220140819rm00t61',6,47614,'y','rm00t',1032,'h',21630,2,'seoul','r','2022-12-20 15:45:00','2022-12-20 14:08:19','0000-00-00 00:00:00'),(84,'20221220140819rm00t62',6,47614,'y','rm00t',1032,'h',21630,3,'seoul','r','2022-12-20 15:45:00','2022-12-20 14:08:19','0000-00-00 00:00:00'),(85,'20221220140819rm00t63',6,47614,'y','rm00t',1032,'h',21630,4,'seoul','r','2022-12-20 15:45:00','2022-12-20 14:08:19','0000-00-00 00:00:00'),(86,'20221220140819rm00t64',6,47614,'y','rm00t',1032,'h',21630,5,'seoul','r','2022-12-20 15:45:00','2022-12-20 14:08:19','0000-00-00 00:00:00'),(87,'20221220140819rm00t65',6,47614,'y','rm00t',1032,'h',21630,6,'seoul','r','2022-12-20 15:45:00','2022-12-20 14:08:19','0000-00-00 00:00:00'),(88,'20221220140819rm00t66',6,47614,'y','rm00t',1032,'h',21630,7,'seoul','r','2022-12-20 15:45:00','2022-12-20 14:08:19','0000-00-00 00:00:00'),(89,'20221220140819rm00t67',6,47614,'y','rm00t',1032,'h',21630,8,'seoul','r','2022-12-20 15:45:00','2022-12-20 14:08:19','0000-00-00 00:00:00'),(90,'20221220140819rm00t68',6,47614,'y','rm00t',1032,'h',21630,9,'seoul','r','2022-12-20 15:45:00','2022-12-20 14:08:19','0000-00-00 00:00:00'),(91,'20221220140819rm00t69',6,47614,'y','rm00t',1032,'h',21630,10,'seoul','r','2022-12-20 15:45:00','2022-12-20 14:08:19','0000-00-00 00:00:00'),(92,'20221220140819rm00t610',6,47614,'y','rm00t',1032,'h',21630,11,'seoul','r','2022-12-20 15:45:00','2022-12-20 14:08:19','0000-00-00 00:00:00'),(93,'20221220140819rm00t611',6,47614,'y','rm00t',1032,'h',21630,12,'seoul','r','2022-12-20 15:45:00','2022-12-20 14:08:19','0000-00-00 00:00:00'),(94,'20221220140819rm00t612',6,47614,'y','rm00t',1032,'h',21630,13,'seoul','r','2022-12-20 15:45:00','2022-12-20 14:08:19','0000-00-00 00:00:00'),(95,'20221220140819rm00t613',6,47614,'y','rm00t',1032,'h',21630,14,'seoul','r','2022-12-20 15:45:00','2022-12-20 14:08:19','0000-00-00 00:00:00'),(96,'20221220140819rm00t614',6,47614,'y','rm00t',1032,'h',21630,15,'seoul','r','2022-12-20 15:45:00','2022-12-20 14:08:19','0000-00-00 00:00:00'),(97,'20221220140819rm00t615',6,47614,'y','rm00t',1032,'h',21630,16,'seoul','r','2022-12-20 15:45:00','2022-12-20 14:08:19','0000-00-00 00:00:00'),(98,'20221220140819rm00t616',6,47614,'y','rm00t',1032,'h',21630,17,'seoul','r','2022-12-20 15:45:00','2022-12-20 14:08:19','0000-00-00 00:00:00'),(99,'20221220140819rm00t617',6,47614,'y','rm00t',1032,'h',21630,18,'seoul','r','2022-12-20 15:45:00','2022-12-20 14:08:19','0000-00-00 00:00:00'),(100,'20221220140819rm00t618',6,47614,'y','rm00t',1032,'h',21630,19,'seoul','r','2022-12-20 15:45:00','2022-12-20 14:08:19','0000-00-00 00:00:00'),(101,'20221220140819rm00t619',6,47614,'y','rm00t',1032,'h',21630,20,'seoul','r','2022-12-20 15:45:00','2022-12-20 14:08:19','0000-00-00 00:00:00'),(102,'20221220140819rm00t620',6,47614,'y','rm00t',1032,'h',21630,21,'seoul','r','2022-12-20 15:45:00','2022-12-20 14:08:19','0000-00-00 00:00:00'),(103,'20221220140819rm00t621',6,47614,'y','rm00t',1032,'h',21630,22,'seoul','r','2022-12-20 15:45:00','2022-12-20 14:08:19','0000-00-00 00:00:00'),(104,'20221220140819rm00t622',6,47614,'y','rm00t',1032,'h',21630,23,'seoul','r','2022-12-20 15:45:00','2022-12-20 14:08:19','0000-00-00 00:00:00'),(105,'20221220140819rm00t623',6,47614,'y','rm00t',1032,'h',21630,24,'seoul','r','2022-12-20 15:45:00','2022-12-20 14:08:19','0000-00-00 00:00:00'),(106,'20221220140819rm00t624',6,47614,'y','rm00t',1032,'h',21630,25,'seoul','r','2022-12-20 15:45:00','2022-12-20 14:08:19','0000-00-00 00:00:00'),(107,'20221220140819rm00t625',6,47614,'y','rm00t',1032,'h',21630,26,'seoul','r','2022-12-20 15:45:00','2022-12-20 14:08:19','0000-00-00 00:00:00'),(108,'20221220140819rm00t626',6,47614,'y','rm00t',1032,'h',21630,27,'seoul','r','2022-12-20 15:45:00','2022-12-20 14:08:19','0000-00-00 00:00:00'),(109,'20221220140819rm00t627',6,47614,'y','rm00t',1032,'h',21630,28,'seoul','r','2022-12-20 15:45:00','2022-12-20 14:08:19','0000-00-00 00:00:00'),(110,'20221220140909em00t6',6,47614,'n','em00f',1032,'h',20600,0,'seoul','e','2022-12-20 15:45:00','2022-12-20 14:09:09','2022-12-20 16:52:17'),(111,'20221220142033rm00t10',1,47971,'y','rm00t',1113,'p',26880,21,'seoul','r','2022-12-21 21:30:00','2022-12-20 14:20:33','0000-00-00 00:00:00'),(112,'20221220142113rm00t10',1,47971,'y','rm00t',1113,'p',26880,24,'seoul','r','2022-12-21 21:30:00','2022-12-20 14:21:13','0000-00-00 00:00:00'),(113,'20221220143319rm00t10',1,47963,'y','rm00t',1981,'h',21945,9,'jeonju','r','2022-12-21 17:30:00','2022-12-20 14:33:19','0000-00-00 00:00:00'),(114,'20221220145403rm00t10',1,47621,'n','rm00f',1124,'p',26880,14,'seoul','r','2022-12-20 19:15:00','2022-12-20 14:54:03','2022-12-20 15:03:51'),(115,'20221220145403rm00t11',1,47621,'n','rm00t',1124,'p',26880,15,'seoul','r','2022-12-20 19:15:00','2022-12-20 14:54:03','2022-12-20 15:00:56'),(116,'20221220145403rm00t12',1,47621,'n','rm00t',1124,'p',26880,16,'seoul','r','2022-12-20 19:15:00','2022-12-20 14:54:03','2022-12-20 14:54:46'),(117,'20221220145429em00t1',1,47621,'n','em00t',1124,'p',25600,16,'seoul','r','2022-12-20 19:15:00','2022-12-20 14:54:29','2022-12-20 14:55:30'),(118,'20221220160329rm00t60',6,47616,'y','rm00t',1024,'n',16380,1,'seoul','r','2022-12-20 16:45:00','2022-12-20 16:03:29','0000-00-00 00:00:00'),(119,'20221220160329rm00t61',6,47616,'y','rm00t',1024,'n',16380,5,'seoul','r','2022-12-20 16:45:00','2022-12-20 16:03:29','0000-00-00 00:00:00'),(120,'20221220160329rm00t62',6,47616,'y','rm00t',1024,'n',16380,9,'seoul','r','2022-12-20 16:45:00','2022-12-20 16:03:29','0000-00-00 00:00:00'),(121,'20221220162625rm00t60',6,47617,'y','rm00t',1075,'p',25600,3,'seoul','r','2022-12-20 17:15:00','2022-12-20 16:26:25','2022-12-20 16:26:25'),(122,'20221220170007rm00t60',6,47621,'n','rm00f',1124,'p',26880,14,'seoul','n','2022-12-20 19:15:00','2022-12-20 17:00:07','2022-12-20 17:09:19'),(123,'20221220170007rm00t61',6,47621,'y','rm00t',1124,'p',26880,15,'seoul','r','2022-12-20 19:15:00','2022-12-20 17:00:07','0000-00-00 00:00:00'),(124,'20221220170007rm00t62',6,47621,'y','rm00t',1124,'p',26880,16,'seoul','r','2022-12-20 19:15:00','2022-12-20 17:00:07','0000-00-00 00:00:00'),(125,'20221220170133em00t6',6,47621,'w','em00t',1124,'p',25600,0,'seoul','e','2022-12-20 19:15:00','2022-12-20 17:01:33','0000-00-00 00:00:00'),(126,'20221220170919rm00t60',6,47620,'n','rm00f',1133,'p',25600,3,'seoul','n','2022-12-20 18:45:00','2022-12-20 17:09:19','2022-12-20 17:11:28'),(127,'20221220171128rm00t60',6,47632,'n','rm00f',1069,'p',25600,12,'seoul','r','2022-12-21 00:30:00','2022-12-20 17:11:28','2022-12-20 17:11:42');
/*!40000 ALTER TABLE `reservation` ENABLE KEYS */;
UNLOCK TABLES;

--
-- Table structure for table `thistory`
--

DROP TABLE IF EXISTS `thistory`;
/*!40101 SET @saved_cs_client     = @@character_set_client */;
/*!50503 SET character_set_client = utf8mb4 */;
CREATE TABLE `thistory` (
  `id` int NOT NULL AUTO_INCREMENT,
  `1_id` int NOT NULL,
  `2_id` int NOT NULL,
  `amount` decimal(19,4) NOT NULL,
  `date` datetime DEFAULT NULL,
  PRIMARY KEY (`id`)
) ENGINE=InnoDB AUTO_INCREMENT=2 DEFAULT CHARSET=utf8mb4 COLLATE=utf8mb4_0900_ai_ci;
/*!40101 SET character_set_client = @saved_cs_client */;

--
-- Dumping data for table `thistory`
--

LOCK TABLES `thistory` WRITE;
/*!40000 ALTER TABLE `thistory` DISABLE KEYS */;
/*!40000 ALTER TABLE `thistory` ENABLE KEYS */;
UNLOCK TABLES;

--
-- Table structure for table `user_account`
--

DROP TABLE IF EXISTS `user_account`;
/*!40101 SET @saved_cs_client     = @@character_set_client */;
/*!50503 SET character_set_client = utf8mb4 */;
CREATE TABLE `user_account` (
  `number` varchar(8) NOT NULL,
  `user_name` varchar(20) DEFAULT NULL,
  `balance` int DEFAULT NULL,
  PRIMARY KEY (`number`)
) ENGINE=InnoDB DEFAULT CHARSET=utf8mb4 COLLATE=utf8mb4_0900_ai_ci;
/*!40101 SET character_set_client = @saved_cs_client */;

--
-- Dumping data for table `user_account`
--

LOCK TABLES `user_account` WRITE;
/*!40000 ALTER TABLE `user_account` DISABLE KEYS */;
/*!40000 ALTER TABLE `user_account` ENABLE KEYS */;
UNLOCK TABLES;

--
-- Table structure for table `user_bank`
--

DROP TABLE IF EXISTS `user_bank`;
/*!40101 SET @saved_cs_client     = @@character_set_client */;
/*!50503 SET character_set_client = utf8mb4 */;
CREATE TABLE `user_bank` (
  `number` varchar(8) NOT NULL,
  `order_no` int NOT NULL,
  `date` date DEFAULT NULL,
  `bank_gb` varchar(1) DEFAULT NULL,
  `bankmoney` int DEFAULT NULL,
  `bank_info` varchar(20) DEFAULT NULL,
  PRIMARY KEY (`number`,`order_no`)
) ENGINE=InnoDB DEFAULT CHARSET=utf8mb4 COLLATE=utf8mb4_0900_ai_ci;
/*!40101 SET character_set_client = @saved_cs_client */;

--
-- Dumping data for table `user_bank`
--

LOCK TABLES `user_bank` WRITE;
/*!40000 ALTER TABLE `user_bank` DISABLE KEYS */;
/*!40000 ALTER TABLE `user_bank` ENABLE KEYS */;
UNLOCK TABLES;

--
-- Table structure for table `user_info`
--

DROP TABLE IF EXISTS `user_info`;
/*!40101 SET @saved_cs_client     = @@character_set_client */;
/*!50503 SET character_set_client = utf8mb4 */;
CREATE TABLE `user_info` (
  `user_num` int unsigned NOT NULL AUTO_INCREMENT COMMENT '유저번호',
  `user_name` varchar(20) NOT NULL COMMENT '유저 이름',
  `user_id` varchar(20) NOT NULL COMMENT '유저 아이디',
  `user_pw` varchar(20) NOT NULL COMMENT '유저 비밀번호',
  `user_phone` int NOT NULL COMMENT '전화번호',
  `user_email` varchar(50) NOT NULL COMMENT '이메일',
  `user_birth` date NOT NULL COMMENT '생일',
  `user_account` varchar(20) NOT NULL COMMENT '유저 출금 계좌',
  `user_account_num` int NOT NULL COMMENT '출금 계좌 번호',
  `last_login_day` datetime NOT NULL COMMENT '마지막 로그인 날짜',
  `reg_day` datetime NOT NULL COMMENT '가입 날짜',
  `status` char(1) DEFAULT 'n' COMMENT '회원 탈퇴 체크  y=탈퇴',
  PRIMARY KEY (`user_num`)
) ENGINE=InnoDB AUTO_INCREMENT=10 DEFAULT CHARSET=utf8mb4 COLLATE=utf8mb4_0900_ai_ci COMMENT='회원정보';
/*!40101 SET character_set_client = @saved_cs_client */;

--
-- Dumping data for table `user_info`
--

LOCK TABLES `user_info` WRITE;
/*!40000 ALTER TABLE `user_info` DISABLE KEYS */;
INSERT INTO `user_info` VALUES (1,'이현민','item1','123',231,'item1@item.com','1999-09-09','농협',4158641,'2022-12-20 18:01:48','2022-12-09 15:02:48','n'),(2,'김현우','item2','',0,'item2@item.com','1999-05-02','',0,'2022-12-14 21:01:07','2022-12-09 15:31:37','y'),(3,'관리자','admin','123',1,'admin@admin.com','2000-09-09','농협',8456416,'2022-12-20 13:59:59','2022-12-11 16:21:46','n'),(4,'버스기사','driver','123',11,'driver@driver.com','2000-02-02','농협',12313,'2022-12-20 15:59:54','2022-12-11 17:00:56','n'),(5,'이이이','item5','',0,'item5@item.com','2022-12-06','',0,'2022-12-15 13:21:29','2022-12-15 13:20:36','y'),(6,'김우연','item6','123',111,'item6@item.com','1999-11-11','농협',15313,'2022-12-20 16:00:20','2022-12-16 15:48:31','n'),(7,'김진우','item7','123',1111,'item7@item.com','1988-08-08','농협',47856946,'2022-12-18 20:25:11','2022-12-18 20:25:05','n'),(8,'진주영','item8','123',41563,'item8@item.com','1999-09-09','농협',4158641,'2022-12-20 15:55:39','2022-12-19 13:36:47','n'),(9,'진경진','item9','123',4586,'item9@item.com','2000-02-02','농협',45864165,'2022-12-20 15:42:34','2022-12-19 13:37:09','n');
/*!40000 ALTER TABLE `user_info` ENABLE KEYS */;
UNLOCK TABLES;

--
-- Table structure for table `user_mile_change_list`
--

DROP TABLE IF EXISTS `user_mile_change_list`;
/*!40101 SET @saved_cs_client     = @@character_set_client */;
/*!50503 SET character_set_client = utf8mb4 */;
CREATE TABLE `user_mile_change_list` (
  `seq` int unsigned NOT NULL AUTO_INCREMENT COMMENT '시퀀스',
  `user_num` int unsigned NOT NULL COMMENT '유저 번호',
  `account_code` char(5) NOT NULL COMMENT '장부코드',
  `trade_code` varchar(30) DEFAULT NULL COMMENT '거래 번호',
  `before_mile` int NOT NULL DEFAULT '0' COMMENT '이전 보유 마일리지',
  `change_mile` int NOT NULL DEFAULT '0' COMMENT '변동금액',
  `after_mile` int unsigned NOT NULL DEFAULT '0' COMMENT '현재 보유 마일리지',
  `change_text` varchar(50) DEFAULT '' COMMENT '변동이유',
  `chagne_day` datetime NOT NULL COMMENT '변동날짜',
  PRIMARY KEY (`seq`)
) ENGINE=InnoDB AUTO_INCREMENT=1892 DEFAULT CHARSET=utf8mb4 COLLATE=utf8mb4_0900_ai_ci COMMENT='마일리지 변동내역';
/*!40101 SET character_set_client = @saved_cs_client */;

--
-- Dumping data for table `user_mile_change_list`
--

LOCK TABLES `user_mile_change_list` WRITE;
/*!40000 ALTER TABLE `user_mile_change_list` DISABLE KEYS */;
INSERT INTO `user_mile_change_list` VALUES (1707,1,'ca01t','20221219190033ca01t1',0,450000,450000,'','2022-12-19 19:00:33'),(1708,1,'ca02t','20221219190155ca02t1',450000,900000,1350000,'','2022-12-19 19:01:55'),(1709,1,'rm00t','20221219191133rm00t10',1350000,26880,1323120,'','2022-12-19 19:11:33'),(1710,1,'rm00t','20221219191133rm00t11',1323120,26880,1296240,'','2022-12-19 19:11:33'),(1711,1,'rm00t','20221219191133rm00t12',1296240,26880,1269360,'','2022-12-19 19:11:33'),(1712,1,'rm00t','20221219191133rm00t13',1269360,26880,1242480,'','2022-12-19 19:11:33'),(1713,1,'rm00t','20221219191133rm00t14',1242480,26880,1215600,'','2022-12-19 19:11:33'),(1714,1,'rm00t','20221219191133rm00t15',1215600,26880,1188720,'','2022-12-19 19:11:33'),(1715,1,'rm00t','20221219191133rm00t16',1188720,26880,1161840,'','2022-12-19 19:11:33'),(1716,1,'rm00t','20221219191133rm00t17',1161840,26880,1134960,'','2022-12-19 19:11:33'),(1717,1,'rm00t','20221219191133rm00t18',1134960,26880,1108080,'','2022-12-19 19:11:33'),(1718,1,'rm00t','20221219191133rm00t19',1108080,26880,1081200,'','2022-12-19 19:11:33'),(1719,1,'rm00t','20221219191133rm00t110',1081200,26880,1054320,'','2022-12-19 19:11:33'),(1720,1,'rm00t','20221219191133rm00t111',1054320,26880,1027440,'','2022-12-19 19:11:33'),(1721,1,'rm00t','20221219191133rm00t112',1027440,26880,1000560,'','2022-12-19 19:11:33'),(1722,1,'rm00t','20221219191133rm00t113',1000560,26880,973680,'','2022-12-19 19:11:33'),(1723,1,'rm00t','20221219191133rm00t114',973680,26880,946800,'','2022-12-19 19:11:33'),(1724,1,'rm00t','20221219191133rm00t115',946800,26880,919920,'','2022-12-19 19:11:33'),(1725,1,'rm00t','20221219191133rm00t116',919920,26880,893040,'','2022-12-19 19:11:33'),(1726,1,'rm00t','20221219191133rm00t117',893040,26880,866160,'','2022-12-19 19:11:33'),(1727,1,'rm00t','20221219191133rm00t118',866160,26880,839280,'','2022-12-19 19:11:33'),(1728,1,'rm00t','20221219191133rm00t119',839280,26880,812400,'','2022-12-19 19:11:33'),(1729,1,'rm00t','20221219191133rm00t120',812400,26880,785520,'','2022-12-19 19:11:33'),(1730,1,'rm00t','20221219191133rm00t121',785520,26880,758640,'','2022-12-19 19:11:33'),(1731,1,'rm00t','20221219191133rm00t122',758640,26880,731760,'','2022-12-19 19:11:33'),(1732,1,'rm00t','20221219191133rm00t123',731760,26880,704880,'','2022-12-19 19:11:33'),(1733,1,'rm00t','20221219191133rm00t124',704880,26880,678000,'','2022-12-19 19:11:33'),(1734,1,'rm00t','20221219191133rm00t125',678000,26880,651120,'','2022-12-19 19:11:33'),(1735,1,'rm00t','20221219191133rm00t126',651120,26880,624240,'','2022-12-19 19:11:33'),(1736,1,'rm00t','20221219191133rm00t127',624240,26880,597360,'','2022-12-19 19:11:33'),(1737,6,'ca01t','20221219191608ca01t6',0,900000,900000,'','2022-12-19 19:16:08'),(1738,1,'rm00f','20221219191723rm00f1',597360,26880,624240,'','2022-12-19 19:17:23'),(1739,6,'em00t','20221219191619em00t6',900000,26880,873120,'','2022-12-19 19:17:23'),(1746,6,'rm00f','20221220095550rm00f6',873120,25600,898720,'','2022-12-20 09:55:50'),(1747,1,'rm00f','20221220100641rm00f1',624240,26880,651120,'','2022-12-20 10:06:41'),(1751,1,'rm00f','20221220101435rm00f1',651120,26880,678000,'','2022-12-20 10:14:35'),(1752,1,'rm00t','20221220101435rm00t10',678000,21630,656370,'','2022-12-20 10:14:35'),(1753,1,'rm00t','20221220101535rm00t10',656370,26880,629490,'','2022-12-20 10:15:35'),(1754,1,'rm00t','20221220101535rm00t11',629490,26880,602610,'','2022-12-20 10:15:35'),(1755,1,'rm00t','20221220101535rm00t12',602610,26880,575730,'','2022-12-20 10:15:35'),(1802,1,'rm00f','20221220102355rm00f1',575730,26880,602610,'','2022-12-20 10:23:55'),(1803,1,'rm00t','20221220102355rm00t10',602610,26880,575730,'','2022-12-20 10:23:55'),(1804,1,'rm00f','20221220113307rm00f1',575730,25600,601330,'','2022-12-20 11:33:07'),(1805,1,'rm00t','20221220113307rm00t10',601330,26880,574450,'','2022-12-20 11:33:07'),(1806,1,'rm00t','20221220115316rm00t10',574450,16380,558070,'','2022-12-20 11:53:16'),(1807,6,'rm00t','20221220120712rm00t60',898720,26880,871840,'','2022-12-20 12:07:12'),(1808,6,'rm00t','20221220120712rm00t61',871840,26880,844960,'','2022-12-20 12:07:12'),(1809,6,'rm00t','20221220120712rm00t62',844960,26880,818080,'','2022-12-20 12:07:12'),(1810,6,'rm00f','20221220124556rm00f6',818080,26880,844960,'','2022-12-20 12:45:56'),(1811,6,'rm00f','20221220124600rm00f6',844960,26880,871840,'','2022-12-20 12:46:00'),(1812,6,'rm00t','20221220131205rm00t60',871840,16380,855460,'','2022-12-20 13:12:05'),(1813,6,'rm00t','20221220131228rm00t60',855460,26880,828580,'','2022-12-20 13:12:28'),(1814,6,'rm00f','20221220131313rm00f6',828580,26240,854820,'','2022-12-20 13:13:13'),(1815,6,'rm00f','20221220131603rm00f6',854820,11466,866286,'','2022-12-20 13:16:03'),(1816,6,'rm00t','20221220132423rm00t60',866286,16380,849906,'','2022-12-20 13:24:23'),(1817,6,'rm00t','20221220132445rm00t60',849906,16695,833211,'','2022-12-20 13:24:45'),(1818,6,'rm00t','20221220132445rm00t61',833211,16695,816516,'','2022-12-20 13:24:45'),(1819,6,'rm00t','20221220132445rm00t62',816516,16695,799821,'','2022-12-20 13:24:45'),(1820,6,'rm00f','20221220133005rm00f6',799821,8348,808169,'','2022-12-20 13:30:05'),(1821,6,'rm00f','20221220133051rm00f6',808169,8348,816517,'','2022-12-20 13:30:51'),(1822,6,'rm00t','20221220133622rm00t60',816517,16380,800137,'','2022-12-20 13:36:22'),(1823,6,'rm00t','20221220133622rm00t61',800137,16380,783757,'','2022-12-20 13:36:22'),(1824,6,'rm00t','20221220133622rm00t62',783757,16380,767377,'','2022-12-20 13:36:22'),(1825,6,'rm00f','20221220133630rm00f6',767377,11466,778843,'','2022-12-20 13:36:30'),(1826,6,'rm00t','20221220140819rm00t60',778843,21630,757213,'','2022-12-20 14:08:19'),(1827,6,'rm00t','20221220140819rm00t61',757213,21630,735583,'','2022-12-20 14:08:19'),(1828,6,'rm00t','20221220140819rm00t62',735583,21630,713953,'','2022-12-20 14:08:19'),(1829,6,'rm00t','20221220140819rm00t63',713953,21630,692323,'','2022-12-20 14:08:19'),(1830,6,'rm00t','20221220140819rm00t64',692323,21630,670693,'','2022-12-20 14:08:19'),(1831,6,'rm00t','20221220140819rm00t65',670693,21630,649063,'','2022-12-20 14:08:19'),(1832,6,'rm00t','20221220140819rm00t66',649063,21630,627433,'','2022-12-20 14:08:19'),(1833,6,'rm00t','20221220140819rm00t67',627433,21630,605803,'','2022-12-20 14:08:19'),(1834,6,'rm00t','20221220140819rm00t68',605803,21630,584173,'','2022-12-20 14:08:19'),(1835,6,'rm00t','20221220140819rm00t69',584173,21630,562543,'','2022-12-20 14:08:19'),(1836,6,'rm00t','20221220140819rm00t610',562543,21630,540913,'','2022-12-20 14:08:19'),(1837,6,'rm00t','20221220140819rm00t611',540913,21630,519283,'','2022-12-20 14:08:19'),(1838,6,'rm00t','20221220140819rm00t612',519283,21630,497653,'','2022-12-20 14:08:19'),(1839,6,'rm00t','20221220140819rm00t613',497653,21630,476023,'','2022-12-20 14:08:19'),(1840,6,'rm00t','20221220140819rm00t614',476023,21630,454393,'','2022-12-20 14:08:19'),(1841,6,'rm00t','20221220140819rm00t615',454393,21630,432763,'','2022-12-20 14:08:19'),(1842,6,'rm00t','20221220140819rm00t616',432763,21630,411133,'','2022-12-20 14:08:19'),(1843,6,'rm00t','20221220140819rm00t617',411133,21630,389503,'','2022-12-20 14:08:19'),(1844,6,'rm00t','20221220140819rm00t618',389503,21630,367873,'','2022-12-20 14:08:19'),(1845,6,'rm00t','20221220140819rm00t619',367873,21630,346243,'','2022-12-20 14:08:19'),(1846,6,'rm00t','20221220140819rm00t620',346243,21630,324613,'','2022-12-20 14:08:19'),(1847,6,'rm00t','20221220140819rm00t621',324613,21630,302983,'','2022-12-20 14:08:19'),(1848,6,'rm00t','20221220140819rm00t622',302983,21630,281353,'','2022-12-20 14:08:19'),(1849,6,'rm00t','20221220140819rm00t623',281353,21630,259723,'','2022-12-20 14:08:19'),(1850,6,'rm00t','20221220140819rm00t624',259723,21630,238093,'','2022-12-20 14:08:19'),(1851,6,'rm00t','20221220140819rm00t625',238093,21630,216463,'','2022-12-20 14:08:19'),(1852,6,'rm00t','20221220140819rm00t626',216463,21630,194833,'','2022-12-20 14:08:19'),(1853,6,'rm00t','20221220140819rm00t627',194833,21630,173203,'','2022-12-20 14:08:19'),(1854,6,'ca01t','20221220141028ca01t6',173203,5400,178603,'','2022-12-20 14:10:28'),(1855,6,'ca02t','20221220141033ca02t6',178603,13500,192103,'','2022-12-20 14:10:33'),(1856,6,'ca03t','20221220141037ca03t6',192103,27000,219103,'','2022-12-20 14:10:37'),(1857,6,'wa01t','20221220141045wa01t6',219103,10000,209103,'','2022-12-20 14:10:45'),(1858,6,'wa02t','20221220141049wa02t6',209103,6000,203103,'','2022-12-20 14:10:49'),(1859,6,'ca02t','20221220141053ca02t6',203103,8100,211203,'','2022-12-20 14:10:53'),(1860,6,'wa03t','20221220141057wa03t6',211203,10000,201203,'','2022-12-20 14:10:57'),(1861,1,'rm00t','20221220142033rm00t10',558070,26880,531190,'','2022-12-20 14:20:33'),(1862,1,'rm00t','20221220142113rm00t10',531190,26880,504310,'','2022-12-20 14:21:13'),(1863,1,'rm00t','20221220143319rm00t10',504310,21945,482365,'','2022-12-20 14:33:19'),(1864,1,'rm00t','20221220145403rm00t10',482365,26880,455485,'','2022-12-20 14:54:03'),(1865,1,'rm00t','20221220145403rm00t11',455485,26880,428605,'','2022-12-20 14:54:03'),(1866,1,'rm00t','20221220145403rm00t12',428605,26880,401725,'','2022-12-20 14:54:03'),(1867,1,'rm00f','20221220145446rm00f1',401725,26880,428605,'','2022-12-20 14:54:46'),(1868,1,'em00t','20221220145429em00t1',428605,26880,401725,'','2022-12-20 14:54:46'),(1869,1,'rm00f','20221220145530rm00f1',401725,25600,427325,'','2022-12-20 14:55:30'),(1870,1,'rm00f','20221220150056rm00f1',427325,26880,454205,'','2022-12-20 15:00:56'),(1871,1,'rm00f','20221220150351rm00f1',454205,26880,481085,'','2022-12-20 15:03:51'),(1872,8,'ca01t','20221220155558ca01t8',0,81000,81000,'','2022-12-20 15:55:58'),(1873,8,'ca02t','20221220155603ca02t8',81000,45000,126000,'','2022-12-20 15:56:03'),(1874,8,'ca02t','20221220155607ca02t8',126000,63000,189000,'','2022-12-20 15:56:07'),(1875,8,'wa01t','20221220155611wa01t8',189000,4000,185000,'','2022-12-20 15:56:11'),(1876,8,'wa02t','20221220155618wa02t8',185000,21000,164000,'','2022-12-20 15:56:18'),(1877,8,'wa03t','20221220155622wa03t8',164000,8000,156000,'','2022-12-20 15:56:22'),(1878,6,'rm00t','20221220160329rm00t60',201203,16380,184823,'','2022-12-20 16:03:29'),(1879,6,'rm00t','20221220160329rm00t61',184823,16380,168443,'','2022-12-20 16:03:29'),(1880,6,'rm00t','20221220160329rm00t62',168443,16380,152063,'','2022-12-20 16:03:29'),(1881,6,'rm00f','20221220162625rm00f6',152063,16380,168443,'','2022-12-20 16:26:25'),(1882,6,'rm00t','20221220162625rm00t60',168443,26880,141563,'','2022-12-20 16:26:25'),(1883,6,'ca01t','20221220165949ca01t6',141563,900000,1041563,'','2022-12-20 16:59:49'),(1884,6,'rm00t','20221220170007rm00t60',1041563,26880,1014683,'','2022-12-20 17:00:07'),(1885,6,'rm00t','20221220170007rm00t61',1014683,26880,987803,'','2022-12-20 17:00:07'),(1886,6,'rm00t','20221220170007rm00t62',987803,26880,960923,'','2022-12-20 17:00:07'),(1887,6,'rm00f','20221220170919rm00f6',960923,26880,987803,'','2022-12-20 17:09:19'),(1888,6,'rm00t','20221220170919rm00t60',987803,26880,960923,'','2022-12-20 17:09:19'),(1889,6,'rm00f','20221220171128rm00f6',960923,25600,986523,'','2022-12-20 17:11:28'),(1890,6,'rm00t','20221220171128rm00t60',986523,26880,959643,'','2022-12-20 17:11:28'),(1891,6,'rm00f','20221220171142rm00f6',959643,25600,985243,'','2022-12-20 17:11:42');
/*!40000 ALTER TABLE `user_mile_change_list` ENABLE KEYS */;
UNLOCK TABLES;

--
-- Table structure for table `user_mileage`
--

DROP TABLE IF EXISTS `user_mileage`;
/*!40101 SET @saved_cs_client     = @@character_set_client */;
/*!50503 SET character_set_client = utf8mb4 */;
CREATE TABLE `user_mileage` (
  `user_num` int NOT NULL COMMENT '유저 번호',
  `account_code` char(5) NOT NULL COMMENT '장부 코드',
  `own_mile` int unsigned NOT NULL DEFAULT '0' COMMENT '보유중인 마일리지',
  `change_day` datetime NOT NULL COMMENT '마지막 변동일',
  PRIMARY KEY (`user_num`,`account_code`)
) ENGINE=InnoDB DEFAULT CHARSET=utf8mb4 COLLATE=utf8mb4_0900_ai_ci COMMENT='사용자 마일리지';
/*!40101 SET character_set_client = @saved_cs_client */;

--
-- Dumping data for table `user_mileage`
--

LOCK TABLES `user_mileage` WRITE;
/*!40000 ALTER TABLE `user_mileage` DISABLE KEYS */;
INSERT INTO `user_mileage` VALUES (1,'ca01t',0,'2022-12-19 19:11:33'),(1,'ca02t',241725,'2022-12-20 14:54:46'),(1,'rm00f',239360,'2022-12-20 15:03:51'),(6,'ca01t',765600,'2022-12-20 17:11:28'),(6,'ca02t',21600,'2022-12-20 14:10:53'),(6,'ca03t',27000,'2022-12-20 14:10:37'),(6,'rm00f',171043,'2022-12-20 17:11:42'),(8,'ca01t',48000,'2022-12-20 15:56:22'),(8,'ca02t',108000,'2022-12-20 15:56:07');
/*!40000 ALTER TABLE `user_mileage` ENABLE KEYS */;
UNLOCK TABLES;
/*!40103 SET TIME_ZONE=@OLD_TIME_ZONE */;

/*!40101 SET SQL_MODE=@OLD_SQL_MODE */;
/*!40014 SET FOREIGN_KEY_CHECKS=@OLD_FOREIGN_KEY_CHECKS */;
/*!40014 SET UNIQUE_CHECKS=@OLD_UNIQUE_CHECKS */;
/*!40101 SET CHARACTER_SET_CLIENT=@OLD_CHARACTER_SET_CLIENT */;
/*!40101 SET CHARACTER_SET_RESULTS=@OLD_CHARACTER_SET_RESULTS */;
/*!40101 SET COLLATION_CONNECTION=@OLD_COLLATION_CONNECTION */;
/*!40111 SET SQL_NOTES=@OLD_SQL_NOTES */;

-- Dump completed on 2022-12-20 20:40:09
