-- MySQL dump 10.13  Distrib 8.0.30, for Linux (x86_64)
--
-- Host: localhost    Database: dev_test
-- ------------------------------------------------------
-- Server version	8.0.30

/*!40101 SET @OLD_CHARACTER_SET_CLIENT=@@CHARACTER_SET_CLIENT */;
/*!40101 SET @OLD_CHARACTER_SET_RESULTS=@@CHARACTER_SET_RESULTS */;
/*!40101 SET @OLD_COLLATION_CONNECTION=@@COLLATION_CONNECTION */;
/*!50503 SET NAMES utf8mb4 */;
/*!40103 SET @OLD_TIME_ZONE=@@TIME_ZONE */;
/*!40103 SET TIME_ZONE='+00:00' */;
/*!40014 SET @OLD_UNIQUE_CHECKS=@@UNIQUE_CHECKS, UNIQUE_CHECKS=0 */;
/*!40014 SET @OLD_FOREIGN_KEY_CHECKS=@@FOREIGN_KEY_CHECKS, FOREIGN_KEY_CHECKS=0 */;
/*!40101 SET @OLD_SQL_MODE=@@SQL_MODE, SQL_MODE='NO_AUTO_VALUE_ON_ZERO' */;
/*!40111 SET @OLD_SQL_NOTES=@@SQL_NOTES, SQL_NOTES=0 */;

--
-- Table structure for table `account_book`
--

DROP TABLE IF EXISTS `account_book`;
/*!40101 SET @saved_cs_client     = @@character_set_client */;
/*!50503 SET character_set_client = utf8mb4 */;
CREATE TABLE `account_book` (
  `trade_code` varchar(30) NOT NULL,
  `user_num` int unsigned NOT NULL COMMENT '유저번호',
  `user_id` varchar(20) NOT NULL COMMENT '유저아이디',
  `user_name` varchar(20) NOT NULL COMMENT '유저이름',
  `account_code` char(5) NOT NULL COMMENT '장부코드\n',
  `trade_type` char(1) NOT NULL COMMENT '예매 = y, 예매취소 = n, , 충전 = c, 출금 = w',
  `summary_text` varchar(100) DEFAULT NULL,
  `payment_type` char(1) NOT NULL COMMENT '결제 방법 a=계좌 m=마일리지, p=모바일',
  `before_mile` int NOT NULL DEFAULT '0' COMMENT '변동 전 마일리지',
  `change_mile` int unsigned NOT NULL DEFAULT '0' COMMENT '변동 마일리지',
  `after_mile` int unsigned NOT NULL DEFAULT '0' COMMENT '변동 후 마일리지',
  `commission` int unsigned NOT NULL DEFAULT '0' COMMENT '수수료',
  `reg_day` datetime NOT NULL COMMENT '등록일',
  PRIMARY KEY (`trade_code`)
) ENGINE=InnoDB DEFAULT CHARSET=utf8mb4 COLLATE=utf8mb4_0900_ai_ci COMMENT='매출 장부';
/*!40101 SET character_set_client = @saved_cs_client */;

--
-- Dumping data for table `account_book`
--

LOCK TABLES `account_book` WRITE;
/*!40000 ALTER TABLE `account_book` DISABLE KEYS */;
INSERT INTO `account_book` VALUES ('20221216161240ca01t1',1,'item1','이현민','ca01t','c',NULL,'a',0,900000,900000,100000,'2022-12-16 16:12:40'),('20221216161247ca02t1',1,'item1','이현민','ca02t','c',NULL,'a',900000,810000,1710000,90000,'2022-12-16 16:12:47'),('20221216161251ca03t1',1,'item1','이현민','ca03t','c',NULL,'a',1710000,270000,1980000,30000,'2022-12-16 16:12:51'),('20221216174328ca01t1',1,'item1','이현민','ca01t','c',NULL,'a',1980000,8991,1988991,999,'2022-12-16 17:43:28'),('20221216174407rm00t10',1,'item1','이현민','rm00t','r',NULL,'m',1988991,16380,1972611,780,'2022-12-16 17:44:07'),('20221216174407rm00t11',1,'item1','이현민','rm00t','r',NULL,'m',1972611,16380,1956231,780,'2022-12-16 17:44:07'),('20221216174407rm00t12',1,'item1','이현민','rm00t','r',NULL,'m',1972611,16380,1956231,780,'2022-12-16 17:44:07'),('20221216174435rm00t10',1,'item1','이현민','rm00t','r',NULL,'m',1972611,16380,1956231,780,'2022-12-16 17:44:35'),('20221216174435rm00t11',1,'item1','이현민','rm00t','r',NULL,'m',1956231,16380,1939851,780,'2022-12-16 17:44:35'),('20221216174435rm00t12',1,'item1','이현민','rm00t','r',NULL,'m',1939851,16380,1923471,780,'2022-12-16 17:44:35'),('20221216174452rm00t10',1,'item1','이현민','rm00t','r',NULL,'m',1923471,16380,1907091,780,'2022-12-16 17:44:52'),('20221216174452rm00t11',1,'item1','이현민','rm00t','r',NULL,'m',1907091,16380,1890711,780,'2022-12-16 17:44:52'),('20221216174452rm00t12',1,'item1','이현민','rm00t','r',NULL,'m',1907091,16380,1890711,780,'2022-12-16 17:44:52'),('20221216174555rm00f1',1,'item1','이현민','rm00f','n',NULL,'m',1907091,16380,1923471,780,'2022-12-16 17:45:55'),('20221216174555rm00t10',1,'item1','이현민','rm00t','r',NULL,'m',1923471,21630,1901841,1030,'2022-12-16 17:45:55'),('20221216174739rm00f1',1,'item1','이현민','rm00f','n',NULL,'m',1901841,16380,1918221,780,'2022-12-16 17:47:39'),('20221216174739rm00t10',1,'item1','이현민','rm00t','r',NULL,'m',1918221,16380,1901841,780,'2022-12-16 17:47:39'),('20221216175029rm00f1',1,'item1','이현민','rm00f','n',NULL,'m',1918221,16380,1934601,0,'2022-12-16 17:50:29'),('20221216175032rm00f1',1,'item1','이현민','rm00f','n',NULL,'m',1934601,16380,1950981,0,'2022-12-16 17:50:32'),('20221216175035rm00f1',1,'item1','이현민','rm00f','n',NULL,'m',1950981,16380,1967361,0,'2022-12-16 17:50:35'),('20221216175039rm00f1',1,'item1','이현민','rm00f','n',NULL,'m',1967361,15600,1982961,0,'2022-12-16 17:50:39'),('20221216175322rm00t10',1,'item1','이현민','rm00t','r',NULL,'m',1982961,16380,1966581,780,'2022-12-16 17:53:22'),('20221216175340ca02t6',6,'item6','김우연','ca02t','c',NULL,'a',0,450000,450000,50000,'2022-12-16 17:53:40'),('20221216175948ca01t6',6,'item6','김우연','ca01t','c',NULL,'a',450000,720000,1170000,80000,'2022-12-16 17:59:48'),('20221216180024ca01t6',6,'item6','김우연','ca01t','c',NULL,'a',1170000,450000,1620000,50000,'2022-12-16 18:00:24'),('20221218165312rm00t10',1,'item1','이현민','rm00t','r',NULL,'m',1966581,16380,1950201,780,'2022-12-18 16:53:12'),('20221218165312rm00t11',1,'item1','이현민','rm00t','r',NULL,'m',1950201,16380,1933821,780,'2022-12-18 16:53:12'),('20221218165313rm00t10',1,'item1','이현민','rm00t','r',NULL,'m',1950201,16380,1933821,780,'2022-12-18 16:53:13'),('20221218165313rm00t11',1,'item1','이현민','rm00t','r',NULL,'m',1933821,16380,1917441,780,'2022-12-18 16:53:13'),('20221218165935ca01t1',1,'item1','이현민','ca01t','c',NULL,'a',1917441,45000,1962441,5000,'2022-12-18 16:59:35'),('20221218181848rm00t10',1,'item1','이현민','rm00t','r',NULL,'m',1962441,21630,1940811,1030,'2022-12-18 18:18:48'),('20221218181848rm00t11',1,'item1','이현민','rm00t','r',NULL,'m',1940811,21630,1919181,1030,'2022-12-18 18:18:48'),('20221218183241rm00t10',1,'item1','이현민','rm00t','r',NULL,'m',1919181,26880,1892301,1280,'2022-12-18 18:32:41'),('20221218183241rm00t11',1,'item1','이현민','rm00t','r',NULL,'m',1892301,26880,1865421,1280,'2022-12-18 18:32:41'),('20221218191603rm00t10',1,'item1','이현민','rm00t','r',NULL,'m',1892301,26880,1865421,1280,'2022-12-18 19:16:14'),('20221218191722rm00t10',1,'item1','이현민','rm00t','r',NULL,'m',1865421,26880,1838541,1280,'2022-12-18 19:17:22'),('20221218191722rm00t11',1,'item1','이현민','rm00t','r',NULL,'m',1838541,26880,1811661,1280,'2022-12-18 19:17:22'),('20221218191722rm00t110',1,'item1','이현민','rm00t','r',NULL,'m',1838541,26880,1811661,1280,'2022-12-18 19:17:22'),('20221218191722rm00t111',1,'item1','이현민','rm00t','r',NULL,'m',1838541,26880,1811661,1280,'2022-12-18 19:17:22'),('20221218191722rm00t112',1,'item1','이현민','rm00t','r',NULL,'m',1838541,26880,1811661,1280,'2022-12-18 19:17:22'),('20221218191722rm00t113',1,'item1','이현민','rm00t','r',NULL,'m',1838541,26880,1811661,1280,'2022-12-18 19:17:22'),('20221218191722rm00t114',1,'item1','이현민','rm00t','r',NULL,'m',1838541,26880,1811661,1280,'2022-12-18 19:17:22'),('20221218191722rm00t115',1,'item1','이현민','rm00t','r',NULL,'m',1838541,26880,1811661,1280,'2022-12-18 19:17:22'),('20221218191722rm00t116',1,'item1','이현민','rm00t','r',NULL,'m',1838541,26880,1811661,1280,'2022-12-18 19:17:22'),('20221218191722rm00t117',1,'item1','이현민','rm00t','r',NULL,'m',1838541,26880,1811661,1280,'2022-12-18 19:17:22'),('20221218191722rm00t118',1,'item1','이현민','rm00t','r',NULL,'m',1838541,26880,1811661,1280,'2022-12-18 19:17:22'),('20221218191722rm00t119',1,'item1','이현민','rm00t','r',NULL,'m',1838541,26880,1811661,1280,'2022-12-18 19:17:22'),('20221218191722rm00t12',1,'item1','이현민','rm00t','r',NULL,'m',1838541,26880,1811661,1280,'2022-12-18 19:17:22'),('20221218191722rm00t120',1,'item1','이현민','rm00t','r',NULL,'m',1838541,26880,1811661,1280,'2022-12-18 19:17:22'),('20221218191722rm00t121',1,'item1','이현민','rm00t','r',NULL,'m',1838541,26880,1811661,1280,'2022-12-18 19:17:22'),('20221218191722rm00t122',1,'item1','이현민','rm00t','r',NULL,'m',1838541,26880,1811661,1280,'2022-12-18 19:17:22'),('20221218191722rm00t123',1,'item1','이현민','rm00t','r',NULL,'m',1838541,26880,1811661,1280,'2022-12-18 19:17:22'),('20221218191722rm00t124',1,'item1','이현민','rm00t','r',NULL,'m',1838541,26880,1811661,1280,'2022-12-18 19:17:22'),('20221218191722rm00t13',1,'item1','이현민','rm00t','r',NULL,'m',1838541,26880,1811661,1280,'2022-12-18 19:17:22'),('20221218191722rm00t14',1,'item1','이현민','rm00t','r',NULL,'m',1838541,26880,1811661,1280,'2022-12-18 19:17:22'),('20221218191722rm00t15',1,'item1','이현민','rm00t','r',NULL,'m',1838541,26880,1811661,1280,'2022-12-18 19:17:22'),('20221218191722rm00t16',1,'item1','이현민','rm00t','r',NULL,'m',1838541,26880,1811661,1280,'2022-12-18 19:17:22'),('20221218191722rm00t17',1,'item1','이현민','rm00t','r',NULL,'m',1838541,26880,1811661,1280,'2022-12-18 19:17:22'),('20221218191722rm00t18',1,'item1','이현민','rm00t','r',NULL,'m',1838541,26880,1811661,1280,'2022-12-18 19:17:22'),('20221218191722rm00t19',1,'item1','이현민','rm00t','r',NULL,'m',1838541,26880,1811661,1280,'2022-12-18 19:17:22'),('20221218201434ca01t6',6,'item6','김우연','ca01t','c',NULL,'a',1620000,450000,2070000,50000,'2022-12-18 20:14:34'),('20221218201443ca01t6',6,'item6','김우연','ca01t','c',NULL,'a',2070000,450000,2520000,50000,'2022-12-18 20:14:43'),('20221218201547ca02t6',6,'item6','김우연','ca02t','c',NULL,'a',2520000,450000,2970000,50000,'2022-12-18 20:15:47'),('20221218202516ca01t7',7,'item7','김진우','ca01t','c',NULL,'a',0,54000,54000,6000,'2022-12-18 20:25:16'),('20221218202519ca01t7',7,'item7','김진우','ca01t','c',NULL,'a',54000,450000,504000,50000,'2022-12-18 20:25:19'),('20221218202523ca03t7',7,'item7','김진우','ca03t','c',NULL,'a',504000,18000,522000,2000,'2022-12-18 20:25:23');
/*!40000 ALTER TABLE `account_book` ENABLE KEYS */;
UNLOCK TABLES;

--
-- Table structure for table `account_code_info`
--

DROP TABLE IF EXISTS `account_code_info`;
/*!40101 SET @saved_cs_client     = @@character_set_client */;
/*!50503 SET character_set_client = utf8mb4 */;
CREATE TABLE `account_code_info` (
  `type1` char(1) NOT NULL COMMENT 'step1 - c=충전, w=출금, r=예매, e=예매예약\n\n',
  `type2` char(1) NOT NULL COMMENT 'a=계좌, m=마일리지, p=핸드폰',
  `type3` char(2) NOT NULL COMMENT 'step3 00=일반, 01=농협, 02=우리은행 03=카카오뱅크, 05=이벤트',
  `type4` char(1) NOT NULL COMMENT 'a=완료 c=취소',
  `type1_comment` varchar(30) NOT NULL COMMENT 'type1 코멘트',
  `type2_comment` varchar(30) NOT NULL COMMENT 'type2 코멘트',
  `type3_comment` varchar(30) NOT NULL COMMENT 'type3 코멘트',
  `type4_comment` varchar(30) NOT NULL COMMENT 'tpye4 코멘트',
  PRIMARY KEY (`type1`,`type2`,`type3`,`type4`)
) ENGINE=InnoDB DEFAULT CHARSET=utf8mb4 COLLATE=utf8mb4_0900_ai_ci COMMENT='장부 코드';
/*!40101 SET character_set_client = @saved_cs_client */;

--
-- Dumping data for table `account_code_info`
--

LOCK TABLES `account_code_info` WRITE;
/*!40000 ALTER TABLE `account_code_info` DISABLE KEYS */;
INSERT INTO `account_code_info` VALUES ('c','a','01','t','충전','계좌','농협','완료'),('c','a','02','t','충전','계좌','우리은행','완료'),('c','a','03','t','충전','계좌','카카오뱅크','완료'),('c','m','00','t','충전','마일리지','일반','완료'),('c','m','05','t','충전','마일리지','이벤트','완료'),('c','p','00','t','충전','핸드폰','일반','완료'),('e','a','01','f','예약','계좌','농협','취소'),('e','a','01','t','예약','계좌','농협','완료'),('e','a','02','f','예약','계좌','우리은행','취소'),('e','a','02','t','예약','계좌','우리은행','완료'),('e','a','03','f','예약','계좌','카카오뱅크','취소'),('e','a','03','t','예약','계좌','카카오뱅크','완료'),('e','m','00','f','예약','마일리지','일반','취소'),('e','m','00','t','예약','마일리지','일반','완료'),('e','m','05','f','예약','마일리지','이벤트','취소'),('e','m','05','t','예약','마일리지','이벤트','완료'),('r','a','01','f','예매','계좌','농협','취소'),('r','a','01','t','예매','계좌','농협','완료'),('r','a','02','f','예매','계좌','우리은행','취소'),('r','a','02','t','예매','계좌','우리은행','완료'),('r','a','03','f','예매','계좌','카카오뱅크','취소'),('r','a','03','t','예매','계좌','카카오뱅크','완료'),('r','m','00','f','예매','마일리지','일반','취소'),('r','m','00','t','예매','마일리지','일반','완료'),('r','m','05','f','예매','마일리지','이벤트','취소'),('r','m','05','t','예매','마일리지','이벤트','완료'),('w','a','01','t','출금','계좌','농협','완료'),('w','a','02','t','출금','계좌','우리은행','완료'),('w','a','03','t','출금','계좌','카카오뱅크','완료');
/*!40000 ALTER TABLE `account_code_info` ENABLE KEYS */;
UNLOCK TABLES;

--
-- Table structure for table `accum_mile`
--

DROP TABLE IF EXISTS `accum_mile`;
/*!40101 SET @saved_cs_client     = @@character_set_client */;
/*!50503 SET character_set_client = utf8mb4 */;
CREATE TABLE `accum_mile` (
  `seq` int unsigned NOT NULL AUTO_INCREMENT,
  `user_num` int NOT NULL,
  `account_code` char(5) NOT NULL COMMENT '장부코드',
  `accum_mile` int unsigned NOT NULL DEFAULT '0' COMMENT '적립 마일리지',
  `after_mile` int unsigned NOT NULL DEFAULT '0' COMMENT '적립 후 마일리지',
  `reg_day` datetime NOT NULL COMMENT '첫 등록일',
  `change_day` datetime DEFAULT '0000-00-00 00:00:00' COMMENT '마지막 변동일',
  PRIMARY KEY (`seq`)
) ENGINE=InnoDB AUTO_INCREMENT=210 DEFAULT CHARSET=utf8mb4 COLLATE=utf8mb4_0900_ai_ci COMMENT='적립 테이블';
/*!40101 SET character_set_client = @saved_cs_client */;

--
-- Dumping data for table `accum_mile`
--

LOCK TABLES `accum_mile` WRITE;
/*!40000 ALTER TABLE `accum_mile` DISABLE KEYS */;
INSERT INTO `accum_mile` VALUES (189,1,'ca01t',900000,0,'2022-12-16 16:12:40','2022-12-18 19:17:22'),(190,1,'ca02t',810000,646770,'2022-12-16 16:12:47','2022-12-18 19:17:22'),(191,1,'ca03t',270000,270000,'2022-12-16 16:12:51','0000-00-00 00:00:00'),(192,1,'ca01t',8991,8991,'2022-12-16 17:43:28','0000-00-00 00:00:00'),(193,1,'rm00f',16380,16380,'2022-12-16 17:45:55','0000-00-00 00:00:00'),(194,1,'rm00f',16380,16380,'2022-12-16 17:47:39','0000-00-00 00:00:00'),(195,1,'rm00f',16380,16380,'2022-12-16 17:50:29','0000-00-00 00:00:00'),(196,1,'rm00f',16380,16380,'2022-12-16 17:50:32','0000-00-00 00:00:00'),(197,1,'rm00f',16380,16380,'2022-12-16 17:50:35','0000-00-00 00:00:00'),(198,1,'rm00f',15600,15600,'2022-12-16 17:50:39','0000-00-00 00:00:00'),(202,1,'ca01t',45000,45000,'2022-12-18 16:59:35','0000-00-00 00:00:00'),(203,6,'ca01t',450000,450000,'2022-12-18 20:14:34','0000-00-00 00:00:00'),(205,6,'ca01t',450000,450000,'2022-12-18 20:14:43','0000-00-00 00:00:00'),(206,6,'ca02t',450000,450000,'2022-12-18 20:15:47','0000-00-00 00:00:00'),(207,7,'ca01t',54000,54000,'2022-12-18 20:25:16','0000-00-00 00:00:00'),(208,7,'ca01t',450000,450000,'2022-12-18 20:25:19','0000-00-00 00:00:00'),(209,7,'ca03t',18000,18000,'2022-12-18 20:25:23','0000-00-00 00:00:00');
/*!40000 ALTER TABLE `accum_mile` ENABLE KEYS */;
UNLOCK TABLES;

--
-- Table structure for table `accum_mile_log`
--

DROP TABLE IF EXISTS `accum_mile_log`;
/*!40101 SET @saved_cs_client     = @@character_set_client */;
/*!50503 SET character_set_client = utf8mb4 */;
CREATE TABLE `accum_mile_log` (
  `seq` int unsigned NOT NULL AUTO_INCREMENT COMMENT '시퀀스',
  `accum_mile_seq` int unsigned NOT NULL,
  `user_num` int NOT NULL,
  `account_code` char(5) NOT NULL COMMENT '장부코드\n',
  `trade_code` varchar(30) DEFAULT NULL,
  `accum_mile` int unsigned NOT NULL COMMENT '적립 마일리지',
  `trade_type` char(1) DEFAULT NULL COMMENT 'c=충전, e=예약, r=예매, w=출금',
  `reg_day` datetime NOT NULL COMMENT '마일리지 적립일',
  PRIMARY KEY (`seq`)
) ENGINE=InnoDB AUTO_INCREMENT=1540 DEFAULT CHARSET=utf8mb4 COLLATE=utf8mb4_0900_ai_ci COMMENT='적립 로그';
/*!40101 SET character_set_client = @saved_cs_client */;

--
-- Dumping data for table `accum_mile_log`
--

LOCK TABLES `accum_mile_log` WRITE;
/*!40000 ALTER TABLE `accum_mile_log` DISABLE KEYS */;
INSERT INTO `accum_mile_log` VALUES (1443,189,1,'ca01t','20221216161240ca01t1',900000,'c','2022-12-16 16:12:40'),(1444,190,1,'ca02t','20221216161247ca02t1',810000,'c','2022-12-16 16:12:47'),(1445,191,1,'ca03t','20221216161251ca03t1',270000,'c','2022-12-16 16:12:51'),(1446,192,1,'ca01t','20221216174328ca01t1',8991,'c','2022-12-16 17:43:28'),(1447,189,1,'rm00t','20221216174407rm00t10',16380,'r','2022-12-16 17:44:07'),(1448,189,1,'rm00t','20221216174407rm00t11',16380,'r','2022-12-16 17:44:07'),(1449,189,1,'rm00t','20221216174407rm00t12',16380,'r','2022-12-16 17:44:07'),(1450,189,1,'rm00t','20221216174435rm00t10',16380,'r','2022-12-16 17:44:35'),(1451,189,1,'rm00t','20221216174435rm00t11',16380,'r','2022-12-16 17:44:35'),(1452,189,1,'rm00t','20221216174435rm00t12',16380,'r','2022-12-16 17:44:35'),(1453,189,1,'rm00t','20221216174452rm00t10',16380,'r','2022-12-16 17:44:52'),(1454,189,1,'rm00t','20221216174452rm00t11',16380,'r','2022-12-16 17:44:52'),(1455,189,1,'rm00t','20221216174452rm00t12',16380,'r','2022-12-16 17:44:52'),(1456,193,1,'rm00f','20221216174555rm00f1',16380,'n','2022-12-16 17:45:55'),(1457,189,1,'rm00t','20221216174555rm00t10',21630,'r','2022-12-16 17:45:55'),(1458,194,1,'rm00f','20221216174739rm00f1',16380,'n','2022-12-16 17:47:39'),(1459,189,1,'rm00t','20221216174739rm00t10',16380,'r','2022-12-16 17:47:39'),(1460,195,1,'rm00f','20221216175029rm00f1',16380,'n','2022-12-16 17:50:29'),(1461,196,1,'rm00f','20221216175032rm00f1',16380,'n','2022-12-16 17:50:32'),(1462,197,1,'rm00f','20221216175035rm00f1',16380,'n','2022-12-16 17:50:35'),(1463,198,1,'rm00f','20221216175039rm00f1',15600,'n','2022-12-16 17:50:39'),(1464,189,1,'rm00t','20221216175322rm00t10',16380,'r','2022-12-16 17:53:22'),(1468,189,1,'rm00t','20221218165312rm00t10',16380,'r','2022-12-18 16:53:12'),(1469,189,1,'rm00t','20221218165312rm00t11',16380,'r','2022-12-18 16:53:12'),(1470,189,1,'rm00t','20221218165313rm00t10',16380,'r','2022-12-18 16:53:13'),(1471,189,1,'rm00t','20221218165313rm00t11',16380,'r','2022-12-18 16:53:13'),(1472,202,1,'ca01t','20221218165935ca01t1',45000,'c','2022-12-18 16:59:35'),(1473,189,1,'rm00t','20221218181848rm00t10',21630,'r','2022-12-18 18:18:48'),(1474,189,1,'rm00t','20221218181848rm00t11',21630,'r','2022-12-18 18:18:48'),(1475,189,1,'rm00t','20221218183241rm00t10',26880,'r','2022-12-18 18:32:41'),(1476,189,1,'rm00t','20221218183241rm00t11',26880,'r','2022-12-18 18:32:41'),(1477,189,1,'rm00t','20221218191603rm00t10',26880,'r','2022-12-18 19:16:14'),(1478,189,1,'rm00t','20221218191722rm00t10',26880,'r','2022-12-18 19:17:22'),(1479,189,1,'rm00t','20221218191722rm00t11',26880,'r','2022-12-18 19:17:22'),(1480,189,1,'rm00t','20221218191722rm00t12',26880,'r','2022-12-18 19:17:22'),(1481,189,1,'rm00t','20221218191722rm00t13',26880,'r','2022-12-18 19:17:22'),(1482,189,1,'rm00t','20221218191722rm00t14',26880,'r','2022-12-18 19:17:22'),(1483,189,1,'rm00t','20221218191722rm00t15',26880,'r','2022-12-18 19:17:22'),(1484,189,1,'rm00t','20221218191722rm00t16',26880,'r','2022-12-18 19:17:22'),(1485,189,1,'rm00t','20221218191722rm00t17',26880,'r','2022-12-18 19:17:22'),(1486,189,1,'rm00t','20221218191722rm00t18',26880,'r','2022-12-18 19:17:22'),(1487,189,1,'rm00t','20221218191722rm00t19',26880,'r','2022-12-18 19:17:22'),(1488,189,1,'rm00t','20221218191722rm00t110',26880,'r','2022-12-18 19:17:22'),(1489,189,1,'rm00t','20221218191722rm00t111',26880,'r','2022-12-18 19:17:22'),(1490,189,1,'rm00t','20221218191722rm00t112',26880,'r','2022-12-18 19:17:22'),(1491,189,1,'rm00t','20221218191722rm00t113',26880,'r','2022-12-18 19:17:22'),(1492,189,1,'rm00t','20221218191722rm00t114',26880,'r','2022-12-18 19:17:22'),(1493,189,1,'rm00t','20221218191722rm00t115',26880,'r','2022-12-18 19:17:22'),(1494,189,1,'rm00t','20221218191722rm00t116',26880,'r','2022-12-18 19:17:22'),(1495,189,1,'rm00t','20221218191722rm00t117',26880,'r','2022-12-18 19:17:22'),(1496,189,1,'rm00t','20221218191722rm00t118',24930,'r','2022-12-18 19:17:22'),(1497,190,1,'rm00t','20221218191722rm00t118',1950,'r','2022-12-18 19:17:22'),(1498,190,1,'rm00t','20221218191722rm00t119',26880,'r','2022-12-18 19:17:22'),(1499,190,1,'rm00t','20221218191722rm00t120',26880,'r','2022-12-18 19:17:22'),(1500,190,1,'rm00t','20221218191722rm00t121',26880,'r','2022-12-18 19:17:22'),(1501,190,1,'rm00t','20221218191722rm00t122',26880,'r','2022-12-18 19:17:22'),(1502,190,1,'rm00t','20221218191722rm00t123',26880,'r','2022-12-18 19:17:22'),(1503,190,1,'rm00t','20221218191722rm00t124',26880,'r','2022-12-18 19:17:22'),(1512,203,6,'ca01t','20221218201434ca01t6',450000,'c','2022-12-18 20:14:34'),(1514,205,6,'ca01t','20221218201443ca01t6',450000,'c','2022-12-18 20:14:43'),(1515,206,6,'ca02t','20221218201547ca02t6',450000,'c','2022-12-18 20:15:47'),(1516,207,7,'ca01t','20221218202516ca01t7',54000,'c','2022-12-18 20:25:16'),(1517,208,7,'ca01t','20221218202519ca01t7',450000,'c','2022-12-18 20:25:19'),(1518,209,7,'ca03t','20221218202523ca03t7',18000,'c','2022-12-18 20:25:23');
/*!40000 ALTER TABLE `accum_mile_log` ENABLE KEYS */;
UNLOCK TABLES;

--
-- Table structure for table `books`
--

DROP TABLE IF EXISTS `books`;
/*!40101 SET @saved_cs_client     = @@character_set_client */;
/*!50503 SET character_set_client = utf8mb4 */;
CREATE TABLE `books` (
  `isbn` char(13) NOT NULL,
  `author` char(50) DEFAULT NULL,
  `title` char(100) DEFAULT NULL,
  `price` float DEFAULT NULL,
  PRIMARY KEY (`isbn`)
) ENGINE=InnoDB DEFAULT CHARSET=utf8mb4 COLLATE=utf8mb4_0900_ai_ci;
/*!40101 SET character_set_client = @saved_cs_client */;

--
-- Dumping data for table `books`
--

LOCK TABLES `books` WRITE;
/*!40000 ALTER TABLE `books` DISABLE KEYS */;
/*!40000 ALTER TABLE `books` ENABLE KEYS */;
UNLOCK TABLES;

--
-- Table structure for table `bus_info`
--

DROP TABLE IF EXISTS `bus_info`;
/*!40101 SET @saved_cs_client     = @@character_set_client */;
/*!50503 SET character_set_client = utf8mb4 */;
CREATE TABLE `bus_info` (
  `bus_num` int unsigned NOT NULL COMMENT '버스번호',
  `bus_class` char(1) NOT NULL COMMENT '버스등급',
  `seat_cnt` int unsigned NOT NULL COMMENT '좌석 수',
  `used_flag` char(1) NOT NULL DEFAULT 'n' COMMENT '운행 유무(y= yes, n=no)',
  `bus_location` varchar(20) NOT NULL COMMENT '버스 위치',
  `reg_day` datetime NOT NULL COMMENT '등록일',
  `change_day` datetime NOT NULL DEFAULT '0000-00-00 00:00:00' COMMENT '변동일',
  PRIMARY KEY (`bus_num`)
) ENGINE=InnoDB DEFAULT CHARSET=utf8mb4 COLLATE=utf8mb4_0900_ai_ci COMMENT='버스정보';
/*!40101 SET character_set_client = @saved_cs_client */;

--
-- Dumping data for table `bus_info`
--

LOCK TABLES `bus_info` WRITE;
/*!40000 ALTER TABLE `bus_info` DISABLE KEYS */;
INSERT INTO `bus_info` VALUES (1001,'p',28,'n','seoul','2022-12-13 10:24:28','0000-00-00 00:00:00'),(1003,'p',28,'n','jeonju','2022-12-13 10:24:20','0000-00-00 00:00:00'),(1004,'p',28,'n','incheon','2022-12-13 10:24:23','0000-00-00 00:00:00'),(1005,'n',36,'n','incheon','2022-12-15 13:26:48','0000-00-00 00:00:00'),(1018,'p',28,'n','seoul','2022-12-13 10:24:29','0000-00-00 00:00:00'),(1020,'n',36,'n','jeonju','2022-12-15 13:26:48','0000-00-00 00:00:00'),(1022,'n',36,'n','incheon','2022-12-13 10:24:20','0000-00-00 00:00:00'),(1024,'n',36,'n','jeonju','2022-12-15 13:26:46','0000-00-00 00:00:00'),(1026,'p',28,'n','incheon','2022-12-15 13:26:39','0000-00-00 00:00:00'),(1027,'n',36,'n','incheon','2022-12-13 10:24:23','0000-00-00 00:00:00'),(1029,'p',28,'n','incheon','2022-12-13 10:24:26','0000-00-00 00:00:00'),(1031,'n',36,'n','jeonju','2022-12-13 10:24:26','0000-00-00 00:00:00'),(1032,'h',28,'n','jeonju','2022-12-13 10:24:22','0000-00-00 00:00:00'),(1035,'h',28,'n','seoul','2022-12-13 10:24:22','0000-00-00 00:00:00'),(1037,'p',28,'n','jeonju','2022-12-15 13:26:38','0000-00-00 00:00:00'),(1038,'p',28,'n','seoul','2022-12-13 10:24:52','0000-00-00 00:00:00'),(1041,'n',36,'n','jeonju','2022-12-13 10:24:22','0000-00-00 00:00:00'),(1042,'n',36,'n','incheon','2022-12-13 10:24:22','0000-00-00 00:00:00'),(1044,'n',36,'n','seoul','2022-12-13 10:24:31','0000-00-00 00:00:00'),(1046,'p',28,'n','seoul','2022-12-13 10:26:02','0000-00-00 00:00:00'),(1049,'n',36,'n','jeonju','2022-12-13 10:24:23','0000-00-00 00:00:00'),(1050,'p',28,'n','seoul','2022-12-13 10:24:22','0000-00-00 00:00:00'),(1054,'p',28,'n','seoul','2022-12-13 10:24:27','0000-00-00 00:00:00'),(1059,'n',36,'n','seoul','2022-12-13 10:24:22','0000-00-00 00:00:00'),(1061,'p',28,'n','seoul','2022-12-15 13:26:36','0000-00-00 00:00:00'),(1064,'p',28,'n','jeonju','2022-12-13 10:24:47','0000-00-00 00:00:00'),(1067,'p',28,'n','jeonju','2022-12-15 13:26:45','0000-00-00 00:00:00'),(1069,'p',28,'n','jeonju','2022-12-13 10:24:23','0000-00-00 00:00:00'),(1071,'n',36,'n','jeonju','2022-12-13 10:24:16','0000-00-00 00:00:00'),(1072,'n',36,'n','incheon','2022-12-13 10:24:18','0000-00-00 00:00:00'),(1074,'n',36,'n','seoul','2022-12-13 10:24:25','0000-00-00 00:00:00'),(1075,'p',28,'n','jeonju','2022-12-13 10:24:19','0000-00-00 00:00:00'),(1077,'h',28,'n','incheon','2022-12-13 10:24:17','0000-00-00 00:00:00'),(1078,'h',28,'n','incheon','2022-12-13 10:24:22','0000-00-00 00:00:00'),(1080,'h',28,'n','incheon','2022-12-13 10:24:18','0000-00-00 00:00:00'),(1082,'p',28,'n','jeonju','2022-12-13 10:24:53','0000-00-00 00:00:00'),(1084,'n',36,'n','jeonju','2022-12-15 13:26:37','0000-00-00 00:00:00'),(1085,'p',28,'n','seoul','2022-12-13 10:24:52','0000-00-00 00:00:00'),(1087,'h',28,'n','seoul','2022-12-13 10:24:28','0000-00-00 00:00:00'),(1088,'n',36,'n','incheon','2022-12-13 10:24:28','0000-00-00 00:00:00'),(1089,'p',28,'n','seoul','2022-12-15 13:26:40','0000-00-00 00:00:00'),(1090,'p',28,'n','jeonju','2022-12-13 10:24:32','0000-00-00 00:00:00'),(1093,'p',28,'n','jeonju','2022-12-13 10:24:29','0000-00-00 00:00:00'),(1099,'h',28,'n','jeonju','2022-12-13 10:24:17','0000-00-00 00:00:00'),(1103,'p',28,'n','jeonju','2022-12-13 10:24:33','0000-00-00 00:00:00'),(1107,'h',28,'n','seoul','2022-12-13 10:24:16','0000-00-00 00:00:00'),(1108,'n',36,'n','seoul','2022-12-13 10:24:35','0000-00-00 00:00:00'),(1112,'p',28,'n','incheon','2022-12-13 10:24:48','0000-00-00 00:00:00'),(1113,'p',28,'n','jeonju','2022-12-15 13:26:47','0000-00-00 00:00:00'),(1116,'p',28,'n','jeonju','2022-12-13 10:24:25','0000-00-00 00:00:00'),(1118,'p',28,'n','incheon','2022-12-13 10:24:20','0000-00-00 00:00:00'),(1119,'p',28,'n','incheon','2022-12-13 10:24:17','0000-00-00 00:00:00'),(1123,'p',28,'n','incheon','2022-12-13 10:24:47','0000-00-00 00:00:00'),(1124,'p',28,'n','jeonju','2022-12-15 13:26:48','0000-00-00 00:00:00'),(1126,'p',28,'n','incheon','2022-12-13 10:24:22','0000-00-00 00:00:00'),(1127,'p',28,'n','seoul','2022-12-13 10:24:53','0000-00-00 00:00:00'),(1131,'p',28,'n','seoul','2022-12-13 10:24:23','0000-00-00 00:00:00'),(1133,'p',28,'n','jeonju','2022-12-13 10:24:48','0000-00-00 00:00:00'),(1135,'h',28,'n','incheon','2022-12-13 10:24:17','0000-00-00 00:00:00'),(1136,'p',28,'n','seoul','2022-12-13 10:24:19','0000-00-00 00:00:00'),(1138,'p',28,'n','incheon','2022-12-13 10:24:27','0000-00-00 00:00:00'),(1141,'p',28,'n','seoul','2022-12-15 13:26:47','0000-00-00 00:00:00'),(1142,'p',28,'n','jeonju','2022-12-15 13:26:43','0000-00-00 00:00:00'),(1144,'p',28,'n','jeonju','2022-12-13 10:24:33','0000-00-00 00:00:00'),(1147,'p',28,'n','seoul','2022-12-15 13:26:44','0000-00-00 00:00:00'),(1152,'p',28,'n','jeonju','2022-12-13 10:24:25','0000-00-00 00:00:00'),(1154,'p',28,'n','seoul','2022-12-15 13:26:48','0000-00-00 00:00:00'),(1159,'n',36,'n','seoul','2022-12-15 13:26:37','0000-00-00 00:00:00'),(1161,'p',28,'n','seoul','2022-12-13 10:24:31','0000-00-00 00:00:00'),(1165,'p',28,'n','jeonju','2022-12-15 13:26:39','0000-00-00 00:00:00'),(1167,'n',36,'n','jeonju','2022-12-13 10:24:31','0000-00-00 00:00:00'),(1168,'p',28,'n','seoul','2022-12-13 10:24:24','0000-00-00 00:00:00'),(1169,'n',36,'n','seoul','2022-12-13 10:24:20','0000-00-00 00:00:00'),(1175,'n',36,'n','seoul','2022-12-15 13:26:44','0000-00-00 00:00:00'),(1189,'p',28,'n','jeonju','2022-12-13 10:24:52','0000-00-00 00:00:00'),(1191,'n',36,'n','jeonju','2022-12-15 13:26:40','0000-00-00 00:00:00'),(1192,'p',28,'n','jeonju','2022-12-15 13:26:42','0000-00-00 00:00:00'),(1197,'p',28,'n','seoul','2022-12-13 10:24:22','0000-00-00 00:00:00'),(1198,'p',28,'n','jeonju','2022-12-13 10:24:31','0000-00-00 00:00:00'),(1199,'n',36,'n','seoul','2022-12-15 13:26:36','0000-00-00 00:00:00'),(1200,'h',28,'n','seoul','2022-12-13 10:24:27','0000-00-00 00:00:00'),(1201,'n',36,'n','seoul','2022-12-13 10:24:17','0000-00-00 00:00:00'),(1205,'p',28,'n','seoul','2022-12-15 13:26:38','0000-00-00 00:00:00'),(1206,'p',28,'n','jeonju','2022-12-13 10:24:17','0000-00-00 00:00:00'),(1211,'p',28,'n','incheon','2022-12-13 10:24:34','0000-00-00 00:00:00'),(1213,'n',36,'n','seoul','2022-12-15 13:26:48','0000-00-00 00:00:00'),(1218,'n',36,'n','jeonju','2022-12-13 10:24:28','0000-00-00 00:00:00'),(1220,'n',36,'n','incheon','2022-12-15 13:26:46','0000-00-00 00:00:00'),(1221,'h',28,'n','jeonju','2022-12-13 10:24:24','0000-00-00 00:00:00'),(1224,'h',28,'n','incheon','2022-12-13 10:24:27','0000-00-00 00:00:00'),(1227,'p',28,'n','jeonju','2022-12-13 10:24:35','0000-00-00 00:00:00'),(1231,'p',28,'n','jeonju','2022-12-15 13:26:46','0000-00-00 00:00:00'),(1235,'n',36,'n','seoul','2022-12-13 10:24:23','0000-00-00 00:00:00'),(1236,'n',36,'n','jeonju','2022-12-15 13:26:44','0000-00-00 00:00:00'),(1238,'n',36,'n','jeonju','2022-12-15 13:26:42','0000-00-00 00:00:00'),(1240,'p',28,'n','incheon','2022-12-15 13:26:42','0000-00-00 00:00:00'),(1242,'p',28,'n','seoul','2022-12-13 10:24:26','0000-00-00 00:00:00'),(1244,'p',28,'n','incheon','2022-12-13 10:24:28','0000-00-00 00:00:00'),(1245,'p',28,'n','seoul','2022-12-15 13:26:46','0000-00-00 00:00:00'),(1246,'p',28,'n','incheon','2022-12-13 10:24:28','0000-00-00 00:00:00'),(1247,'p',28,'n','jeonju','2022-12-13 10:24:48','0000-00-00 00:00:00'),(1249,'p',28,'n','seoul','2022-12-15 13:26:46','0000-00-00 00:00:00'),(1250,'p',28,'n','jeonju','2022-12-13 10:24:51','0000-00-00 00:00:00'),(1252,'p',28,'n','jeonju','2022-12-13 10:24:27','0000-00-00 00:00:00'),(1257,'n',36,'n','seoul','2022-12-13 10:24:28','0000-00-00 00:00:00'),(1258,'h',28,'n','jeonju','2022-12-13 10:24:27','0000-00-00 00:00:00'),(1262,'p',28,'n','incheon','2022-12-15 13:26:38','0000-00-00 00:00:00'),(1263,'p',28,'n','seoul','2022-12-13 10:24:46','0000-00-00 00:00:00'),(1264,'p',28,'n','seoul','2022-12-13 10:24:35','0000-00-00 00:00:00'),(1272,'p',28,'n','incheon','2022-12-15 13:26:45','0000-00-00 00:00:00'),(1275,'p',28,'n','jeonju','2022-12-13 10:24:21','0000-00-00 00:00:00'),(1276,'p',28,'n','incheon','2022-12-13 10:24:31','0000-00-00 00:00:00'),(1282,'n',36,'n','incheon','2022-12-13 10:24:20','0000-00-00 00:00:00'),(1286,'p',28,'n','jeonju','2022-12-13 10:24:22','0000-00-00 00:00:00'),(1287,'n',36,'n','incheon','2022-12-15 13:26:36','0000-00-00 00:00:00'),(1288,'n',36,'n','jeonju','2022-12-13 10:24:21','0000-00-00 00:00:00'),(1289,'p',28,'n','incheon','2022-12-13 10:24:50','0000-00-00 00:00:00'),(1290,'p',28,'n','incheon','2022-12-13 10:24:32','0000-00-00 00:00:00'),(1291,'p',28,'n','jeonju','2022-12-15 13:26:49','0000-00-00 00:00:00'),(1292,'p',28,'n','jeonju','2022-12-13 10:24:31','0000-00-00 00:00:00'),(1293,'p',28,'n','incheon','2022-12-13 10:24:52','0000-00-00 00:00:00'),(1294,'n',36,'n','seoul','2022-12-13 10:24:20','0000-00-00 00:00:00'),(1296,'p',28,'n','incheon','2022-12-15 13:26:48','0000-00-00 00:00:00'),(1297,'p',28,'n','jeonju','2022-12-15 13:26:48','0000-00-00 00:00:00'),(1299,'p',28,'n','jeonju','2022-12-13 10:24:25','0000-00-00 00:00:00'),(1302,'p',28,'n','seoul','2022-12-13 10:24:48','0000-00-00 00:00:00'),(1303,'h',28,'n','jeonju','2022-12-13 10:24:35','0000-00-00 00:00:00'),(1309,'p',28,'n','jeonju','2022-12-15 13:26:46','0000-00-00 00:00:00'),(1314,'p',28,'n','incheon','2022-12-13 10:24:26','0000-00-00 00:00:00'),(1320,'p',28,'n','seoul','2022-12-15 13:26:42','0000-00-00 00:00:00'),(1321,'n',36,'n','jeonju','2022-12-13 10:24:51','0000-00-00 00:00:00'),(1323,'p',28,'n','jeonju','2022-12-13 10:24:16','0000-00-00 00:00:00'),(1325,'n',36,'n','incheon','2022-12-13 10:24:35','0000-00-00 00:00:00'),(1327,'p',28,'n','jeonju','2022-12-13 10:24:50','0000-00-00 00:00:00'),(1328,'p',28,'n','seoul','2022-12-13 10:24:46','0000-00-00 00:00:00'),(1330,'p',28,'n','incheon','2022-12-13 10:24:16','0000-00-00 00:00:00'),(1334,'n',36,'n','jeonju','2022-12-13 10:24:25','0000-00-00 00:00:00'),(1335,'p',28,'n','incheon','2022-12-15 13:26:44','0000-00-00 00:00:00'),(1339,'p',28,'n','seoul','2022-12-15 13:26:37','0000-00-00 00:00:00'),(1340,'p',28,'n','seoul','2022-12-13 10:24:21','0000-00-00 00:00:00'),(1341,'n',36,'n','jeonju','2022-12-13 10:24:50','0000-00-00 00:00:00'),(1344,'p',28,'n','incheon','2022-12-13 10:24:22','0000-00-00 00:00:00'),(1350,'p',28,'n','seoul','2022-12-15 13:26:43','0000-00-00 00:00:00'),(1352,'n',36,'n','jeonju','2022-12-13 10:24:52','0000-00-00 00:00:00'),(1353,'n',36,'n','jeonju','2022-12-13 10:24:17','0000-00-00 00:00:00'),(1358,'n',36,'n','seoul','2022-12-13 10:24:28','0000-00-00 00:00:00'),(1362,'h',28,'n','incheon','2022-12-13 10:24:17','0000-00-00 00:00:00'),(1363,'n',36,'n','seoul','2022-12-13 10:24:24','0000-00-00 00:00:00'),(1364,'n',36,'n','incheon','2022-12-13 10:24:27','0000-00-00 00:00:00'),(1366,'n',36,'n','seoul','2022-12-13 10:24:16','0000-00-00 00:00:00'),(1369,'n',36,'n','incheon','2022-12-13 10:24:25','0000-00-00 00:00:00'),(1371,'n',36,'n','seoul','2022-12-13 10:24:48','0000-00-00 00:00:00'),(1372,'p',28,'n','seoul','2022-12-13 10:24:26','0000-00-00 00:00:00'),(1380,'p',28,'n','jeonju','2022-12-13 10:24:32','0000-00-00 00:00:00'),(1381,'p',28,'n','jeonju','2022-12-15 13:26:41','0000-00-00 00:00:00'),(1382,'h',28,'n','incheon','2022-12-13 10:24:20','0000-00-00 00:00:00'),(1385,'h',28,'n','jeonju','2022-12-15 13:26:48','0000-00-00 00:00:00'),(1393,'p',28,'n','seoul','2022-12-13 10:24:20','0000-00-00 00:00:00'),(1399,'n',36,'n','jeonju','2022-12-13 10:24:28','0000-00-00 00:00:00'),(1400,'p',28,'n','incheon','2022-12-13 10:24:48','0000-00-00 00:00:00'),(1402,'n',36,'n','seoul','2022-12-13 10:24:17','0000-00-00 00:00:00'),(1403,'p',28,'n','jeonju','2022-12-13 10:24:24','0000-00-00 00:00:00'),(1405,'n',36,'n','jeonju','2022-12-13 10:24:35','0000-00-00 00:00:00'),(1408,'h',28,'n','incheon','2022-12-15 13:26:48','0000-00-00 00:00:00'),(1413,'n',36,'n','jeonju','2022-12-13 10:24:27','0000-00-00 00:00:00'),(1414,'n',36,'n','seoul','2022-12-13 10:24:18','0000-00-00 00:00:00'),(1418,'n',36,'n','jeonju','2022-12-13 10:24:22','0000-00-00 00:00:00'),(1419,'p',28,'n','seoul','2022-12-15 13:26:40','0000-00-00 00:00:00'),(1420,'p',28,'n','incheon','2022-12-15 13:26:37','0000-00-00 00:00:00'),(1423,'h',28,'n','incheon','2022-12-13 10:24:28','0000-00-00 00:00:00'),(1428,'p',28,'n','seoul','2022-12-13 10:24:48','0000-00-00 00:00:00'),(1430,'h',28,'n','jeonju','2022-12-13 10:24:23','0000-00-00 00:00:00'),(1433,'p',28,'n','incheon','2022-12-13 10:24:18','0000-00-00 00:00:00'),(1434,'p',28,'n','seoul','2022-12-13 10:24:22','0000-00-00 00:00:00'),(1435,'p',28,'n','seoul','2022-12-15 13:26:48','0000-00-00 00:00:00'),(1437,'p',28,'n','jeonju','2022-12-15 13:26:41','0000-00-00 00:00:00'),(1442,'p',28,'n','jeonju','2022-12-13 10:24:19','0000-00-00 00:00:00'),(1444,'p',28,'n','jeonju','2022-12-15 13:26:48','0000-00-00 00:00:00'),(1448,'n',36,'n','jeonju','2022-12-13 10:24:21','0000-00-00 00:00:00'),(1449,'p',28,'n','incheon','2022-12-13 10:24:23','0000-00-00 00:00:00'),(1451,'n',36,'n','incheon','2022-12-13 10:24:21','0000-00-00 00:00:00'),(1452,'p',28,'n','seoul','2022-12-15 13:26:42','0000-00-00 00:00:00'),(1455,'p',28,'n','incheon','2022-12-13 10:24:46','0000-00-00 00:00:00'),(1457,'p',28,'n','incheon','2022-12-13 10:24:19','0000-00-00 00:00:00'),(1458,'n',36,'n','seoul','2022-12-15 13:26:46','0000-00-00 00:00:00'),(1466,'n',36,'n','seoul','2022-12-13 10:24:18','0000-00-00 00:00:00'),(1470,'p',28,'n','jeonju','2022-12-13 10:24:17','0000-00-00 00:00:00'),(1472,'p',28,'n','seoul','2022-12-13 10:24:18','0000-00-00 00:00:00'),(1474,'p',28,'n','incheon','2022-12-13 10:24:18','0000-00-00 00:00:00'),(1476,'n',36,'n','incheon','2022-12-13 10:24:17','0000-00-00 00:00:00'),(1484,'p',28,'n','jeonju','2022-12-15 13:26:47','0000-00-00 00:00:00'),(1485,'n',36,'n','seoul','2022-12-15 13:26:40','0000-00-00 00:00:00'),(1486,'p',28,'n','seoul','2022-12-13 10:24:32','0000-00-00 00:00:00'),(1490,'p',28,'n','incheon','2022-12-15 13:26:40','0000-00-00 00:00:00'),(1499,'p',28,'n','seoul','2022-12-15 13:26:39','0000-00-00 00:00:00'),(1506,'p',28,'n','jeonju','2022-12-15 13:26:40','0000-00-00 00:00:00'),(1512,'p',28,'n','seoul','2022-12-13 10:24:21','0000-00-00 00:00:00'),(1515,'p',28,'n','incheon','2022-12-13 10:24:27','0000-00-00 00:00:00'),(1516,'p',28,'n','incheon','2022-12-13 10:24:29','0000-00-00 00:00:00'),(1519,'h',28,'n','seoul','2022-12-13 10:24:24','0000-00-00 00:00:00'),(1520,'n',36,'n','seoul','2022-12-13 10:24:27','0000-00-00 00:00:00'),(1523,'p',28,'n','jeonju','2022-12-13 10:24:27','0000-00-00 00:00:00'),(1528,'h',28,'n','jeonju','2022-12-13 10:24:20','0000-00-00 00:00:00'),(1530,'p',28,'n','jeonju','2022-12-15 13:26:46','0000-00-00 00:00:00'),(1531,'p',28,'n','jeonju','2022-12-13 10:24:21','0000-00-00 00:00:00'),(1532,'p',28,'n','incheon','2022-12-13 10:24:25','0000-00-00 00:00:00'),(1536,'p',28,'n','jeonju','2022-12-15 13:26:40','0000-00-00 00:00:00'),(1540,'n',36,'n','incheon','2022-12-13 10:24:17','0000-00-00 00:00:00'),(1544,'h',28,'n','seoul','2022-12-13 10:24:21','0000-00-00 00:00:00'),(1545,'n',36,'n','seoul','2022-12-13 10:24:50','0000-00-00 00:00:00'),(1547,'n',36,'n','seoul','2022-12-13 10:24:21','0000-00-00 00:00:00'),(1548,'p',28,'n','seoul','2022-12-15 13:26:49','0000-00-00 00:00:00'),(1550,'p',28,'n','incheon','2022-12-15 13:26:36','0000-00-00 00:00:00'),(1554,'p',28,'n','incheon','2022-12-15 13:26:46','0000-00-00 00:00:00'),(1558,'h',28,'n','incheon','2022-12-13 10:24:16','0000-00-00 00:00:00'),(1559,'n',36,'n','seoul','2022-12-13 10:24:21','0000-00-00 00:00:00'),(1565,'h',28,'n','jeonju','2022-12-13 10:24:17','0000-00-00 00:00:00'),(1566,'h',28,'n','seoul','2022-12-13 10:24:17','0000-00-00 00:00:00'),(1570,'n',36,'n','jeonju','2022-12-15 13:26:36','0000-00-00 00:00:00'),(1574,'p',28,'n','seoul','2022-12-13 10:24:31','0000-00-00 00:00:00'),(1576,'p',28,'n','jeonju','2022-12-15 13:26:46','0000-00-00 00:00:00'),(1579,'h',28,'n','jeonju','2022-12-13 10:24:21','0000-00-00 00:00:00'),(1580,'n',36,'n','seoul','2022-12-13 10:24:51','0000-00-00 00:00:00'),(1581,'p',28,'n','seoul','2022-12-13 10:24:17','0000-00-00 00:00:00'),(1582,'p',28,'n','seoul','2022-12-13 10:24:50','0000-00-00 00:00:00'),(1583,'p',28,'n','jeonju','2022-12-15 13:26:43','0000-00-00 00:00:00'),(1587,'p',28,'n','jeonju','2022-12-15 13:26:38','0000-00-00 00:00:00'),(1590,'p',28,'n','incheon','2022-12-13 10:24:47','0000-00-00 00:00:00'),(1593,'h',28,'n','seoul','2022-12-13 10:24:18','0000-00-00 00:00:00'),(1601,'h',28,'n','jeonju','2022-12-13 10:24:20','0000-00-00 00:00:00'),(1602,'h',28,'n','jeonju','2022-12-13 10:24:18','0000-00-00 00:00:00'),(1603,'p',28,'n','jeonju','2022-12-13 10:24:28','0000-00-00 00:00:00'),(1608,'n',36,'n','jeonju','2022-12-13 10:24:20','0000-00-00 00:00:00'),(1610,'p',28,'n','jeonju','2022-12-13 10:24:26','0000-00-00 00:00:00'),(1611,'p',28,'n','seoul','2022-12-13 10:24:28','0000-00-00 00:00:00'),(1617,'p',28,'n','incheon','2022-12-13 10:24:50','0000-00-00 00:00:00'),(1618,'n',36,'n','incheon','2022-12-13 10:24:16','0000-00-00 00:00:00'),(1619,'p',28,'n','incheon','2022-12-13 10:24:17','0000-00-00 00:00:00'),(1620,'p',28,'n','seoul','2022-12-13 10:24:20','0000-00-00 00:00:00'),(1621,'p',28,'n','jeonju','2022-12-13 10:24:18','0000-00-00 00:00:00'),(1622,'h',28,'n','jeonju','2022-12-13 10:24:25','0000-00-00 00:00:00'),(1623,'p',28,'n','jeonju','2022-12-13 10:24:22','0000-00-00 00:00:00'),(1630,'p',28,'n','incheon','2022-12-13 10:24:46','0000-00-00 00:00:00'),(1631,'p',28,'n','incheon','2022-12-13 10:24:24','0000-00-00 00:00:00'),(1633,'p',28,'n','jeonju','2022-12-13 10:24:52','0000-00-00 00:00:00'),(1635,'p',28,'n','incheon','2022-12-13 10:24:49','0000-00-00 00:00:00'),(1639,'p',28,'n','incheon','2022-12-13 10:24:35','0000-00-00 00:00:00'),(1642,'h',28,'n','jeonju','2022-12-13 10:24:49','0000-00-00 00:00:00'),(1651,'n',36,'n','jeonju','2022-12-13 10:24:24','0000-00-00 00:00:00'),(1653,'p',28,'n','jeonju','2022-12-13 10:24:53','0000-00-00 00:00:00'),(1655,'n',36,'n','jeonju','2022-12-13 10:24:48','0000-00-00 00:00:00'),(1657,'p',28,'n','seoul','2022-12-13 10:24:23','0000-00-00 00:00:00'),(1659,'h',28,'n','jeonju','2022-12-13 10:24:17','0000-00-00 00:00:00'),(1660,'n',36,'n','jeonju','2022-12-13 10:24:31','0000-00-00 00:00:00'),(1662,'p',28,'n','jeonju','2022-12-13 10:24:20','0000-00-00 00:00:00'),(1668,'p',28,'n','jeonju','2022-12-13 10:24:34','0000-00-00 00:00:00'),(1669,'p',28,'n','jeonju','2022-12-13 10:24:46','0000-00-00 00:00:00'),(1670,'h',28,'n','jeonju','2022-12-13 10:24:28','0000-00-00 00:00:00'),(1675,'p',28,'n','incheon','2022-12-13 10:24:51','0000-00-00 00:00:00'),(1676,'p',28,'n','seoul','2022-12-13 10:24:17','0000-00-00 00:00:00'),(1685,'p',28,'n','seoul','2022-12-13 10:24:51','0000-00-00 00:00:00'),(1690,'h',28,'n','incheon','2022-12-15 13:26:46','0000-00-00 00:00:00'),(1698,'n',36,'n','jeonju','2022-12-15 13:26:38','0000-00-00 00:00:00'),(1703,'h',28,'n','seoul','2022-12-13 10:24:18','0000-00-00 00:00:00'),(1705,'n',36,'n','seoul','2022-12-15 13:26:38','0000-00-00 00:00:00'),(1710,'h',28,'n','incheon','2022-12-13 10:24:18','0000-00-00 00:00:00'),(1713,'n',36,'n','incheon','2022-12-13 10:24:48','0000-00-00 00:00:00'),(1714,'n',36,'n','jeonju','2022-12-13 10:24:48','0000-00-00 00:00:00'),(1721,'h',28,'n','jeonju','2022-12-13 10:24:21','0000-00-00 00:00:00'),(1727,'h',28,'n','jeonju','2022-12-15 13:26:46','0000-00-00 00:00:00'),(1730,'n',36,'n','jeonju','2022-12-13 10:24:20','0000-00-00 00:00:00'),(1732,'p',28,'n','seoul','2022-12-13 10:24:34','0000-00-00 00:00:00'),(1735,'p',28,'n','jeonju','2022-12-13 10:24:49','0000-00-00 00:00:00'),(1741,'n',36,'n','jeonju','2022-12-13 10:24:34','0000-00-00 00:00:00'),(1743,'n',36,'n','jeonju','2022-12-13 10:24:49','0000-00-00 00:00:00'),(1751,'n',36,'n','jeonju','2022-12-13 10:24:17','0000-00-00 00:00:00'),(1753,'n',36,'n','jeonju','2022-12-13 10:24:18','0000-00-00 00:00:00'),(1754,'n',36,'n','incheon','2022-12-13 10:24:17','0000-00-00 00:00:00'),(1759,'p',28,'n','jeonju','2022-12-15 13:26:37','0000-00-00 00:00:00'),(1760,'p',28,'n','jeonju','2022-12-15 13:26:46','0000-00-00 00:00:00'),(1761,'p',28,'n','jeonju','2022-12-13 10:24:23','0000-00-00 00:00:00'),(1762,'p',28,'n','seoul','2022-12-13 10:24:34','0000-00-00 00:00:00'),(1763,'p',28,'n','jeonju','2022-12-13 10:24:17','0000-00-00 00:00:00'),(1764,'p',28,'n','jeonju','2022-12-13 10:24:50','0000-00-00 00:00:00'),(1766,'p',28,'n','jeonju','2022-12-15 13:26:45','0000-00-00 00:00:00'),(1767,'n',36,'n','jeonju','2022-12-13 10:24:18','0000-00-00 00:00:00'),(1768,'n',36,'n','incheon','2022-12-13 10:24:18','0000-00-00 00:00:00'),(1771,'h',28,'n','seoul','2022-12-13 10:24:49','0000-00-00 00:00:00'),(1773,'p',28,'n','jeonju','2022-12-13 10:24:47','0000-00-00 00:00:00'),(1776,'p',28,'n','seoul','2022-12-13 10:24:25','0000-00-00 00:00:00'),(1779,'p',28,'n','incheon','2022-12-15 13:26:42','0000-00-00 00:00:00'),(1780,'h',28,'n','incheon','2022-12-13 10:24:21','0000-00-00 00:00:00'),(1781,'p',28,'n','jeonju','2022-12-13 10:26:02','0000-00-00 00:00:00'),(1782,'p',28,'n','seoul','2022-12-13 10:24:47','0000-00-00 00:00:00'),(1787,'p',28,'n','jeonju','2022-12-15 13:26:42','0000-00-00 00:00:00'),(1793,'h',28,'n','seoul','2022-12-13 10:24:20','0000-00-00 00:00:00'),(1800,'p',28,'n','jeonju','2022-12-15 13:26:44','0000-00-00 00:00:00'),(1805,'p',28,'n','incheon','2022-12-13 10:24:34','0000-00-00 00:00:00'),(1807,'p',28,'n','jeonju','2022-12-13 10:24:49','0000-00-00 00:00:00'),(1808,'n',36,'n','seoul','2022-12-13 10:24:49','0000-00-00 00:00:00'),(1811,'p',28,'n','seoul','2022-12-13 10:24:49','0000-00-00 00:00:00'),(1813,'n',36,'n','incheon','2022-12-13 10:24:49','0000-00-00 00:00:00'),(1816,'p',28,'n','jeonju','2022-12-13 10:24:34','0000-00-00 00:00:00'),(1822,'n',36,'n','jeonju','2022-12-13 10:24:17','0000-00-00 00:00:00'),(1823,'p',28,'n','jeonju','2022-12-15 13:26:39','0000-00-00 00:00:00'),(1825,'p',28,'n','jeonju','2022-12-15 13:26:48','0000-00-00 00:00:00'),(1827,'p',28,'n','jeonju','2022-12-15 13:26:42','0000-00-00 00:00:00'),(1828,'p',28,'n','seoul','2022-12-15 13:26:45','0000-00-00 00:00:00'),(1829,'n',36,'n','seoul','2022-12-13 10:24:22','0000-00-00 00:00:00'),(1839,'h',28,'n','jeonju','2022-12-15 13:26:36','0000-00-00 00:00:00'),(1844,'p',28,'n','jeonju','2022-12-15 13:26:43','0000-00-00 00:00:00'),(1846,'n',36,'n','jeonju','2022-12-13 10:24:26','0000-00-00 00:00:00'),(1852,'n',36,'n','jeonju','2022-12-13 10:24:23','0000-00-00 00:00:00'),(1854,'p',28,'n','seoul','2022-12-13 10:24:50','0000-00-00 00:00:00'),(1856,'p',28,'n','seoul','2022-12-13 10:24:49','0000-00-00 00:00:00'),(1857,'p',28,'n','jeonju','2022-12-13 10:24:29','0000-00-00 00:00:00'),(1859,'p',28,'n','incheon','2022-12-13 10:24:52','0000-00-00 00:00:00'),(1860,'p',28,'n','seoul','2022-12-13 10:24:16','0000-00-00 00:00:00'),(1862,'n',36,'n','incheon','2022-12-13 10:24:24','0000-00-00 00:00:00'),(1863,'p',28,'n','seoul','2022-12-13 10:24:47','0000-00-00 00:00:00'),(1867,'p',28,'n','seoul','2022-12-13 10:24:18','0000-00-00 00:00:00'),(1868,'h',28,'n','seoul','2022-12-13 10:24:17','0000-00-00 00:00:00'),(1872,'n',36,'n','incheon','2022-12-13 10:24:21','0000-00-00 00:00:00'),(1875,'h',28,'n','seoul','2022-12-13 10:24:17','0000-00-00 00:00:00'),(1879,'p',28,'n','seoul','2022-12-13 10:24:29','0000-00-00 00:00:00'),(1880,'n',36,'n','seoul','2022-12-13 10:24:52','0000-00-00 00:00:00'),(1882,'n',36,'n','jeonju','2022-12-13 10:24:50','0000-00-00 00:00:00'),(1885,'p',28,'n','incheon','2022-12-13 10:26:02','0000-00-00 00:00:00'),(1894,'p',28,'n','incheon','2022-12-13 10:24:21','0000-00-00 00:00:00'),(1896,'h',28,'n','incheon','2022-12-13 10:24:20','0000-00-00 00:00:00'),(1907,'n',36,'n','seoul','2022-12-13 10:24:17','0000-00-00 00:00:00'),(1912,'n',36,'n','seoul','2022-12-13 10:24:23','0000-00-00 00:00:00'),(1913,'h',28,'n','seoul','2022-12-15 13:26:48','0000-00-00 00:00:00'),(1916,'h',28,'n','seoul','2022-12-13 10:24:51','0000-00-00 00:00:00'),(1918,'p',28,'n','jeonju','2022-12-15 13:26:36','0000-00-00 00:00:00'),(1920,'p',28,'n','jeonju','2022-12-13 10:24:28','0000-00-00 00:00:00'),(1928,'h',28,'n','incheon','2022-12-13 10:24:49','0000-00-00 00:00:00'),(1930,'p',28,'n','incheon','2022-12-13 10:24:31','0000-00-00 00:00:00'),(1931,'p',28,'n','seoul','2022-12-15 13:26:48','0000-00-00 00:00:00'),(1935,'h',28,'n','incheon','2022-12-13 10:24:24','0000-00-00 00:00:00'),(1936,'p',28,'n','jeonju','2022-12-13 10:24:21','0000-00-00 00:00:00'),(1937,'n',36,'n','incheon','2022-12-13 10:24:51','0000-00-00 00:00:00'),(1940,'h',28,'n','seoul','2022-12-13 10:24:20','0000-00-00 00:00:00'),(1941,'p',28,'n','seoul','2022-12-13 10:24:27','0000-00-00 00:00:00'),(1945,'h',28,'n','jeonju','2022-12-13 10:24:51','0000-00-00 00:00:00'),(1947,'p',28,'n','seoul','2022-12-13 10:24:17','0000-00-00 00:00:00'),(1954,'p',28,'n','jeonju','2022-12-13 10:24:46','0000-00-00 00:00:00'),(1956,'p',28,'n','jeonju','2022-12-15 13:26:45','0000-00-00 00:00:00'),(1958,'p',28,'n','incheon','2022-12-13 10:24:20','0000-00-00 00:00:00'),(1962,'h',28,'n','jeonju','2022-12-13 10:24:18','0000-00-00 00:00:00'),(1964,'p',28,'n','incheon','2022-12-13 10:24:21','0000-00-00 00:00:00'),(1970,'p',28,'n','incheon','2022-12-13 10:24:17','0000-00-00 00:00:00'),(1974,'h',28,'n','seoul','2022-12-15 13:26:46','0000-00-00 00:00:00'),(1975,'p',28,'n','jeonju','2022-12-13 10:24:18','0000-00-00 00:00:00'),(1981,'h',28,'n','incheon','2022-12-13 10:24:21','0000-00-00 00:00:00'),(1989,'h',28,'n','seoul','2022-12-13 10:24:21','0000-00-00 00:00:00'),(1992,'h',28,'n','jeonju','2022-12-13 10:24:16','0000-00-00 00:00:00'),(1996,'p',28,'n','jeonju','2022-12-13 10:26:02','0000-00-00 00:00:00');
/*!40000 ALTER TABLE `bus_info` ENABLE KEYS */;
UNLOCK TABLES;

--
-- Table structure for table `bus_move_info`
--

DROP TABLE IF EXISTS `bus_move_info`;
/*!40101 SET @saved_cs_client     = @@character_set_client */;
/*!50503 SET character_set_client = utf8mb4 */;
CREATE TABLE `bus_move_info` (
  `seq` int unsigned NOT NULL AUTO_INCREMENT COMMENT '시퀀스',
  `bus_num` int unsigned NOT NULL COMMENT '버스번호',
  `driver_num` int unsigned NOT NULL COMMENT '기사정보',
  `bus_route` varchar(20) NOT NULL COMMENT '버스경로',
  `bus_class` varchar(20) NOT NULL COMMENT '버스등급',
  `seat_cnt` int unsigned NOT NULL COMMENT '좌석 수',
  `people_cnt` int unsigned NOT NULL DEFAULT '0' COMMENT '승객 수',
  `move_time` time NOT NULL DEFAULT '00:00:00' COMMENT '운행시간',
  `price` int unsigned NOT NULL COMMENT '금액',
  `drive_memo` text COMMENT '운행 중 이슈',
  `bus_leave_location` varchar(20) NOT NULL COMMENT '출발지',
  `bus_arrive_location` varchar(20) NOT NULL COMMENT '도착지',
  `leave_day` datetime NOT NULL COMMENT '출발시간',
  `arrive_time` datetime NOT NULL COMMENT '도착시간',
  PRIMARY KEY (`seq`),
  KEY `fk_busmoveinfo_driverinfo1_idx` (`driver_num`),
  KEY `fk_busmoveinfo_businfo1_idx` (`bus_num`),
  CONSTRAINT `fk_busmoveinfo_businfo1` FOREIGN KEY (`bus_num`) REFERENCES `bus_info` (`bus_num`),
  CONSTRAINT `fk_busmoveinfo_driverinfo1` FOREIGN KEY (`driver_num`) REFERENCES `driver_info` (`driver_num`)
) ENGINE=InnoDB AUTO_INCREMENT=47965 DEFAULT CHARSET=utf8mb4 COLLATE=utf8mb4_0900_ai_ci COMMENT='버스 운행 정보';
/*!40101 SET character_set_client = @saved_cs_client */;

--
-- Dumping data for table `bus_move_info`
--

LOCK TABLES `bus_move_info` WRITE;
/*!40000 ALTER TABLE `bus_move_info` DISABLE KEYS */;
INSERT INTO `bus_move_info` VALUES (46469,1075,20,'seoul','p',28,0,'03:00:00',25600,NULL,'jeonju','seoul','2022-12-16 00:15:00','2022-12-16 03:15:00'),(46470,1996,38,'seoul','p',28,0,'03:00:00',25600,NULL,'jeonju','seoul','2022-12-16 00:45:00','2022-12-16 03:45:00'),(46471,1142,31,'seoul','p',28,0,'03:00:00',25600,NULL,'jeonju','seoul','2022-12-16 01:15:00','2022-12-16 04:15:00'),(46472,1133,30,'seoul','p',28,0,'03:00:00',25600,NULL,'jeonju','seoul','2022-12-16 01:45:00','2022-12-16 04:45:00'),(46473,1124,29,'seoul','p',28,0,'03:00:00',25600,NULL,'jeonju','seoul','2022-12-16 02:15:00','2022-12-16 05:15:00'),(46474,1116,28,'seoul','p',28,0,'03:00:00',25600,NULL,'jeonju','seoul','2022-12-16 02:45:00','2022-12-16 05:45:00'),(46475,1113,27,'seoul','p',28,0,'03:00:00',25600,NULL,'jeonju','seoul','2022-12-16 03:15:00','2022-12-16 06:15:00'),(46476,1103,26,'seoul','p',28,0,'03:00:00',25600,NULL,'jeonju','seoul','2022-12-16 03:45:00','2022-12-16 06:45:00'),(46477,1099,25,'seoul','h',28,0,'03:00:00',20600,NULL,'jeonju','seoul','2022-12-16 04:15:00','2022-12-16 07:15:00'),(46478,1093,24,'seoul','p',28,0,'03:00:00',25600,NULL,'jeonju','seoul','2022-12-16 04:45:00','2022-12-16 07:45:00'),(46479,1090,23,'seoul','p',28,0,'03:00:00',25600,NULL,'jeonju','seoul','2022-12-16 05:15:00','2022-12-16 08:15:00'),(46480,1084,22,'seoul','n',36,0,'03:00:00',15600,NULL,'jeonju','seoul','2022-12-16 05:45:00','2022-12-16 08:45:00'),(46481,1082,21,'seoul','p',28,0,'03:00:00',25600,NULL,'jeonju','seoul','2022-12-16 06:15:00','2022-12-16 09:15:00'),(46482,1003,1,'seoul','p',28,0,'03:00:00',25600,NULL,'jeonju','seoul','2022-12-16 06:45:00','2022-12-16 09:45:00'),(46483,1071,19,'seoul','n',36,0,'03:00:00',15600,NULL,'jeonju','seoul','2022-12-16 07:15:00','2022-12-16 10:15:00'),(46484,1069,18,'seoul','p',28,0,'03:00:00',25600,NULL,'jeonju','seoul','2022-12-16 07:45:00','2022-12-16 10:45:00'),(46485,1067,17,'seoul','p',28,0,'03:00:00',25600,NULL,'jeonju','seoul','2022-12-16 08:15:00','2022-12-16 11:15:00'),(46486,1064,16,'seoul','p',28,0,'03:00:00',25600,NULL,'jeonju','seoul','2022-12-16 08:45:00','2022-12-16 11:45:00'),(46487,1049,15,'seoul','n',36,0,'03:00:00',15600,NULL,'jeonju','seoul','2022-12-16 09:15:00','2022-12-16 12:15:00'),(46488,1041,14,'seoul','n',36,0,'03:00:00',15600,NULL,'jeonju','seoul','2022-12-16 09:45:00','2022-12-16 12:45:00'),(46489,1037,13,'seoul','p',28,0,'03:00:00',25600,NULL,'jeonju','seoul','2022-12-16 10:15:00','2022-12-16 13:15:00'),(46490,1032,12,'seoul','h',28,0,'03:00:00',20600,NULL,'jeonju','seoul','2022-12-16 10:45:00','2022-12-16 13:45:00'),(46491,1031,11,'seoul','n',36,0,'03:00:00',15600,NULL,'jeonju','seoul','2022-12-16 11:15:00','2022-12-16 14:15:00'),(46492,1024,10,'seoul','n',36,0,'03:00:00',15600,NULL,'jeonju','seoul','2022-12-16 11:45:00','2022-12-16 14:45:00'),(46493,1075,20,'seoul','p',28,0,'03:00:00',25600,NULL,'jeonju','seoul','2022-12-16 12:15:00','2022-12-16 15:15:00'),(46494,1996,38,'seoul','p',28,0,'03:00:00',25600,NULL,'jeonju','seoul','2022-12-16 12:45:00','2022-12-16 15:45:00'),(46495,1142,31,'seoul','p',28,0,'03:00:00',25600,NULL,'jeonju','seoul','2022-12-16 13:15:00','2022-12-16 16:15:00'),(46496,1133,30,'seoul','p',28,0,'03:00:00',25600,NULL,'jeonju','seoul','2022-12-16 13:45:00','2022-12-16 16:45:00'),(46497,1124,29,'seoul','p',28,0,'03:00:00',25600,NULL,'jeonju','seoul','2022-12-16 14:15:00','2022-12-16 17:15:00'),(46498,1116,28,'seoul','p',28,0,'03:00:00',25600,NULL,'jeonju','seoul','2022-12-16 14:45:00','2022-12-16 17:45:00'),(46499,1113,27,'seoul','p',28,0,'03:00:00',25600,NULL,'jeonju','seoul','2022-12-16 15:15:00','2022-12-16 18:15:00'),(46500,1103,26,'seoul','p',28,0,'03:00:00',25600,NULL,'jeonju','seoul','2022-12-16 15:45:00','2022-12-16 18:45:00'),(46501,1099,25,'seoul','h',28,0,'03:00:00',20600,NULL,'jeonju','seoul','2022-12-16 16:15:00','2022-12-16 19:15:00'),(46502,1093,24,'seoul','p',28,0,'03:00:00',25600,NULL,'jeonju','seoul','2022-12-16 16:45:00','2022-12-16 19:45:00'),(46503,1090,23,'seoul','p',28,0,'03:00:00',25600,NULL,'jeonju','seoul','2022-12-16 17:15:00','2022-12-16 20:15:00'),(46504,1084,22,'seoul','n',36,0,'03:00:00',15600,NULL,'jeonju','seoul','2022-12-16 17:45:00','2022-12-16 20:45:00'),(46505,1082,21,'seoul','p',28,0,'03:00:00',25600,NULL,'jeonju','seoul','2022-12-16 18:15:00','2022-12-16 21:15:00'),(46506,1003,1,'seoul','p',28,0,'03:00:00',25600,NULL,'jeonju','seoul','2022-12-16 18:45:00','2022-12-16 21:45:00'),(46507,1071,19,'seoul','n',36,0,'03:00:00',15600,NULL,'jeonju','seoul','2022-12-16 19:15:00','2022-12-16 22:15:00'),(46508,1069,18,'seoul','p',28,0,'03:00:00',25600,NULL,'jeonju','seoul','2022-12-16 19:45:00','2022-12-16 22:45:00'),(46509,1067,17,'seoul','p',28,0,'03:00:00',25600,NULL,'jeonju','seoul','2022-12-16 20:15:00','2022-12-16 23:15:00'),(46510,1064,16,'seoul','p',28,0,'03:00:00',25600,NULL,'jeonju','seoul','2022-12-16 20:45:00','2022-12-16 23:45:00'),(46511,1049,15,'seoul','n',36,0,'03:00:00',15600,NULL,'jeonju','seoul','2022-12-16 21:15:00','2022-12-17 00:15:00'),(46512,1041,14,'seoul','n',36,0,'03:00:00',15600,NULL,'jeonju','seoul','2022-12-16 21:45:00','2022-12-17 00:45:00'),(46513,1037,13,'seoul','p',28,0,'03:00:00',25600,NULL,'jeonju','seoul','2022-12-16 22:15:00','2022-12-17 01:15:00'),(46514,1032,12,'seoul','h',28,0,'03:00:00',20600,NULL,'jeonju','seoul','2022-12-16 22:45:00','2022-12-17 01:45:00'),(46515,1031,11,'seoul','n',36,0,'03:00:00',15600,NULL,'jeonju','seoul','2022-12-16 23:15:00','2022-12-17 02:15:00'),(46516,1024,10,'seoul','n',36,0,'03:00:00',15600,NULL,'jeonju','seoul','2022-12-16 23:45:00','2022-12-17 02:45:00'),(46517,1075,20,'seoul','p',28,0,'03:00:00',25600,NULL,'jeonju','seoul','2022-12-17 00:00:00','2022-12-17 03:00:00'),(46518,1996,38,'seoul','p',28,0,'03:00:00',25600,NULL,'jeonju','seoul','2022-12-17 00:30:00','2022-12-17 03:30:00'),(46519,1142,31,'seoul','p',28,0,'03:00:00',25600,NULL,'jeonju','seoul','2022-12-17 01:00:00','2022-12-17 04:00:00'),(46520,1133,30,'seoul','p',28,0,'03:00:00',25600,NULL,'jeonju','seoul','2022-12-17 01:30:00','2022-12-17 04:30:00'),(46521,1124,29,'seoul','p',28,0,'03:00:00',25600,NULL,'jeonju','seoul','2022-12-17 02:00:00','2022-12-17 05:00:00'),(46522,1116,28,'seoul','p',28,0,'03:00:00',25600,NULL,'jeonju','seoul','2022-12-17 02:30:00','2022-12-17 05:30:00'),(46523,1113,27,'seoul','p',28,0,'03:00:00',25600,NULL,'jeonju','seoul','2022-12-17 03:00:00','2022-12-17 06:00:00'),(46524,1103,26,'seoul','p',28,0,'03:00:00',25600,NULL,'jeonju','seoul','2022-12-17 03:30:00','2022-12-17 06:30:00'),(46525,1099,25,'seoul','h',28,0,'03:00:00',20600,NULL,'jeonju','seoul','2022-12-17 04:00:00','2022-12-17 07:00:00'),(46526,1093,24,'seoul','p',28,0,'03:00:00',25600,NULL,'jeonju','seoul','2022-12-17 04:30:00','2022-12-17 07:30:00'),(46527,1090,23,'seoul','p',28,0,'03:00:00',25600,NULL,'jeonju','seoul','2022-12-17 05:00:00','2022-12-17 08:00:00'),(46528,1084,22,'seoul','n',36,0,'03:00:00',15600,NULL,'jeonju','seoul','2022-12-17 05:30:00','2022-12-17 08:30:00'),(46529,1082,21,'seoul','p',28,0,'03:00:00',25600,NULL,'jeonju','seoul','2022-12-17 06:00:00','2022-12-17 09:00:00'),(46530,1003,1,'seoul','p',28,0,'03:00:00',25600,NULL,'jeonju','seoul','2022-12-17 06:30:00','2022-12-17 09:30:00'),(46531,1071,19,'seoul','n',36,0,'03:00:00',15600,NULL,'jeonju','seoul','2022-12-17 07:00:00','2022-12-17 10:00:00'),(46532,1069,18,'seoul','p',28,0,'03:00:00',25600,NULL,'jeonju','seoul','2022-12-17 07:30:00','2022-12-17 10:30:00'),(46533,1067,17,'seoul','p',28,0,'03:00:00',25600,NULL,'jeonju','seoul','2022-12-17 08:00:00','2022-12-17 11:00:00'),(46534,1064,16,'seoul','p',28,0,'03:00:00',25600,NULL,'jeonju','seoul','2022-12-17 08:30:00','2022-12-17 11:30:00'),(46535,1049,15,'seoul','n',36,0,'03:00:00',15600,NULL,'jeonju','seoul','2022-12-17 09:00:00','2022-12-17 12:00:00'),(46536,1041,14,'seoul','n',36,0,'03:00:00',15600,NULL,'jeonju','seoul','2022-12-17 09:30:00','2022-12-17 12:30:00'),(46537,1037,13,'seoul','p',28,0,'03:00:00',25600,NULL,'jeonju','seoul','2022-12-17 10:00:00','2022-12-17 13:00:00'),(46538,1032,12,'seoul','h',28,0,'03:00:00',20600,NULL,'jeonju','seoul','2022-12-17 10:30:00','2022-12-17 13:30:00'),(46539,1031,11,'seoul','n',36,0,'03:00:00',15600,NULL,'jeonju','seoul','2022-12-17 11:00:00','2022-12-17 14:00:00'),(46540,1024,10,'seoul','n',36,0,'03:00:00',15600,NULL,'jeonju','seoul','2022-12-17 11:30:00','2022-12-17 14:30:00'),(46541,1075,20,'seoul','p',28,0,'03:00:00',25600,NULL,'jeonju','seoul','2022-12-17 12:00:00','2022-12-17 15:00:00'),(46542,1996,38,'seoul','p',28,0,'03:00:00',25600,NULL,'jeonju','seoul','2022-12-17 12:30:00','2022-12-17 15:30:00'),(46543,1142,31,'seoul','p',28,0,'03:00:00',25600,NULL,'jeonju','seoul','2022-12-17 13:00:00','2022-12-17 16:00:00'),(46544,1133,30,'seoul','p',28,0,'03:00:00',25600,NULL,'jeonju','seoul','2022-12-17 13:30:00','2022-12-17 16:30:00'),(46545,1124,29,'seoul','p',28,0,'03:00:00',25600,NULL,'jeonju','seoul','2022-12-17 14:00:00','2022-12-17 17:00:00'),(46546,1116,28,'seoul','p',28,0,'03:00:00',25600,NULL,'jeonju','seoul','2022-12-17 14:30:00','2022-12-17 17:30:00'),(46547,1113,27,'seoul','p',28,0,'03:00:00',25600,NULL,'jeonju','seoul','2022-12-17 15:00:00','2022-12-17 18:00:00'),(46548,1103,26,'seoul','p',28,0,'03:00:00',25600,NULL,'jeonju','seoul','2022-12-17 15:30:00','2022-12-17 18:30:00'),(46549,1099,25,'seoul','h',28,0,'03:00:00',20600,NULL,'jeonju','seoul','2022-12-17 16:00:00','2022-12-17 19:00:00'),(46550,1093,24,'seoul','p',28,0,'03:00:00',25600,NULL,'jeonju','seoul','2022-12-17 16:30:00','2022-12-17 19:30:00'),(46551,1090,23,'seoul','p',28,0,'03:00:00',25600,NULL,'jeonju','seoul','2022-12-17 17:00:00','2022-12-17 20:00:00'),(46552,1084,22,'seoul','n',36,0,'03:00:00',15600,NULL,'jeonju','seoul','2022-12-17 17:30:00','2022-12-17 20:30:00'),(46553,1082,21,'seoul','p',28,0,'03:00:00',25600,NULL,'jeonju','seoul','2022-12-17 18:00:00','2022-12-17 21:00:00'),(46554,1003,1,'seoul','p',28,0,'03:00:00',25600,NULL,'jeonju','seoul','2022-12-17 18:30:00','2022-12-17 21:30:00'),(46555,1071,19,'seoul','n',36,1,'03:00:00',15600,NULL,'jeonju','seoul','2022-12-17 19:00:00','2022-12-17 22:00:00'),(46556,1069,18,'seoul','p',28,0,'03:00:00',25600,NULL,'jeonju','seoul','2022-12-17 19:30:00','2022-12-17 22:30:00'),(46557,1067,17,'seoul','p',28,0,'03:00:00',25600,NULL,'jeonju','seoul','2022-12-17 20:00:00','2022-12-17 23:00:00'),(46558,1064,16,'seoul','p',28,0,'03:00:00',25600,NULL,'jeonju','seoul','2022-12-17 20:30:00','2022-12-17 23:30:00'),(46559,1049,15,'seoul','n',36,2,'03:00:00',15600,NULL,'jeonju','seoul','2022-12-17 21:00:00','2022-12-18 00:00:00'),(46560,1041,14,'seoul','n',36,0,'03:00:00',15600,NULL,'jeonju','seoul','2022-12-17 21:30:00','2022-12-18 00:30:00'),(46561,1037,13,'seoul','p',28,0,'03:00:00',25600,NULL,'jeonju','seoul','2022-12-17 22:00:00','2022-12-18 01:00:00'),(46562,1032,12,'seoul','h',28,0,'03:00:00',20600,NULL,'jeonju','seoul','2022-12-17 22:30:00','2022-12-18 01:30:00'),(46563,1031,11,'seoul','n',36,0,'03:00:00',15600,NULL,'jeonju','seoul','2022-12-17 23:00:00','2022-12-18 02:00:00'),(46564,1024,10,'seoul','n',36,2,'03:00:00',15600,NULL,'jeonju','seoul','2022-12-17 23:30:00','2022-12-18 02:30:00'),(46565,1075,20,'seoul','p',28,0,'03:00:00',25600,NULL,'jeonju','seoul','2022-12-18 00:15:00','2022-12-18 03:15:00'),(46566,1996,38,'seoul','p',28,0,'03:00:00',25600,NULL,'jeonju','seoul','2022-12-18 00:45:00','2022-12-18 03:45:00'),(46567,1142,31,'seoul','p',28,0,'03:00:00',25600,NULL,'jeonju','seoul','2022-12-18 01:15:00','2022-12-18 04:15:00'),(46568,1133,30,'seoul','p',28,0,'03:00:00',25600,NULL,'jeonju','seoul','2022-12-18 01:45:00','2022-12-18 04:45:00'),(46569,1124,29,'seoul','p',28,0,'03:00:00',25600,NULL,'jeonju','seoul','2022-12-18 02:15:00','2022-12-18 05:15:00'),(46570,1116,28,'seoul','p',28,0,'03:00:00',25600,NULL,'jeonju','seoul','2022-12-18 02:45:00','2022-12-18 05:45:00'),(46571,1113,27,'seoul','p',28,0,'03:00:00',25600,NULL,'jeonju','seoul','2022-12-18 03:15:00','2022-12-18 06:15:00'),(46572,1103,26,'seoul','p',28,0,'03:00:00',25600,NULL,'jeonju','seoul','2022-12-18 03:45:00','2022-12-18 06:45:00'),(46573,1099,25,'seoul','h',28,0,'03:00:00',20600,NULL,'jeonju','seoul','2022-12-18 04:15:00','2022-12-18 07:15:00'),(46574,1093,24,'seoul','p',28,0,'03:00:00',25600,NULL,'jeonju','seoul','2022-12-18 04:45:00','2022-12-18 07:45:00'),(46575,1090,23,'seoul','p',28,0,'03:00:00',25600,NULL,'jeonju','seoul','2022-12-18 05:15:00','2022-12-18 08:15:00'),(46576,1084,22,'seoul','n',36,0,'03:00:00',15600,NULL,'jeonju','seoul','2022-12-18 05:45:00','2022-12-18 08:45:00'),(46577,1082,21,'seoul','p',28,0,'03:00:00',25600,NULL,'jeonju','seoul','2022-12-18 06:15:00','2022-12-18 09:15:00'),(46578,1003,1,'seoul','p',28,0,'03:00:00',25600,NULL,'jeonju','seoul','2022-12-18 06:45:00','2022-12-18 09:45:00'),(46579,1071,19,'seoul','n',36,0,'03:00:00',15600,NULL,'jeonju','seoul','2022-12-18 07:15:00','2022-12-18 10:15:00'),(46580,1069,18,'seoul','p',28,0,'03:00:00',25600,NULL,'jeonju','seoul','2022-12-18 07:45:00','2022-12-18 10:45:00'),(46581,1067,17,'seoul','p',28,0,'03:00:00',25600,NULL,'jeonju','seoul','2022-12-18 08:15:00','2022-12-18 11:15:00'),(46582,1064,16,'seoul','p',28,0,'03:00:00',25600,NULL,'jeonju','seoul','2022-12-18 08:45:00','2022-12-18 11:45:00'),(46583,1049,15,'seoul','n',36,0,'03:00:00',15600,NULL,'jeonju','seoul','2022-12-18 09:15:00','2022-12-18 12:15:00'),(46584,1041,14,'seoul','n',36,0,'03:00:00',15600,NULL,'jeonju','seoul','2022-12-18 09:45:00','2022-12-18 12:45:00'),(46585,1037,13,'seoul','p',28,0,'03:00:00',25600,NULL,'jeonju','seoul','2022-12-18 10:15:00','2022-12-18 13:15:00'),(46586,1032,12,'seoul','h',28,0,'03:00:00',20600,NULL,'jeonju','seoul','2022-12-18 10:45:00','2022-12-18 13:45:00'),(46587,1031,11,'seoul','n',36,0,'03:00:00',15600,NULL,'jeonju','seoul','2022-12-18 11:15:00','2022-12-18 14:15:00'),(46588,1024,10,'seoul','n',36,0,'03:00:00',15600,NULL,'jeonju','seoul','2022-12-18 11:45:00','2022-12-18 14:45:00'),(46589,1075,20,'seoul','p',28,0,'03:00:00',25600,NULL,'jeonju','seoul','2022-12-18 12:15:00','2022-12-18 15:15:00'),(46590,1996,38,'seoul','p',28,0,'03:00:00',25600,NULL,'jeonju','seoul','2022-12-18 12:45:00','2022-12-18 15:45:00'),(46591,1142,31,'seoul','p',28,0,'03:00:00',25600,NULL,'jeonju','seoul','2022-12-18 13:15:00','2022-12-18 16:15:00'),(46592,1133,30,'seoul','p',28,0,'03:00:00',25600,NULL,'jeonju','seoul','2022-12-18 13:45:00','2022-12-18 16:45:00'),(46593,1124,29,'seoul','p',28,0,'03:00:00',25600,NULL,'jeonju','seoul','2022-12-18 14:15:00','2022-12-18 17:15:00'),(46594,1116,28,'seoul','p',28,0,'03:00:00',25600,NULL,'jeonju','seoul','2022-12-18 14:45:00','2022-12-18 17:45:00'),(46595,1113,27,'seoul','p',28,0,'03:00:00',25600,NULL,'jeonju','seoul','2022-12-18 15:15:00','2022-12-18 18:15:00'),(46596,1103,26,'seoul','p',28,0,'03:00:00',25600,NULL,'jeonju','seoul','2022-12-18 15:45:00','2022-12-18 18:45:00'),(46597,1099,25,'seoul','h',28,0,'03:00:00',20600,NULL,'jeonju','seoul','2022-12-18 16:15:00','2022-12-18 19:15:00'),(46598,1093,24,'seoul','p',28,0,'03:00:00',25600,NULL,'jeonju','seoul','2022-12-18 16:45:00','2022-12-18 19:45:00'),(46599,1090,23,'seoul','p',28,0,'03:00:00',25600,NULL,'jeonju','seoul','2022-12-18 17:15:00','2022-12-18 20:15:00'),(46600,1084,22,'seoul','n',36,0,'03:00:00',15600,NULL,'jeonju','seoul','2022-12-18 17:45:00','2022-12-18 20:45:00'),(46601,1082,21,'seoul','p',28,0,'03:00:00',25600,NULL,'jeonju','seoul','2022-12-18 18:15:00','2022-12-18 21:15:00'),(46602,1003,1,'seoul','p',28,0,'03:00:00',25600,NULL,'jeonju','seoul','2022-12-18 18:45:00','2022-12-18 21:45:00'),(46603,1071,19,'seoul','n',36,4,'03:00:00',15600,NULL,'jeonju','seoul','2022-12-18 19:15:00','2022-12-18 22:15:00'),(46604,1069,18,'seoul','p',28,0,'03:00:00',25600,NULL,'jeonju','seoul','2022-12-18 19:45:00','2022-12-18 22:45:00'),(46605,1067,17,'seoul','p',28,0,'03:00:00',25600,NULL,'jeonju','seoul','2022-12-18 20:15:00','2022-12-18 23:15:00'),(46606,1064,16,'seoul','p',28,0,'03:00:00',25600,NULL,'jeonju','seoul','2022-12-18 20:45:00','2022-12-18 23:45:00'),(46607,1049,15,'seoul','n',36,0,'03:00:00',15600,NULL,'jeonju','seoul','2022-12-18 21:15:00','2022-12-19 00:15:00'),(46608,1041,14,'seoul','n',36,0,'03:00:00',15600,NULL,'jeonju','seoul','2022-12-18 21:45:00','2022-12-19 00:45:00'),(46609,1037,13,'seoul','p',28,0,'03:00:00',25600,NULL,'jeonju','seoul','2022-12-18 22:15:00','2022-12-19 01:15:00'),(46610,1032,12,'seoul','h',28,0,'03:00:00',20600,NULL,'jeonju','seoul','2022-12-18 22:45:00','2022-12-19 01:45:00'),(46611,1031,11,'seoul','n',36,0,'03:00:00',15600,NULL,'jeonju','seoul','2022-12-18 23:15:00','2022-12-19 02:15:00'),(46612,1024,10,'seoul','n',36,0,'03:00:00',15600,NULL,'jeonju','seoul','2022-12-18 23:45:00','2022-12-19 02:45:00'),(46613,1075,20,'seoul','p',28,0,'03:00:00',25600,NULL,'jeonju','seoul','2022-12-19 00:00:00','2022-12-19 03:00:00'),(46614,1996,38,'seoul','p',28,0,'03:00:00',25600,NULL,'jeonju','seoul','2022-12-19 00:30:00','2022-12-19 03:30:00'),(46615,1142,31,'seoul','p',28,0,'03:00:00',25600,NULL,'jeonju','seoul','2022-12-19 01:00:00','2022-12-19 04:00:00'),(46616,1133,30,'seoul','p',28,0,'03:00:00',25600,NULL,'jeonju','seoul','2022-12-19 01:30:00','2022-12-19 04:30:00'),(46617,1124,29,'seoul','p',28,0,'03:00:00',25600,NULL,'jeonju','seoul','2022-12-19 02:00:00','2022-12-19 05:00:00'),(46618,1116,28,'seoul','p',28,0,'03:00:00',25600,NULL,'jeonju','seoul','2022-12-19 02:30:00','2022-12-19 05:30:00'),(46619,1113,27,'seoul','p',28,0,'03:00:00',25600,NULL,'jeonju','seoul','2022-12-19 03:00:00','2022-12-19 06:00:00'),(46620,1103,26,'seoul','p',28,0,'03:00:00',25600,NULL,'jeonju','seoul','2022-12-19 03:30:00','2022-12-19 06:30:00'),(46621,1099,25,'seoul','h',28,0,'03:00:00',20600,NULL,'jeonju','seoul','2022-12-19 04:00:00','2022-12-19 07:00:00'),(46622,1093,24,'seoul','p',28,0,'03:00:00',25600,NULL,'jeonju','seoul','2022-12-19 04:30:00','2022-12-19 07:30:00'),(46623,1090,23,'seoul','p',28,0,'03:00:00',25600,NULL,'jeonju','seoul','2022-12-19 05:00:00','2022-12-19 08:00:00'),(46624,1084,22,'seoul','n',36,0,'03:00:00',15600,NULL,'jeonju','seoul','2022-12-19 05:30:00','2022-12-19 08:30:00'),(46625,1082,21,'seoul','p',28,0,'03:00:00',25600,NULL,'jeonju','seoul','2022-12-19 06:00:00','2022-12-19 09:00:00'),(46626,1003,1,'seoul','p',28,0,'03:00:00',25600,NULL,'jeonju','seoul','2022-12-19 06:30:00','2022-12-19 09:30:00'),(46627,1071,19,'seoul','n',36,0,'03:00:00',15600,NULL,'jeonju','seoul','2022-12-19 07:00:00','2022-12-19 10:00:00'),(46628,1069,18,'seoul','p',28,0,'03:00:00',25600,NULL,'jeonju','seoul','2022-12-19 07:30:00','2022-12-19 10:30:00'),(46629,1067,17,'seoul','p',28,0,'03:00:00',25600,NULL,'jeonju','seoul','2022-12-19 08:00:00','2022-12-19 11:00:00'),(46630,1064,16,'seoul','p',28,0,'03:00:00',25600,NULL,'jeonju','seoul','2022-12-19 08:30:00','2022-12-19 11:30:00'),(46631,1049,15,'seoul','n',36,0,'03:00:00',15600,NULL,'jeonju','seoul','2022-12-19 09:00:00','2022-12-19 12:00:00'),(46632,1041,14,'seoul','n',36,0,'03:00:00',15600,NULL,'jeonju','seoul','2022-12-19 09:30:00','2022-12-19 12:30:00'),(46633,1037,13,'seoul','p',28,0,'03:00:00',25600,NULL,'jeonju','seoul','2022-12-19 10:00:00','2022-12-19 13:00:00'),(46634,1032,12,'seoul','h',28,0,'03:00:00',20600,NULL,'jeonju','seoul','2022-12-19 10:30:00','2022-12-19 13:30:00'),(46635,1031,11,'seoul','n',36,0,'03:00:00',15600,NULL,'jeonju','seoul','2022-12-19 11:00:00','2022-12-19 14:00:00'),(46636,1024,10,'seoul','n',36,0,'03:00:00',15600,NULL,'jeonju','seoul','2022-12-19 11:30:00','2022-12-19 14:30:00'),(46637,1075,20,'seoul','p',28,0,'03:00:00',25600,NULL,'jeonju','seoul','2022-12-19 12:00:00','2022-12-19 15:00:00'),(46638,1996,38,'seoul','p',28,0,'03:00:00',25600,NULL,'jeonju','seoul','2022-12-19 12:30:00','2022-12-19 15:30:00'),(46639,1142,31,'seoul','p',28,0,'03:00:00',25600,NULL,'jeonju','seoul','2022-12-19 13:00:00','2022-12-19 16:00:00'),(46640,1133,30,'seoul','p',28,0,'03:00:00',25600,NULL,'jeonju','seoul','2022-12-19 13:30:00','2022-12-19 16:30:00'),(46641,1124,29,'seoul','p',28,0,'03:00:00',25600,NULL,'jeonju','seoul','2022-12-19 14:00:00','2022-12-19 17:00:00'),(46642,1116,28,'seoul','p',28,0,'03:00:00',25600,NULL,'jeonju','seoul','2022-12-19 14:30:00','2022-12-19 17:30:00'),(46643,1113,27,'seoul','p',28,0,'03:00:00',25600,NULL,'jeonju','seoul','2022-12-19 15:00:00','2022-12-19 18:00:00'),(46644,1103,26,'seoul','p',28,0,'03:00:00',25600,NULL,'jeonju','seoul','2022-12-19 15:30:00','2022-12-19 18:30:00'),(46645,1099,25,'seoul','h',28,0,'03:00:00',20600,NULL,'jeonju','seoul','2022-12-19 16:00:00','2022-12-19 19:00:00'),(46646,1093,24,'seoul','p',28,0,'03:00:00',25600,NULL,'jeonju','seoul','2022-12-19 16:30:00','2022-12-19 19:30:00'),(46647,1087,51,'jeonju','h',28,0,'03:00:00',20600,NULL,'seoul','jeonju','2022-12-16 00:15:00','2022-12-16 03:15:00'),(46648,1989,80,'jeonju','h',28,0,'03:00:00',20600,NULL,'seoul','jeonju','2022-12-16 00:45:00','2022-12-16 03:45:00'),(46649,1161,62,'jeonju','p',28,0,'03:00:00',25600,NULL,'seoul','jeonju','2022-12-16 01:15:00','2022-12-16 04:15:00'),(46650,1159,61,'jeonju','n',36,0,'03:00:00',15600,NULL,'seoul','jeonju','2022-12-16 01:45:00','2022-12-16 04:45:00'),(46651,1154,60,'jeonju','p',28,0,'03:00:00',25600,NULL,'seoul','jeonju','2022-12-16 02:15:00','2022-12-16 05:15:00'),(46652,1147,59,'jeonju','p',28,0,'03:00:00',25600,NULL,'seoul','jeonju','2022-12-16 02:45:00','2022-12-16 05:45:00'),(46653,1141,58,'jeonju','p',28,0,'03:00:00',25600,NULL,'seoul','jeonju','2022-12-16 03:15:00','2022-12-16 06:15:00'),(46654,1136,57,'jeonju','p',28,0,'03:00:00',25600,NULL,'seoul','jeonju','2022-12-16 03:45:00','2022-12-16 06:45:00'),(46655,1131,56,'jeonju','p',28,0,'03:00:00',25600,NULL,'seoul','jeonju','2022-12-16 04:15:00','2022-12-16 07:15:00'),(46656,1127,55,'jeonju','p',28,0,'03:00:00',25600,NULL,'seoul','jeonju','2022-12-16 04:45:00','2022-12-16 07:45:00'),(46657,1108,54,'jeonju','n',36,0,'03:00:00',15600,NULL,'seoul','jeonju','2022-12-16 05:15:00','2022-12-16 08:15:00'),(46658,1107,53,'jeonju','h',28,0,'03:00:00',20600,NULL,'seoul','jeonju','2022-12-16 05:45:00','2022-12-16 08:45:00'),(46659,1089,52,'jeonju','p',28,0,'03:00:00',25600,NULL,'seoul','jeonju','2022-12-16 06:15:00','2022-12-16 09:15:00'),(46660,1001,39,'jeonju','p',28,0,'03:00:00',25600,NULL,'seoul','jeonju','2022-12-16 06:45:00','2022-12-16 09:45:00'),(46661,1085,50,'jeonju','p',28,0,'03:00:00',25600,NULL,'seoul','jeonju','2022-12-16 07:15:00','2022-12-16 10:15:00'),(46662,1074,49,'jeonju','n',36,0,'03:00:00',15600,NULL,'seoul','jeonju','2022-12-16 07:45:00','2022-12-16 10:45:00'),(46663,1061,48,'jeonju','p',28,0,'03:00:00',25600,NULL,'seoul','jeonju','2022-12-16 08:15:00','2022-12-16 11:15:00'),(46664,1059,47,'jeonju','n',36,0,'03:00:00',15600,NULL,'seoul','jeonju','2022-12-16 08:45:00','2022-12-16 11:45:00'),(46665,1054,46,'jeonju','p',28,0,'03:00:00',25600,NULL,'seoul','jeonju','2022-12-16 09:15:00','2022-12-16 12:15:00'),(46666,1050,45,'jeonju','p',28,0,'03:00:00',25600,NULL,'seoul','jeonju','2022-12-16 09:45:00','2022-12-16 12:45:00'),(46667,1046,44,'jeonju','p',28,0,'03:00:00',25600,NULL,'seoul','jeonju','2022-12-16 10:15:00','2022-12-16 13:15:00'),(46668,1044,43,'jeonju','n',36,0,'03:00:00',15600,NULL,'seoul','jeonju','2022-12-16 10:45:00','2022-12-16 13:45:00'),(46669,1038,42,'jeonju','p',28,0,'03:00:00',25600,NULL,'seoul','jeonju','2022-12-16 11:15:00','2022-12-16 14:15:00'),(46670,1035,41,'jeonju','h',28,0,'03:00:00',20600,NULL,'seoul','jeonju','2022-12-16 11:45:00','2022-12-16 14:45:00'),(46671,1087,51,'jeonju','h',28,0,'03:00:00',20600,NULL,'seoul','jeonju','2022-12-16 12:15:00','2022-12-16 15:15:00'),(46672,1989,80,'jeonju','h',28,0,'03:00:00',20600,NULL,'seoul','jeonju','2022-12-16 12:45:00','2022-12-16 15:45:00'),(46673,1161,62,'jeonju','p',28,0,'03:00:00',25600,NULL,'seoul','jeonju','2022-12-16 13:15:00','2022-12-16 16:15:00'),(46674,1159,61,'jeonju','n',36,0,'03:00:00',15600,NULL,'seoul','jeonju','2022-12-16 13:45:00','2022-12-16 16:45:00'),(46675,1154,60,'jeonju','p',28,0,'03:00:00',25600,NULL,'seoul','jeonju','2022-12-16 14:15:00','2022-12-16 17:15:00'),(46676,1147,59,'jeonju','p',28,0,'03:00:00',25600,NULL,'seoul','jeonju','2022-12-16 14:45:00','2022-12-16 17:45:00'),(46677,1141,58,'jeonju','p',28,0,'03:00:00',25600,NULL,'seoul','jeonju','2022-12-16 15:15:00','2022-12-16 18:15:00'),(46678,1136,57,'jeonju','p',28,0,'03:00:00',25600,NULL,'seoul','jeonju','2022-12-16 15:45:00','2022-12-16 18:45:00'),(46679,1131,56,'jeonju','p',28,0,'03:00:00',25600,NULL,'seoul','jeonju','2022-12-16 16:15:00','2022-12-16 19:15:00'),(46680,1127,55,'jeonju','p',28,0,'03:00:00',25600,NULL,'seoul','jeonju','2022-12-16 16:45:00','2022-12-16 19:45:00'),(46681,1108,54,'jeonju','n',36,0,'03:00:00',15600,NULL,'seoul','jeonju','2022-12-16 17:15:00','2022-12-16 20:15:00'),(46682,1107,53,'jeonju','h',28,0,'03:00:00',20600,NULL,'seoul','jeonju','2022-12-16 17:45:00','2022-12-16 20:45:00'),(46683,1089,52,'jeonju','p',28,0,'03:00:00',25600,NULL,'seoul','jeonju','2022-12-16 18:15:00','2022-12-16 21:15:00'),(46684,1001,39,'jeonju','p',28,0,'03:00:00',25600,NULL,'seoul','jeonju','2022-12-16 18:45:00','2022-12-16 21:45:00'),(46685,1085,50,'jeonju','p',28,0,'03:00:00',25600,NULL,'seoul','jeonju','2022-12-16 19:15:00','2022-12-16 22:15:00'),(46686,1074,49,'jeonju','n',36,0,'03:00:00',15600,NULL,'seoul','jeonju','2022-12-16 19:45:00','2022-12-16 22:45:00'),(46687,1061,48,'jeonju','p',28,0,'03:00:00',25600,NULL,'seoul','jeonju','2022-12-16 20:15:00','2022-12-16 23:15:00'),(46688,1059,47,'jeonju','n',36,0,'03:00:00',15600,NULL,'seoul','jeonju','2022-12-16 20:45:00','2022-12-16 23:45:00'),(46689,1054,46,'jeonju','p',28,0,'03:00:00',25600,NULL,'seoul','jeonju','2022-12-16 21:15:00','2022-12-17 00:15:00'),(46690,1050,45,'jeonju','p',28,0,'03:00:00',25600,NULL,'seoul','jeonju','2022-12-16 21:45:00','2022-12-17 00:45:00'),(46691,1046,44,'jeonju','p',28,0,'03:00:00',25600,NULL,'seoul','jeonju','2022-12-16 22:15:00','2022-12-17 01:15:00'),(46692,1044,43,'jeonju','n',36,0,'03:00:00',15600,NULL,'seoul','jeonju','2022-12-16 22:45:00','2022-12-17 01:45:00'),(46693,1038,42,'jeonju','p',28,0,'03:00:00',25600,NULL,'seoul','jeonju','2022-12-16 23:15:00','2022-12-17 02:15:00'),(46694,1035,41,'jeonju','h',28,1,'03:00:00',20600,NULL,'seoul','jeonju','2022-12-16 23:45:00','2022-12-17 02:45:00'),(46695,1087,51,'jeonju','h',28,0,'03:00:00',20600,NULL,'seoul','jeonju','2022-12-17 00:00:00','2022-12-17 03:00:00'),(46696,1989,80,'jeonju','h',28,0,'03:00:00',20600,NULL,'seoul','jeonju','2022-12-17 00:30:00','2022-12-17 03:30:00'),(46697,1161,62,'jeonju','p',28,0,'03:00:00',25600,NULL,'seoul','jeonju','2022-12-17 01:00:00','2022-12-17 04:00:00'),(46698,1159,61,'jeonju','n',36,0,'03:00:00',15600,NULL,'seoul','jeonju','2022-12-17 01:30:00','2022-12-17 04:30:00'),(46699,1154,60,'jeonju','p',28,0,'03:00:00',25600,NULL,'seoul','jeonju','2022-12-17 02:00:00','2022-12-17 05:00:00'),(46700,1147,59,'jeonju','p',28,0,'03:00:00',25600,NULL,'seoul','jeonju','2022-12-17 02:30:00','2022-12-17 05:30:00'),(46701,1141,58,'jeonju','p',28,0,'03:00:00',25600,NULL,'seoul','jeonju','2022-12-17 03:00:00','2022-12-17 06:00:00'),(46702,1136,57,'jeonju','p',28,0,'03:00:00',25600,NULL,'seoul','jeonju','2022-12-17 03:30:00','2022-12-17 06:30:00'),(46703,1131,56,'jeonju','p',28,0,'03:00:00',25600,NULL,'seoul','jeonju','2022-12-17 04:00:00','2022-12-17 07:00:00'),(46704,1127,55,'jeonju','p',28,0,'03:00:00',25600,NULL,'seoul','jeonju','2022-12-17 04:30:00','2022-12-17 07:30:00'),(46705,1108,54,'jeonju','n',36,0,'03:00:00',15600,NULL,'seoul','jeonju','2022-12-17 05:00:00','2022-12-17 08:00:00'),(46706,1107,53,'jeonju','h',28,0,'03:00:00',20600,NULL,'seoul','jeonju','2022-12-17 05:30:00','2022-12-17 08:30:00'),(46707,1089,52,'jeonju','p',28,0,'03:00:00',25600,NULL,'seoul','jeonju','2022-12-17 06:00:00','2022-12-17 09:00:00'),(46708,1001,39,'jeonju','p',28,0,'03:00:00',25600,NULL,'seoul','jeonju','2022-12-17 06:30:00','2022-12-17 09:30:00'),(46709,1085,50,'jeonju','p',28,0,'03:00:00',25600,NULL,'seoul','jeonju','2022-12-17 07:00:00','2022-12-17 10:00:00'),(46710,1074,49,'jeonju','n',36,0,'03:00:00',15600,NULL,'seoul','jeonju','2022-12-17 07:30:00','2022-12-17 10:30:00'),(46711,1061,48,'jeonju','p',28,0,'03:00:00',25600,NULL,'seoul','jeonju','2022-12-17 08:00:00','2022-12-17 11:00:00'),(46712,1059,47,'jeonju','n',36,0,'03:00:00',15600,NULL,'seoul','jeonju','2022-12-17 08:30:00','2022-12-17 11:30:00'),(46713,1054,46,'jeonju','p',28,0,'03:00:00',25600,NULL,'seoul','jeonju','2022-12-17 09:00:00','2022-12-17 12:00:00'),(46714,1050,45,'jeonju','p',28,0,'03:00:00',25600,NULL,'seoul','jeonju','2022-12-17 09:30:00','2022-12-17 12:30:00'),(46715,1046,44,'jeonju','p',28,0,'03:00:00',25600,NULL,'seoul','jeonju','2022-12-17 10:00:00','2022-12-17 13:00:00'),(46716,1044,43,'jeonju','n',36,0,'03:00:00',15600,NULL,'seoul','jeonju','2022-12-17 10:30:00','2022-12-17 13:30:00'),(46717,1038,42,'jeonju','p',28,0,'03:00:00',25600,NULL,'seoul','jeonju','2022-12-17 11:00:00','2022-12-17 14:00:00'),(46718,1035,41,'jeonju','h',28,0,'03:00:00',20600,NULL,'seoul','jeonju','2022-12-17 11:30:00','2022-12-17 14:30:00'),(46719,1087,51,'jeonju','h',28,0,'03:00:00',20600,NULL,'seoul','jeonju','2022-12-17 12:00:00','2022-12-17 15:00:00'),(46720,1989,80,'jeonju','h',28,0,'03:00:00',20600,NULL,'seoul','jeonju','2022-12-17 12:30:00','2022-12-17 15:30:00'),(46721,1161,62,'jeonju','p',28,0,'03:00:00',25600,NULL,'seoul','jeonju','2022-12-17 13:00:00','2022-12-17 16:00:00'),(46722,1159,61,'jeonju','n',36,0,'03:00:00',15600,NULL,'seoul','jeonju','2022-12-17 13:30:00','2022-12-17 16:30:00'),(46723,1154,60,'jeonju','p',28,0,'03:00:00',25600,NULL,'seoul','jeonju','2022-12-17 14:00:00','2022-12-17 17:00:00'),(46724,1147,59,'jeonju','p',28,0,'03:00:00',25600,NULL,'seoul','jeonju','2022-12-17 14:30:00','2022-12-17 17:30:00'),(46725,1141,58,'jeonju','p',28,0,'03:00:00',25600,NULL,'seoul','jeonju','2022-12-17 15:00:00','2022-12-17 18:00:00'),(46726,1136,57,'jeonju','p',28,0,'03:00:00',25600,NULL,'seoul','jeonju','2022-12-17 15:30:00','2022-12-17 18:30:00'),(46727,1131,56,'jeonju','p',28,0,'03:00:00',25600,NULL,'seoul','jeonju','2022-12-17 16:00:00','2022-12-17 19:00:00'),(46728,1127,55,'jeonju','p',28,0,'03:00:00',25600,NULL,'seoul','jeonju','2022-12-17 16:30:00','2022-12-17 19:30:00'),(46729,1108,54,'jeonju','n',36,0,'03:00:00',15600,NULL,'seoul','jeonju','2022-12-17 17:00:00','2022-12-17 20:00:00'),(46730,1107,53,'jeonju','h',28,0,'03:00:00',20600,NULL,'seoul','jeonju','2022-12-17 17:30:00','2022-12-17 20:30:00'),(46731,1089,52,'jeonju','p',28,0,'03:00:00',25600,NULL,'seoul','jeonju','2022-12-17 18:00:00','2022-12-17 21:00:00'),(46732,1001,39,'jeonju','p',28,0,'03:00:00',25600,NULL,'seoul','jeonju','2022-12-17 18:30:00','2022-12-17 21:30:00'),(46733,1085,50,'jeonju','p',28,0,'03:00:00',25600,NULL,'seoul','jeonju','2022-12-17 19:00:00','2022-12-17 22:00:00'),(46734,1074,49,'jeonju','n',36,0,'03:00:00',15600,NULL,'seoul','jeonju','2022-12-17 19:30:00','2022-12-17 22:30:00'),(46735,1061,48,'jeonju','p',28,0,'03:00:00',25600,NULL,'seoul','jeonju','2022-12-17 20:00:00','2022-12-17 23:00:00'),(46736,1059,47,'jeonju','n',36,0,'03:00:00',15600,NULL,'seoul','jeonju','2022-12-17 20:30:00','2022-12-17 23:30:00'),(46737,1054,46,'jeonju','p',28,0,'03:00:00',25600,NULL,'seoul','jeonju','2022-12-17 21:00:00','2022-12-18 00:00:00'),(46738,1050,45,'jeonju','p',28,0,'03:00:00',25600,NULL,'seoul','jeonju','2022-12-17 21:30:00','2022-12-18 00:30:00'),(46739,1046,44,'jeonju','p',28,0,'03:00:00',25600,NULL,'seoul','jeonju','2022-12-17 22:00:00','2022-12-18 01:00:00'),(46740,1044,43,'jeonju','n',36,0,'03:00:00',15600,NULL,'seoul','jeonju','2022-12-17 22:30:00','2022-12-18 01:30:00'),(46741,1038,42,'jeonju','p',28,0,'03:00:00',25600,NULL,'seoul','jeonju','2022-12-17 23:00:00','2022-12-18 02:00:00'),(46742,1035,41,'jeonju','h',28,0,'03:00:00',20600,NULL,'seoul','jeonju','2022-12-17 23:30:00','2022-12-18 02:30:00'),(46743,1087,51,'jeonju','h',28,0,'03:00:00',20600,NULL,'seoul','jeonju','2022-12-18 00:15:00','2022-12-18 03:15:00'),(46744,1989,80,'jeonju','h',28,0,'03:00:00',20600,NULL,'seoul','jeonju','2022-12-18 00:45:00','2022-12-18 03:45:00'),(46745,1161,62,'jeonju','p',28,0,'03:00:00',25600,NULL,'seoul','jeonju','2022-12-18 01:15:00','2022-12-18 04:15:00'),(46746,1159,61,'jeonju','n',36,0,'03:00:00',15600,NULL,'seoul','jeonju','2022-12-18 01:45:00','2022-12-18 04:45:00'),(46747,1154,60,'jeonju','p',28,0,'03:00:00',25600,NULL,'seoul','jeonju','2022-12-18 02:15:00','2022-12-18 05:15:00'),(46748,1147,59,'jeonju','p',28,0,'03:00:00',25600,NULL,'seoul','jeonju','2022-12-18 02:45:00','2022-12-18 05:45:00'),(46749,1141,58,'jeonju','p',28,0,'03:00:00',25600,NULL,'seoul','jeonju','2022-12-18 03:15:00','2022-12-18 06:15:00'),(46750,1136,57,'jeonju','p',28,0,'03:00:00',25600,NULL,'seoul','jeonju','2022-12-18 03:45:00','2022-12-18 06:45:00'),(46751,1131,56,'jeonju','p',28,0,'03:00:00',25600,NULL,'seoul','jeonju','2022-12-18 04:15:00','2022-12-18 07:15:00'),(46752,1127,55,'jeonju','p',28,0,'03:00:00',25600,NULL,'seoul','jeonju','2022-12-18 04:45:00','2022-12-18 07:45:00'),(46753,1108,54,'jeonju','n',36,0,'03:00:00',15600,NULL,'seoul','jeonju','2022-12-18 05:15:00','2022-12-18 08:15:00'),(46754,1107,53,'jeonju','h',28,0,'03:00:00',20600,NULL,'seoul','jeonju','2022-12-18 05:45:00','2022-12-18 08:45:00'),(46755,1089,52,'jeonju','p',28,0,'03:00:00',25600,NULL,'seoul','jeonju','2022-12-18 06:15:00','2022-12-18 09:15:00'),(46756,1001,39,'jeonju','p',28,0,'03:00:00',25600,NULL,'seoul','jeonju','2022-12-18 06:45:00','2022-12-18 09:45:00'),(46757,1085,50,'jeonju','p',28,0,'03:00:00',25600,NULL,'seoul','jeonju','2022-12-18 07:15:00','2022-12-18 10:15:00'),(46758,1074,49,'jeonju','n',36,0,'03:00:00',15600,NULL,'seoul','jeonju','2022-12-18 07:45:00','2022-12-18 10:45:00'),(46759,1061,48,'jeonju','p',28,0,'03:00:00',25600,NULL,'seoul','jeonju','2022-12-18 08:15:00','2022-12-18 11:15:00'),(46760,1059,47,'jeonju','n',36,0,'03:00:00',15600,NULL,'seoul','jeonju','2022-12-18 08:45:00','2022-12-18 11:45:00'),(46761,1054,46,'jeonju','p',28,0,'03:00:00',25600,NULL,'seoul','jeonju','2022-12-18 09:15:00','2022-12-18 12:15:00'),(46762,1050,45,'jeonju','p',28,0,'03:00:00',25600,NULL,'seoul','jeonju','2022-12-18 09:45:00','2022-12-18 12:45:00'),(46763,1046,44,'jeonju','p',28,0,'03:00:00',25600,NULL,'seoul','jeonju','2022-12-18 10:15:00','2022-12-18 13:15:00'),(46764,1044,43,'jeonju','n',36,0,'03:00:00',15600,NULL,'seoul','jeonju','2022-12-18 10:45:00','2022-12-18 13:45:00'),(46765,1038,42,'jeonju','p',28,0,'03:00:00',25600,NULL,'seoul','jeonju','2022-12-18 11:15:00','2022-12-18 14:15:00'),(46766,1035,41,'jeonju','h',28,0,'03:00:00',20600,NULL,'seoul','jeonju','2022-12-18 11:45:00','2022-12-18 14:45:00'),(46767,1087,51,'jeonju','h',28,0,'03:00:00',20600,NULL,'seoul','jeonju','2022-12-18 12:15:00','2022-12-18 15:15:00'),(46768,1989,80,'jeonju','h',28,0,'03:00:00',20600,NULL,'seoul','jeonju','2022-12-18 12:45:00','2022-12-18 15:45:00'),(46769,1161,62,'jeonju','p',28,0,'03:00:00',25600,NULL,'seoul','jeonju','2022-12-18 13:15:00','2022-12-18 16:15:00'),(46770,1159,61,'jeonju','n',36,0,'03:00:00',15600,NULL,'seoul','jeonju','2022-12-18 13:45:00','2022-12-18 16:45:00'),(46771,1154,60,'jeonju','p',28,0,'03:00:00',25600,NULL,'seoul','jeonju','2022-12-18 14:15:00','2022-12-18 17:15:00'),(46772,1147,59,'jeonju','p',28,0,'03:00:00',25600,NULL,'seoul','jeonju','2022-12-18 14:45:00','2022-12-18 17:45:00'),(46773,1141,58,'jeonju','p',28,0,'03:00:00',25600,NULL,'seoul','jeonju','2022-12-18 15:15:00','2022-12-18 18:15:00'),(46774,1136,57,'jeonju','p',28,0,'03:00:00',25600,NULL,'seoul','jeonju','2022-12-18 15:45:00','2022-12-18 18:45:00'),(46775,1131,56,'jeonju','p',28,0,'03:00:00',25600,NULL,'seoul','jeonju','2022-12-18 16:15:00','2022-12-18 19:15:00'),(46776,1127,55,'jeonju','p',28,0,'03:00:00',25600,NULL,'seoul','jeonju','2022-12-18 16:45:00','2022-12-18 19:45:00'),(46777,1108,54,'jeonju','n',36,0,'03:00:00',15600,NULL,'seoul','jeonju','2022-12-18 17:15:00','2022-12-18 20:15:00'),(46778,1107,53,'jeonju','h',28,0,'03:00:00',20600,NULL,'seoul','jeonju','2022-12-18 17:45:00','2022-12-18 20:45:00'),(46779,1089,52,'jeonju','p',28,0,'03:00:00',25600,NULL,'seoul','jeonju','2022-12-18 18:15:00','2022-12-18 21:15:00'),(46780,1001,39,'jeonju','p',28,0,'03:00:00',25600,NULL,'seoul','jeonju','2022-12-18 18:45:00','2022-12-18 21:45:00'),(46781,1085,50,'jeonju','p',28,0,'03:00:00',25600,NULL,'seoul','jeonju','2022-12-18 19:15:00','2022-12-18 22:15:00'),(46782,1074,49,'jeonju','n',36,0,'03:00:00',15600,NULL,'seoul','jeonju','2022-12-18 19:45:00','2022-12-18 22:45:00'),(46783,1061,48,'jeonju','p',28,0,'03:00:00',25600,NULL,'seoul','jeonju','2022-12-18 20:15:00','2022-12-18 23:15:00'),(46784,1059,47,'jeonju','n',36,0,'03:00:00',15600,NULL,'seoul','jeonju','2022-12-18 20:45:00','2022-12-18 23:45:00'),(46785,1054,46,'jeonju','p',28,0,'03:00:00',25600,NULL,'seoul','jeonju','2022-12-18 21:15:00','2022-12-19 00:15:00'),(46786,1050,45,'jeonju','p',28,0,'03:00:00',25600,NULL,'seoul','jeonju','2022-12-18 21:45:00','2022-12-19 00:45:00'),(46787,1046,44,'jeonju','p',28,0,'03:00:00',25600,NULL,'seoul','jeonju','2022-12-18 22:15:00','2022-12-19 01:15:00'),(46788,1044,43,'jeonju','n',36,0,'03:00:00',15600,NULL,'seoul','jeonju','2022-12-18 22:45:00','2022-12-19 01:45:00'),(46789,1038,42,'jeonju','p',28,0,'03:00:00',25600,NULL,'seoul','jeonju','2022-12-18 23:15:00','2022-12-19 02:15:00'),(46790,1035,41,'jeonju','h',28,0,'03:00:00',20600,NULL,'seoul','jeonju','2022-12-18 23:45:00','2022-12-19 02:45:00'),(46791,1087,51,'jeonju','h',28,0,'03:00:00',20600,NULL,'seoul','jeonju','2022-12-19 00:00:00','2022-12-19 03:00:00'),(46792,1989,80,'jeonju','h',28,0,'03:00:00',20600,NULL,'seoul','jeonju','2022-12-19 00:30:00','2022-12-19 03:30:00'),(46793,1161,62,'jeonju','p',28,0,'03:00:00',25600,NULL,'seoul','jeonju','2022-12-19 01:00:00','2022-12-19 04:00:00'),(46794,1159,61,'jeonju','n',36,0,'03:00:00',15600,NULL,'seoul','jeonju','2022-12-19 01:30:00','2022-12-19 04:30:00'),(46795,1154,60,'jeonju','p',28,0,'03:00:00',25600,NULL,'seoul','jeonju','2022-12-19 02:00:00','2022-12-19 05:00:00'),(46796,1147,59,'jeonju','p',28,0,'03:00:00',25600,NULL,'seoul','jeonju','2022-12-19 02:30:00','2022-12-19 05:30:00'),(46797,1141,58,'jeonju','p',28,0,'03:00:00',25600,NULL,'seoul','jeonju','2022-12-19 03:00:00','2022-12-19 06:00:00'),(46798,1136,57,'jeonju','p',28,0,'03:00:00',25600,NULL,'seoul','jeonju','2022-12-19 03:30:00','2022-12-19 06:30:00'),(46799,1131,56,'jeonju','p',28,0,'03:00:00',25600,NULL,'seoul','jeonju','2022-12-19 04:00:00','2022-12-19 07:00:00'),(46800,1127,55,'jeonju','p',28,0,'03:00:00',25600,NULL,'seoul','jeonju','2022-12-19 04:30:00','2022-12-19 07:30:00'),(46801,1108,54,'jeonju','n',36,0,'03:00:00',15600,NULL,'seoul','jeonju','2022-12-19 05:00:00','2022-12-19 08:00:00'),(46802,1107,53,'jeonju','h',28,0,'03:00:00',20600,NULL,'seoul','jeonju','2022-12-19 05:30:00','2022-12-19 08:30:00'),(46803,1089,52,'jeonju','p',28,0,'03:00:00',25600,NULL,'seoul','jeonju','2022-12-19 06:00:00','2022-12-19 09:00:00'),(46804,1001,39,'jeonju','p',28,0,'03:00:00',25600,NULL,'seoul','jeonju','2022-12-19 06:30:00','2022-12-19 09:30:00'),(46805,1085,50,'jeonju','p',28,0,'03:00:00',25600,NULL,'seoul','jeonju','2022-12-19 07:00:00','2022-12-19 10:00:00'),(46806,1074,49,'jeonju','n',36,0,'03:00:00',15600,NULL,'seoul','jeonju','2022-12-19 07:30:00','2022-12-19 10:30:00'),(46807,1061,48,'jeonju','p',28,0,'03:00:00',25600,NULL,'seoul','jeonju','2022-12-19 08:00:00','2022-12-19 11:00:00'),(46808,1059,47,'jeonju','n',36,0,'03:00:00',15600,NULL,'seoul','jeonju','2022-12-19 08:30:00','2022-12-19 11:30:00'),(46809,1054,46,'jeonju','p',28,0,'03:00:00',25600,NULL,'seoul','jeonju','2022-12-19 09:00:00','2022-12-19 12:00:00'),(46810,1050,45,'jeonju','p',28,0,'03:00:00',25600,NULL,'seoul','jeonju','2022-12-19 09:30:00','2022-12-19 12:30:00'),(46811,1046,44,'jeonju','p',28,0,'03:00:00',25600,NULL,'seoul','jeonju','2022-12-19 10:00:00','2022-12-19 13:00:00'),(46812,1044,43,'jeonju','n',36,0,'03:00:00',15600,NULL,'seoul','jeonju','2022-12-19 10:30:00','2022-12-19 13:30:00'),(46813,1038,42,'jeonju','p',28,0,'03:00:00',25600,NULL,'seoul','jeonju','2022-12-19 11:00:00','2022-12-19 14:00:00'),(46814,1035,41,'jeonju','h',28,0,'03:00:00',20600,NULL,'seoul','jeonju','2022-12-19 11:30:00','2022-12-19 14:30:00'),(46815,1087,51,'jeonju','h',28,0,'03:00:00',20600,NULL,'seoul','jeonju','2022-12-19 12:00:00','2022-12-19 15:00:00'),(46816,1989,80,'jeonju','h',28,0,'03:00:00',20600,NULL,'seoul','jeonju','2022-12-19 12:30:00','2022-12-19 15:30:00'),(46817,1161,62,'jeonju','p',28,0,'03:00:00',25600,NULL,'seoul','jeonju','2022-12-19 13:00:00','2022-12-19 16:00:00'),(46818,1159,61,'jeonju','n',36,0,'03:00:00',15600,NULL,'seoul','jeonju','2022-12-19 13:30:00','2022-12-19 16:30:00'),(46819,1154,60,'jeonju','p',28,0,'03:00:00',25600,NULL,'seoul','jeonju','2022-12-19 14:00:00','2022-12-19 17:00:00'),(46820,1147,59,'jeonju','p',28,0,'03:00:00',25600,NULL,'seoul','jeonju','2022-12-19 14:30:00','2022-12-19 17:30:00'),(46821,1141,58,'jeonju','p',28,0,'03:00:00',25600,NULL,'seoul','jeonju','2022-12-19 15:00:00','2022-12-19 18:00:00'),(46822,1136,57,'jeonju','p',28,0,'03:00:00',25600,NULL,'seoul','jeonju','2022-12-19 15:30:00','2022-12-19 18:30:00'),(46823,1131,56,'jeonju','p',28,0,'03:00:00',25600,NULL,'seoul','jeonju','2022-12-19 16:00:00','2022-12-19 19:00:00'),(46824,1127,55,'jeonju','p',28,0,'03:00:00',25600,NULL,'seoul','jeonju','2022-12-19 16:30:00','2022-12-19 19:30:00'),(46825,1075,20,'incheon','p',28,0,'03:30:00',25900,NULL,'jeonju','incheon','2022-12-16 00:15:00','2022-12-16 03:15:00'),(46826,1996,38,'incheon','p',28,0,'03:30:00',25900,NULL,'jeonju','incheon','2022-12-16 00:45:00','2022-12-16 03:45:00'),(46827,1142,31,'incheon','p',28,0,'03:30:00',25900,NULL,'jeonju','incheon','2022-12-16 01:15:00','2022-12-16 04:15:00'),(46828,1133,30,'incheon','p',28,0,'03:30:00',25900,NULL,'jeonju','incheon','2022-12-16 01:45:00','2022-12-16 04:45:00'),(46829,1124,29,'incheon','p',28,0,'03:30:00',25900,NULL,'jeonju','incheon','2022-12-16 02:15:00','2022-12-16 05:15:00'),(46830,1116,28,'incheon','p',28,0,'03:30:00',25900,NULL,'jeonju','incheon','2022-12-16 02:45:00','2022-12-16 05:45:00'),(46831,1113,27,'incheon','p',28,0,'03:30:00',25900,NULL,'jeonju','incheon','2022-12-16 03:15:00','2022-12-16 06:15:00'),(46832,1103,26,'incheon','p',28,0,'03:30:00',25900,NULL,'jeonju','incheon','2022-12-16 03:45:00','2022-12-16 06:45:00'),(46833,1099,25,'incheon','h',28,0,'03:30:00',20900,NULL,'jeonju','incheon','2022-12-16 04:15:00','2022-12-16 07:15:00'),(46834,1093,24,'incheon','p',28,0,'03:30:00',25900,NULL,'jeonju','incheon','2022-12-16 04:45:00','2022-12-16 07:45:00'),(46835,1090,23,'incheon','p',28,0,'03:30:00',25900,NULL,'jeonju','incheon','2022-12-16 05:15:00','2022-12-16 08:15:00'),(46836,1084,22,'incheon','n',36,0,'03:30:00',15900,NULL,'jeonju','incheon','2022-12-16 05:45:00','2022-12-16 08:45:00'),(46837,1082,21,'incheon','p',28,0,'03:30:00',25900,NULL,'jeonju','incheon','2022-12-16 06:15:00','2022-12-16 09:15:00'),(46838,1003,1,'incheon','p',28,0,'03:30:00',25900,NULL,'jeonju','incheon','2022-12-16 06:45:00','2022-12-16 09:45:00'),(46839,1071,19,'incheon','n',36,0,'03:30:00',15900,NULL,'jeonju','incheon','2022-12-16 07:15:00','2022-12-16 10:15:00'),(46840,1069,18,'incheon','p',28,0,'03:30:00',25900,NULL,'jeonju','incheon','2022-12-16 07:45:00','2022-12-16 10:45:00'),(46841,1067,17,'incheon','p',28,0,'03:30:00',25900,NULL,'jeonju','incheon','2022-12-16 08:15:00','2022-12-16 11:15:00'),(46842,1064,16,'incheon','p',28,0,'03:30:00',25900,NULL,'jeonju','incheon','2022-12-16 08:45:00','2022-12-16 11:45:00'),(46843,1049,15,'incheon','n',36,0,'03:30:00',15900,NULL,'jeonju','incheon','2022-12-16 09:15:00','2022-12-16 12:15:00'),(46844,1041,14,'incheon','n',36,0,'03:30:00',15900,NULL,'jeonju','incheon','2022-12-16 09:45:00','2022-12-16 12:45:00'),(46845,1037,13,'incheon','p',28,0,'03:30:00',25900,NULL,'jeonju','incheon','2022-12-16 10:15:00','2022-12-16 13:15:00'),(46846,1032,12,'incheon','h',28,0,'03:30:00',20900,NULL,'jeonju','incheon','2022-12-16 10:45:00','2022-12-16 13:45:00'),(46847,1031,11,'incheon','n',36,0,'03:30:00',15900,NULL,'jeonju','incheon','2022-12-16 11:15:00','2022-12-16 14:15:00'),(46848,1024,10,'incheon','n',36,0,'03:30:00',15900,NULL,'jeonju','incheon','2022-12-16 11:45:00','2022-12-16 14:45:00'),(46849,1075,20,'incheon','p',28,0,'03:30:00',25900,NULL,'jeonju','incheon','2022-12-16 12:15:00','2022-12-16 15:15:00'),(46850,1996,38,'incheon','p',28,0,'03:30:00',25900,NULL,'jeonju','incheon','2022-12-16 12:45:00','2022-12-16 15:45:00'),(46851,1142,31,'incheon','p',28,0,'03:30:00',25900,NULL,'jeonju','incheon','2022-12-16 13:15:00','2022-12-16 16:15:00'),(46852,1133,30,'incheon','p',28,0,'03:30:00',25900,NULL,'jeonju','incheon','2022-12-16 13:45:00','2022-12-16 16:45:00'),(46853,1124,29,'incheon','p',28,0,'03:30:00',25900,NULL,'jeonju','incheon','2022-12-16 14:15:00','2022-12-16 17:15:00'),(46854,1116,28,'incheon','p',28,0,'03:30:00',25900,NULL,'jeonju','incheon','2022-12-16 14:45:00','2022-12-16 17:45:00'),(46855,1113,27,'incheon','p',28,0,'03:30:00',25900,NULL,'jeonju','incheon','2022-12-16 15:15:00','2022-12-16 18:15:00'),(46856,1103,26,'incheon','p',28,0,'03:30:00',25900,NULL,'jeonju','incheon','2022-12-16 15:45:00','2022-12-16 18:45:00'),(46857,1099,25,'incheon','h',28,0,'03:30:00',20900,NULL,'jeonju','incheon','2022-12-16 16:15:00','2022-12-16 19:15:00'),(46858,1093,24,'incheon','p',28,0,'03:30:00',25900,NULL,'jeonju','incheon','2022-12-16 16:45:00','2022-12-16 19:45:00'),(46859,1090,23,'incheon','p',28,0,'03:30:00',25900,NULL,'jeonju','incheon','2022-12-16 17:15:00','2022-12-16 20:15:00'),(46860,1084,22,'incheon','n',36,0,'03:30:00',15900,NULL,'jeonju','incheon','2022-12-16 17:45:00','2022-12-16 20:45:00'),(46861,1082,21,'incheon','p',28,0,'03:30:00',25900,NULL,'jeonju','incheon','2022-12-16 18:15:00','2022-12-16 21:15:00'),(46862,1003,1,'incheon','p',28,0,'03:30:00',25900,NULL,'jeonju','incheon','2022-12-16 18:45:00','2022-12-16 21:45:00'),(46863,1071,19,'incheon','n',36,0,'03:30:00',15900,NULL,'jeonju','incheon','2022-12-16 19:15:00','2022-12-16 22:15:00'),(46864,1069,18,'incheon','p',28,0,'03:30:00',25900,NULL,'jeonju','incheon','2022-12-16 19:45:00','2022-12-16 22:45:00'),(46865,1067,17,'incheon','p',28,0,'03:30:00',25900,NULL,'jeonju','incheon','2022-12-16 20:15:00','2022-12-16 23:15:00'),(46866,1064,16,'incheon','p',28,0,'03:30:00',25900,NULL,'jeonju','incheon','2022-12-16 20:45:00','2022-12-16 23:45:00'),(46867,1049,15,'incheon','n',36,0,'03:30:00',15900,NULL,'jeonju','incheon','2022-12-16 21:15:00','2022-12-17 00:15:00'),(46868,1041,14,'incheon','n',36,0,'03:30:00',15900,NULL,'jeonju','incheon','2022-12-16 21:45:00','2022-12-17 00:45:00'),(46869,1037,13,'incheon','p',28,0,'03:30:00',25900,NULL,'jeonju','incheon','2022-12-16 22:15:00','2022-12-17 01:15:00'),(46870,1032,12,'incheon','h',28,0,'03:30:00',20900,NULL,'jeonju','incheon','2022-12-16 22:45:00','2022-12-17 01:45:00'),(46871,1031,11,'incheon','n',36,0,'03:30:00',15900,NULL,'jeonju','incheon','2022-12-16 23:15:00','2022-12-17 02:15:00'),(46872,1024,10,'incheon','n',36,0,'03:30:00',15900,NULL,'jeonju','incheon','2022-12-16 23:45:00','2022-12-17 02:45:00'),(46873,1075,20,'incheon','p',28,0,'03:30:00',25900,NULL,'jeonju','incheon','2022-12-17 00:00:00','2022-12-17 03:00:00'),(46874,1996,38,'incheon','p',28,0,'03:30:00',25900,NULL,'jeonju','incheon','2022-12-17 00:30:00','2022-12-17 03:30:00'),(46875,1142,31,'incheon','p',28,0,'03:30:00',25900,NULL,'jeonju','incheon','2022-12-17 01:00:00','2022-12-17 04:00:00'),(46876,1133,30,'incheon','p',28,0,'03:30:00',25900,NULL,'jeonju','incheon','2022-12-17 01:30:00','2022-12-17 04:30:00'),(46877,1124,29,'incheon','p',28,0,'03:30:00',25900,NULL,'jeonju','incheon','2022-12-17 02:00:00','2022-12-17 05:00:00'),(46878,1116,28,'incheon','p',28,0,'03:30:00',25900,NULL,'jeonju','incheon','2022-12-17 02:30:00','2022-12-17 05:30:00'),(46879,1113,27,'incheon','p',28,0,'03:30:00',25900,NULL,'jeonju','incheon','2022-12-17 03:00:00','2022-12-17 06:00:00'),(46880,1103,26,'incheon','p',28,0,'03:30:00',25900,NULL,'jeonju','incheon','2022-12-17 03:30:00','2022-12-17 06:30:00'),(46881,1099,25,'incheon','h',28,0,'03:30:00',20900,NULL,'jeonju','incheon','2022-12-17 04:00:00','2022-12-17 07:00:00'),(46882,1093,24,'incheon','p',28,0,'03:30:00',25900,NULL,'jeonju','incheon','2022-12-17 04:30:00','2022-12-17 07:30:00'),(46883,1090,23,'incheon','p',28,0,'03:30:00',25900,NULL,'jeonju','incheon','2022-12-17 05:00:00','2022-12-17 08:00:00'),(46884,1084,22,'incheon','n',36,0,'03:30:00',15900,NULL,'jeonju','incheon','2022-12-17 05:30:00','2022-12-17 08:30:00'),(46885,1082,21,'incheon','p',28,0,'03:30:00',25900,NULL,'jeonju','incheon','2022-12-17 06:00:00','2022-12-17 09:00:00'),(46886,1003,1,'incheon','p',28,0,'03:30:00',25900,NULL,'jeonju','incheon','2022-12-17 06:30:00','2022-12-17 09:30:00'),(46887,1071,19,'incheon','n',36,0,'03:30:00',15900,NULL,'jeonju','incheon','2022-12-17 07:00:00','2022-12-17 10:00:00'),(46888,1069,18,'incheon','p',28,0,'03:30:00',25900,NULL,'jeonju','incheon','2022-12-17 07:30:00','2022-12-17 10:30:00'),(46889,1067,17,'incheon','p',28,0,'03:30:00',25900,NULL,'jeonju','incheon','2022-12-17 08:00:00','2022-12-17 11:00:00'),(46890,1064,16,'incheon','p',28,0,'03:30:00',25900,NULL,'jeonju','incheon','2022-12-17 08:30:00','2022-12-17 11:30:00'),(46891,1049,15,'incheon','n',36,0,'03:30:00',15900,NULL,'jeonju','incheon','2022-12-17 09:00:00','2022-12-17 12:00:00'),(46892,1041,14,'incheon','n',36,0,'03:30:00',15900,NULL,'jeonju','incheon','2022-12-17 09:30:00','2022-12-17 12:30:00'),(46893,1037,13,'incheon','p',28,0,'03:30:00',25900,NULL,'jeonju','incheon','2022-12-17 10:00:00','2022-12-17 13:00:00'),(46894,1032,12,'incheon','h',28,0,'03:30:00',20900,NULL,'jeonju','incheon','2022-12-17 10:30:00','2022-12-17 13:30:00'),(46895,1031,11,'incheon','n',36,0,'03:30:00',15900,NULL,'jeonju','incheon','2022-12-17 11:00:00','2022-12-17 14:00:00'),(46896,1024,10,'incheon','n',36,0,'03:30:00',15900,NULL,'jeonju','incheon','2022-12-17 11:30:00','2022-12-17 14:30:00'),(46897,1075,20,'incheon','p',28,0,'03:30:00',25900,NULL,'jeonju','incheon','2022-12-17 12:00:00','2022-12-17 15:00:00'),(46898,1996,38,'incheon','p',28,0,'03:30:00',25900,NULL,'jeonju','incheon','2022-12-17 12:30:00','2022-12-17 15:30:00'),(46899,1142,31,'incheon','p',28,0,'03:30:00',25900,NULL,'jeonju','incheon','2022-12-17 13:00:00','2022-12-17 16:00:00'),(46900,1133,30,'incheon','p',28,0,'03:30:00',25900,NULL,'jeonju','incheon','2022-12-17 13:30:00','2022-12-17 16:30:00'),(46901,1124,29,'incheon','p',28,0,'03:30:00',25900,NULL,'jeonju','incheon','2022-12-17 14:00:00','2022-12-17 17:00:00'),(46902,1116,28,'incheon','p',28,0,'03:30:00',25900,NULL,'jeonju','incheon','2022-12-17 14:30:00','2022-12-17 17:30:00'),(46903,1113,27,'incheon','p',28,0,'03:30:00',25900,NULL,'jeonju','incheon','2022-12-17 15:00:00','2022-12-17 18:00:00'),(46904,1103,26,'incheon','p',28,0,'03:30:00',25900,NULL,'jeonju','incheon','2022-12-17 15:30:00','2022-12-17 18:30:00'),(46905,1099,25,'incheon','h',28,0,'03:30:00',20900,NULL,'jeonju','incheon','2022-12-17 16:00:00','2022-12-17 19:00:00'),(46906,1093,24,'incheon','p',28,0,'03:30:00',25900,NULL,'jeonju','incheon','2022-12-17 16:30:00','2022-12-17 19:30:00'),(46907,1090,23,'incheon','p',28,0,'03:30:00',25900,NULL,'jeonju','incheon','2022-12-17 17:00:00','2022-12-17 20:00:00'),(46908,1084,22,'incheon','n',36,0,'03:30:00',15900,NULL,'jeonju','incheon','2022-12-17 17:30:00','2022-12-17 20:30:00'),(46909,1082,21,'incheon','p',28,0,'03:30:00',25900,NULL,'jeonju','incheon','2022-12-17 18:00:00','2022-12-17 21:00:00'),(46910,1003,1,'incheon','p',28,0,'03:30:00',25900,NULL,'jeonju','incheon','2022-12-17 18:30:00','2022-12-17 21:30:00'),(46911,1071,19,'incheon','n',36,0,'03:30:00',15900,NULL,'jeonju','incheon','2022-12-17 19:00:00','2022-12-17 22:00:00'),(46912,1069,18,'incheon','p',28,0,'03:30:00',25900,NULL,'jeonju','incheon','2022-12-17 19:30:00','2022-12-17 22:30:00'),(46913,1067,17,'incheon','p',28,0,'03:30:00',25900,NULL,'jeonju','incheon','2022-12-17 20:00:00','2022-12-17 23:00:00'),(46914,1064,16,'incheon','p',28,0,'03:30:00',25900,NULL,'jeonju','incheon','2022-12-17 20:30:00','2022-12-17 23:30:00'),(46915,1049,15,'incheon','n',36,0,'03:30:00',15900,NULL,'jeonju','incheon','2022-12-17 21:00:00','2022-12-18 00:00:00'),(46916,1041,14,'incheon','n',36,0,'03:30:00',15900,NULL,'jeonju','incheon','2022-12-17 21:30:00','2022-12-18 00:30:00'),(46917,1037,13,'incheon','p',28,0,'03:30:00',25900,NULL,'jeonju','incheon','2022-12-17 22:00:00','2022-12-18 01:00:00'),(46918,1032,12,'incheon','h',28,0,'03:30:00',20900,NULL,'jeonju','incheon','2022-12-17 22:30:00','2022-12-18 01:30:00'),(46919,1031,11,'incheon','n',36,0,'03:30:00',15900,NULL,'jeonju','incheon','2022-12-17 23:00:00','2022-12-18 02:00:00'),(46920,1024,10,'incheon','n',36,0,'03:30:00',15900,NULL,'jeonju','incheon','2022-12-17 23:30:00','2022-12-18 02:30:00'),(46921,1075,20,'incheon','p',28,0,'03:30:00',25900,NULL,'jeonju','incheon','2022-12-18 00:15:00','2022-12-18 03:15:00'),(46922,1996,38,'incheon','p',28,0,'03:30:00',25900,NULL,'jeonju','incheon','2022-12-18 00:45:00','2022-12-18 03:45:00'),(46923,1142,31,'incheon','p',28,0,'03:30:00',25900,NULL,'jeonju','incheon','2022-12-18 01:15:00','2022-12-18 04:15:00'),(46924,1133,30,'incheon','p',28,0,'03:30:00',25900,NULL,'jeonju','incheon','2022-12-18 01:45:00','2022-12-18 04:45:00'),(46925,1124,29,'incheon','p',28,0,'03:30:00',25900,NULL,'jeonju','incheon','2022-12-18 02:15:00','2022-12-18 05:15:00'),(46926,1116,28,'incheon','p',28,0,'03:30:00',25900,NULL,'jeonju','incheon','2022-12-18 02:45:00','2022-12-18 05:45:00'),(46927,1113,27,'incheon','p',28,0,'03:30:00',25900,NULL,'jeonju','incheon','2022-12-18 03:15:00','2022-12-18 06:15:00'),(46928,1103,26,'incheon','p',28,0,'03:30:00',25900,NULL,'jeonju','incheon','2022-12-18 03:45:00','2022-12-18 06:45:00'),(46929,1099,25,'incheon','h',28,0,'03:30:00',20900,NULL,'jeonju','incheon','2022-12-18 04:15:00','2022-12-18 07:15:00'),(46930,1093,24,'incheon','p',28,0,'03:30:00',25900,NULL,'jeonju','incheon','2022-12-18 04:45:00','2022-12-18 07:45:00'),(46931,1090,23,'incheon','p',28,0,'03:30:00',25900,NULL,'jeonju','incheon','2022-12-18 05:15:00','2022-12-18 08:15:00'),(46932,1084,22,'incheon','n',36,0,'03:30:00',15900,NULL,'jeonju','incheon','2022-12-18 05:45:00','2022-12-18 08:45:00'),(46933,1082,21,'incheon','p',28,0,'03:30:00',25900,NULL,'jeonju','incheon','2022-12-18 06:15:00','2022-12-18 09:15:00'),(46934,1003,1,'incheon','p',28,0,'03:30:00',25900,NULL,'jeonju','incheon','2022-12-18 06:45:00','2022-12-18 09:45:00'),(46935,1071,19,'incheon','n',36,0,'03:30:00',15900,NULL,'jeonju','incheon','2022-12-18 07:15:00','2022-12-18 10:15:00'),(46936,1069,18,'incheon','p',28,0,'03:30:00',25900,NULL,'jeonju','incheon','2022-12-18 07:45:00','2022-12-18 10:45:00'),(46937,1067,17,'incheon','p',28,0,'03:30:00',25900,NULL,'jeonju','incheon','2022-12-18 08:15:00','2022-12-18 11:15:00'),(46938,1064,16,'incheon','p',28,0,'03:30:00',25900,NULL,'jeonju','incheon','2022-12-18 08:45:00','2022-12-18 11:45:00'),(46939,1049,15,'incheon','n',36,0,'03:30:00',15900,NULL,'jeonju','incheon','2022-12-18 09:15:00','2022-12-18 12:15:00'),(46940,1041,14,'incheon','n',36,0,'03:30:00',15900,NULL,'jeonju','incheon','2022-12-18 09:45:00','2022-12-18 12:45:00'),(46941,1037,13,'incheon','p',28,0,'03:30:00',25900,NULL,'jeonju','incheon','2022-12-18 10:15:00','2022-12-18 13:15:00'),(46942,1032,12,'incheon','h',28,0,'03:30:00',20900,NULL,'jeonju','incheon','2022-12-18 10:45:00','2022-12-18 13:45:00'),(46943,1031,11,'incheon','n',36,0,'03:30:00',15900,NULL,'jeonju','incheon','2022-12-18 11:15:00','2022-12-18 14:15:00'),(46944,1024,10,'incheon','n',36,0,'03:30:00',15900,NULL,'jeonju','incheon','2022-12-18 11:45:00','2022-12-18 14:45:00'),(46945,1075,20,'incheon','p',28,0,'03:30:00',25900,NULL,'jeonju','incheon','2022-12-18 12:15:00','2022-12-18 15:15:00'),(46946,1996,38,'incheon','p',28,0,'03:30:00',25900,NULL,'jeonju','incheon','2022-12-18 12:45:00','2022-12-18 15:45:00'),(46947,1142,31,'incheon','p',28,0,'03:30:00',25900,NULL,'jeonju','incheon','2022-12-18 13:15:00','2022-12-18 16:15:00'),(46948,1133,30,'incheon','p',28,0,'03:30:00',25900,NULL,'jeonju','incheon','2022-12-18 13:45:00','2022-12-18 16:45:00'),(46949,1124,29,'incheon','p',28,0,'03:30:00',25900,NULL,'jeonju','incheon','2022-12-18 14:15:00','2022-12-18 17:15:00'),(46950,1116,28,'incheon','p',28,0,'03:30:00',25900,NULL,'jeonju','incheon','2022-12-18 14:45:00','2022-12-18 17:45:00'),(46951,1113,27,'incheon','p',28,0,'03:30:00',25900,NULL,'jeonju','incheon','2022-12-18 15:15:00','2022-12-18 18:15:00'),(46952,1103,26,'incheon','p',28,0,'03:30:00',25900,NULL,'jeonju','incheon','2022-12-18 15:45:00','2022-12-18 18:45:00'),(46953,1099,25,'incheon','h',28,0,'03:30:00',20900,NULL,'jeonju','incheon','2022-12-18 16:15:00','2022-12-18 19:15:00'),(46954,1093,24,'incheon','p',28,0,'03:30:00',25900,NULL,'jeonju','incheon','2022-12-18 16:45:00','2022-12-18 19:45:00'),(46955,1090,23,'incheon','p',28,0,'03:30:00',25900,NULL,'jeonju','incheon','2022-12-18 17:15:00','2022-12-18 20:15:00'),(46956,1084,22,'incheon','n',36,0,'03:30:00',15900,NULL,'jeonju','incheon','2022-12-18 17:45:00','2022-12-18 20:45:00'),(46957,1082,21,'incheon','p',28,0,'03:30:00',25900,NULL,'jeonju','incheon','2022-12-18 18:15:00','2022-12-18 21:15:00'),(46958,1003,1,'incheon','p',28,0,'03:30:00',25900,NULL,'jeonju','incheon','2022-12-18 18:45:00','2022-12-18 21:45:00'),(46959,1071,19,'incheon','n',36,0,'03:30:00',15900,NULL,'jeonju','incheon','2022-12-18 19:15:00','2022-12-18 22:15:00'),(46960,1069,18,'incheon','p',28,0,'03:30:00',25900,NULL,'jeonju','incheon','2022-12-18 19:45:00','2022-12-18 22:45:00'),(46961,1067,17,'incheon','p',28,0,'03:30:00',25900,NULL,'jeonju','incheon','2022-12-18 20:15:00','2022-12-18 23:15:00'),(46962,1064,16,'incheon','p',28,0,'03:30:00',25900,NULL,'jeonju','incheon','2022-12-18 20:45:00','2022-12-18 23:45:00'),(46963,1049,15,'incheon','n',36,0,'03:30:00',15900,NULL,'jeonju','incheon','2022-12-18 21:15:00','2022-12-19 00:15:00'),(46964,1041,14,'incheon','n',36,0,'03:30:00',15900,NULL,'jeonju','incheon','2022-12-18 21:45:00','2022-12-19 00:45:00'),(46965,1037,13,'incheon','p',28,0,'03:30:00',25900,NULL,'jeonju','incheon','2022-12-18 22:15:00','2022-12-19 01:15:00'),(46966,1032,12,'incheon','h',28,0,'03:30:00',20900,NULL,'jeonju','incheon','2022-12-18 22:45:00','2022-12-19 01:45:00'),(46967,1031,11,'incheon','n',36,0,'03:30:00',15900,NULL,'jeonju','incheon','2022-12-18 23:15:00','2022-12-19 02:15:00'),(46968,1024,10,'incheon','n',36,0,'03:30:00',15900,NULL,'jeonju','incheon','2022-12-18 23:45:00','2022-12-19 02:45:00'),(46969,1075,20,'incheon','p',28,0,'03:30:00',25900,NULL,'jeonju','incheon','2022-12-19 00:00:00','2022-12-19 03:00:00'),(46970,1996,38,'incheon','p',28,0,'03:30:00',25900,NULL,'jeonju','incheon','2022-12-19 00:30:00','2022-12-19 03:30:00'),(46971,1142,31,'incheon','p',28,0,'03:30:00',25900,NULL,'jeonju','incheon','2022-12-19 01:00:00','2022-12-19 04:00:00'),(46972,1133,30,'incheon','p',28,0,'03:30:00',25900,NULL,'jeonju','incheon','2022-12-19 01:30:00','2022-12-19 04:30:00'),(46973,1124,29,'incheon','p',28,0,'03:30:00',25900,NULL,'jeonju','incheon','2022-12-19 02:00:00','2022-12-19 05:00:00'),(46974,1116,28,'incheon','p',28,0,'03:30:00',25900,NULL,'jeonju','incheon','2022-12-19 02:30:00','2022-12-19 05:30:00'),(46975,1113,27,'incheon','p',28,0,'03:30:00',25900,NULL,'jeonju','incheon','2022-12-19 03:00:00','2022-12-19 06:00:00'),(46976,1103,26,'incheon','p',28,0,'03:30:00',25900,NULL,'jeonju','incheon','2022-12-19 03:30:00','2022-12-19 06:30:00'),(46977,1099,25,'incheon','h',28,0,'03:30:00',20900,NULL,'jeonju','incheon','2022-12-19 04:00:00','2022-12-19 07:00:00'),(46978,1093,24,'incheon','p',28,0,'03:30:00',25900,NULL,'jeonju','incheon','2022-12-19 04:30:00','2022-12-19 07:30:00'),(46979,1090,23,'incheon','p',28,0,'03:30:00',25900,NULL,'jeonju','incheon','2022-12-19 05:00:00','2022-12-19 08:00:00'),(46980,1084,22,'incheon','n',36,0,'03:30:00',15900,NULL,'jeonju','incheon','2022-12-19 05:30:00','2022-12-19 08:30:00'),(46981,1082,21,'incheon','p',28,0,'03:30:00',25900,NULL,'jeonju','incheon','2022-12-19 06:00:00','2022-12-19 09:00:00'),(46982,1003,1,'incheon','p',28,0,'03:30:00',25900,NULL,'jeonju','incheon','2022-12-19 06:30:00','2022-12-19 09:30:00'),(46983,1071,19,'incheon','n',36,0,'03:30:00',15900,NULL,'jeonju','incheon','2022-12-19 07:00:00','2022-12-19 10:00:00'),(46984,1069,18,'incheon','p',28,0,'03:30:00',25900,NULL,'jeonju','incheon','2022-12-19 07:30:00','2022-12-19 10:30:00'),(46985,1067,17,'incheon','p',28,0,'03:30:00',25900,NULL,'jeonju','incheon','2022-12-19 08:00:00','2022-12-19 11:00:00'),(46986,1064,16,'incheon','p',28,0,'03:30:00',25900,NULL,'jeonju','incheon','2022-12-19 08:30:00','2022-12-19 11:30:00'),(46987,1049,15,'incheon','n',36,0,'03:30:00',15900,NULL,'jeonju','incheon','2022-12-19 09:00:00','2022-12-19 12:00:00'),(46988,1041,14,'incheon','n',36,0,'03:30:00',15900,NULL,'jeonju','incheon','2022-12-19 09:30:00','2022-12-19 12:30:00'),(46989,1037,13,'incheon','p',28,0,'03:30:00',25900,NULL,'jeonju','incheon','2022-12-19 10:00:00','2022-12-19 13:00:00'),(46990,1032,12,'incheon','h',28,0,'03:30:00',20900,NULL,'jeonju','incheon','2022-12-19 10:30:00','2022-12-19 13:30:00'),(46991,1031,11,'incheon','n',36,0,'03:30:00',15900,NULL,'jeonju','incheon','2022-12-19 11:00:00','2022-12-19 14:00:00'),(46992,1024,10,'incheon','n',36,0,'03:30:00',15900,NULL,'jeonju','incheon','2022-12-19 11:30:00','2022-12-19 14:30:00'),(46993,1075,20,'incheon','p',28,0,'03:30:00',25900,NULL,'jeonju','incheon','2022-12-19 12:00:00','2022-12-19 15:00:00'),(46994,1996,38,'incheon','p',28,0,'03:30:00',25900,NULL,'jeonju','incheon','2022-12-19 12:30:00','2022-12-19 15:30:00'),(46995,1142,31,'incheon','p',28,0,'03:30:00',25900,NULL,'jeonju','incheon','2022-12-19 13:00:00','2022-12-19 16:00:00'),(46996,1133,30,'incheon','p',28,0,'03:30:00',25900,NULL,'jeonju','incheon','2022-12-19 13:30:00','2022-12-19 16:30:00'),(46997,1124,29,'incheon','p',28,0,'03:30:00',25900,NULL,'jeonju','incheon','2022-12-19 14:00:00','2022-12-19 17:00:00'),(46998,1116,28,'incheon','p',28,0,'03:30:00',25900,NULL,'jeonju','incheon','2022-12-19 14:30:00','2022-12-19 17:30:00'),(46999,1113,27,'incheon','p',28,0,'03:30:00',25900,NULL,'jeonju','incheon','2022-12-19 15:00:00','2022-12-19 18:00:00'),(47000,1103,26,'incheon','p',28,0,'03:30:00',25900,NULL,'jeonju','incheon','2022-12-19 15:30:00','2022-12-19 18:30:00'),(47001,1099,25,'incheon','h',28,0,'03:30:00',20900,NULL,'jeonju','incheon','2022-12-19 16:00:00','2022-12-19 19:00:00'),(47002,1093,24,'incheon','p',28,0,'03:30:00',25900,NULL,'jeonju','incheon','2022-12-19 16:30:00','2022-12-19 19:30:00'),(47003,1112,94,'jeonju','p',28,0,'03:30:00',25900,NULL,'incheon','jeonju','2022-12-16 00:15:00','2022-12-16 03:15:00'),(47004,1981,147,'jeonju','h',28,0,'03:30:00',20900,NULL,'incheon','jeonju','2022-12-16 00:45:00','2022-12-16 03:45:00'),(47005,1244,110,'jeonju','p',28,0,'03:30:00',25900,NULL,'incheon','jeonju','2022-12-16 01:15:00','2022-12-16 04:15:00'),(47006,1240,104,'jeonju','p',28,0,'03:30:00',25900,NULL,'incheon','jeonju','2022-12-16 01:45:00','2022-12-16 04:45:00'),(47007,1224,103,'jeonju','h',28,0,'03:30:00',20900,NULL,'incheon','jeonju','2022-12-16 02:15:00','2022-12-16 05:15:00'),(47008,1220,102,'jeonju','n',36,0,'03:30:00',15900,NULL,'incheon','jeonju','2022-12-16 02:45:00','2022-12-16 05:45:00'),(47009,1211,101,'jeonju','p',28,0,'03:30:00',25900,NULL,'incheon','jeonju','2022-12-16 03:15:00','2022-12-16 06:15:00'),(47010,1138,100,'jeonju','p',28,0,'03:30:00',25900,NULL,'incheon','jeonju','2022-12-16 03:45:00','2022-12-16 06:45:00'),(47011,1135,99,'jeonju','h',28,0,'03:30:00',20900,NULL,'incheon','jeonju','2022-12-16 04:15:00','2022-12-16 07:15:00'),(47012,1126,98,'jeonju','p',28,0,'03:30:00',25900,NULL,'incheon','jeonju','2022-12-16 04:45:00','2022-12-16 07:45:00'),(47013,1123,97,'jeonju','p',28,0,'03:30:00',25900,NULL,'incheon','jeonju','2022-12-16 05:15:00','2022-12-16 08:15:00'),(47014,1119,96,'jeonju','p',28,0,'03:30:00',25900,NULL,'incheon','jeonju','2022-12-16 05:45:00','2022-12-16 08:45:00'),(47015,1118,95,'jeonju','p',28,0,'03:30:00',25900,NULL,'incheon','jeonju','2022-12-16 06:15:00','2022-12-16 09:15:00'),(47016,1004,82,'jeonju','p',28,0,'03:30:00',25900,NULL,'incheon','jeonju','2022-12-16 06:45:00','2022-12-16 09:45:00'),(47017,1088,93,'jeonju','n',36,0,'03:30:00',15900,NULL,'incheon','jeonju','2022-12-16 07:15:00','2022-12-16 10:15:00'),(47018,1080,92,'jeonju','h',28,0,'03:30:00',20900,NULL,'incheon','jeonju','2022-12-16 07:45:00','2022-12-16 10:45:00'),(47019,1078,91,'jeonju','h',28,0,'03:30:00',20900,NULL,'incheon','jeonju','2022-12-16 08:15:00','2022-12-16 11:15:00'),(47020,1077,90,'jeonju','h',28,0,'03:30:00',20900,NULL,'incheon','jeonju','2022-12-16 08:45:00','2022-12-16 11:45:00'),(47021,1072,89,'jeonju','n',36,0,'03:30:00',15900,NULL,'incheon','jeonju','2022-12-16 09:15:00','2022-12-16 12:15:00'),(47022,1042,88,'jeonju','n',36,0,'03:30:00',15900,NULL,'incheon','jeonju','2022-12-16 09:45:00','2022-12-16 12:45:00'),(47023,1029,87,'jeonju','p',28,0,'03:30:00',25900,NULL,'incheon','jeonju','2022-12-16 10:15:00','2022-12-16 13:15:00'),(47024,1027,86,'jeonju','n',36,0,'03:30:00',15900,NULL,'incheon','jeonju','2022-12-16 10:45:00','2022-12-16 13:45:00'),(47025,1026,85,'jeonju','p',28,0,'03:30:00',25900,NULL,'incheon','jeonju','2022-12-16 11:15:00','2022-12-16 14:15:00'),(47026,1022,84,'jeonju','n',36,0,'03:30:00',15900,NULL,'incheon','jeonju','2022-12-16 11:45:00','2022-12-16 14:45:00'),(47027,1112,94,'jeonju','p',28,0,'03:30:00',25900,NULL,'incheon','jeonju','2022-12-16 12:15:00','2022-12-16 15:15:00'),(47028,1981,147,'jeonju','h',28,0,'03:30:00',20900,NULL,'incheon','jeonju','2022-12-16 12:45:00','2022-12-16 15:45:00'),(47029,1244,110,'jeonju','p',28,0,'03:30:00',25900,NULL,'incheon','jeonju','2022-12-16 13:15:00','2022-12-16 16:15:00'),(47030,1240,104,'jeonju','p',28,0,'03:30:00',25900,NULL,'incheon','jeonju','2022-12-16 13:45:00','2022-12-16 16:45:00'),(47031,1224,103,'jeonju','h',28,0,'03:30:00',20900,NULL,'incheon','jeonju','2022-12-16 14:15:00','2022-12-16 17:15:00'),(47032,1220,102,'jeonju','n',36,0,'03:30:00',15900,NULL,'incheon','jeonju','2022-12-16 14:45:00','2022-12-16 17:45:00'),(47033,1211,101,'jeonju','p',28,0,'03:30:00',25900,NULL,'incheon','jeonju','2022-12-16 15:15:00','2022-12-16 18:15:00'),(47034,1138,100,'jeonju','p',28,0,'03:30:00',25900,NULL,'incheon','jeonju','2022-12-16 15:45:00','2022-12-16 18:45:00'),(47035,1135,99,'jeonju','h',28,0,'03:30:00',20900,NULL,'incheon','jeonju','2022-12-16 16:15:00','2022-12-16 19:15:00'),(47036,1126,98,'jeonju','p',28,0,'03:30:00',25900,NULL,'incheon','jeonju','2022-12-16 16:45:00','2022-12-16 19:45:00'),(47037,1123,97,'jeonju','p',28,0,'03:30:00',25900,NULL,'incheon','jeonju','2022-12-16 17:15:00','2022-12-16 20:15:00'),(47038,1119,96,'jeonju','p',28,0,'03:30:00',25900,NULL,'incheon','jeonju','2022-12-16 17:45:00','2022-12-16 20:45:00'),(47039,1118,95,'jeonju','p',28,0,'03:30:00',25900,NULL,'incheon','jeonju','2022-12-16 18:15:00','2022-12-16 21:15:00'),(47040,1004,82,'jeonju','p',28,0,'03:30:00',25900,NULL,'incheon','jeonju','2022-12-16 18:45:00','2022-12-16 21:45:00'),(47041,1088,93,'jeonju','n',36,0,'03:30:00',15900,NULL,'incheon','jeonju','2022-12-16 19:15:00','2022-12-16 22:15:00'),(47042,1080,92,'jeonju','h',28,0,'03:30:00',20900,NULL,'incheon','jeonju','2022-12-16 19:45:00','2022-12-16 22:45:00'),(47043,1078,91,'jeonju','h',28,0,'03:30:00',20900,NULL,'incheon','jeonju','2022-12-16 20:15:00','2022-12-16 23:15:00'),(47044,1077,90,'jeonju','h',28,0,'03:30:00',20900,NULL,'incheon','jeonju','2022-12-16 20:45:00','2022-12-16 23:45:00'),(47045,1072,89,'jeonju','n',36,0,'03:30:00',15900,NULL,'incheon','jeonju','2022-12-16 21:15:00','2022-12-17 00:15:00'),(47046,1042,88,'jeonju','n',36,0,'03:30:00',15900,NULL,'incheon','jeonju','2022-12-16 21:45:00','2022-12-17 00:45:00'),(47047,1029,87,'jeonju','p',28,0,'03:30:00',25900,NULL,'incheon','jeonju','2022-12-16 22:15:00','2022-12-17 01:15:00'),(47048,1027,86,'jeonju','n',36,0,'03:30:00',15900,NULL,'incheon','jeonju','2022-12-16 22:45:00','2022-12-17 01:45:00'),(47049,1026,85,'jeonju','p',28,0,'03:30:00',25900,NULL,'incheon','jeonju','2022-12-16 23:15:00','2022-12-17 02:15:00'),(47050,1022,84,'jeonju','n',36,0,'03:30:00',15900,NULL,'incheon','jeonju','2022-12-16 23:45:00','2022-12-17 02:45:00'),(47051,1112,94,'jeonju','p',28,0,'03:30:00',25900,NULL,'incheon','jeonju','2022-12-17 00:00:00','2022-12-17 03:00:00'),(47052,1981,147,'jeonju','h',28,0,'03:30:00',20900,NULL,'incheon','jeonju','2022-12-17 00:30:00','2022-12-17 03:30:00'),(47053,1244,110,'jeonju','p',28,0,'03:30:00',25900,NULL,'incheon','jeonju','2022-12-17 01:00:00','2022-12-17 04:00:00'),(47054,1240,104,'jeonju','p',28,0,'03:30:00',25900,NULL,'incheon','jeonju','2022-12-17 01:30:00','2022-12-17 04:30:00'),(47055,1224,103,'jeonju','h',28,0,'03:30:00',20900,NULL,'incheon','jeonju','2022-12-17 02:00:00','2022-12-17 05:00:00'),(47056,1220,102,'jeonju','n',36,0,'03:30:00',15900,NULL,'incheon','jeonju','2022-12-17 02:30:00','2022-12-17 05:30:00'),(47057,1211,101,'jeonju','p',28,0,'03:30:00',25900,NULL,'incheon','jeonju','2022-12-17 03:00:00','2022-12-17 06:00:00'),(47058,1138,100,'jeonju','p',28,0,'03:30:00',25900,NULL,'incheon','jeonju','2022-12-17 03:30:00','2022-12-17 06:30:00'),(47059,1135,99,'jeonju','h',28,0,'03:30:00',20900,NULL,'incheon','jeonju','2022-12-17 04:00:00','2022-12-17 07:00:00'),(47060,1126,98,'jeonju','p',28,0,'03:30:00',25900,NULL,'incheon','jeonju','2022-12-17 04:30:00','2022-12-17 07:30:00'),(47061,1123,97,'jeonju','p',28,0,'03:30:00',25900,NULL,'incheon','jeonju','2022-12-17 05:00:00','2022-12-17 08:00:00'),(47062,1119,96,'jeonju','p',28,0,'03:30:00',25900,NULL,'incheon','jeonju','2022-12-17 05:30:00','2022-12-17 08:30:00'),(47063,1118,95,'jeonju','p',28,0,'03:30:00',25900,NULL,'incheon','jeonju','2022-12-17 06:00:00','2022-12-17 09:00:00'),(47064,1004,82,'jeonju','p',28,0,'03:30:00',25900,NULL,'incheon','jeonju','2022-12-17 06:30:00','2022-12-17 09:30:00'),(47065,1088,93,'jeonju','n',36,0,'03:30:00',15900,NULL,'incheon','jeonju','2022-12-17 07:00:00','2022-12-17 10:00:00'),(47066,1080,92,'jeonju','h',28,0,'03:30:00',20900,NULL,'incheon','jeonju','2022-12-17 07:30:00','2022-12-17 10:30:00'),(47067,1078,91,'jeonju','h',28,0,'03:30:00',20900,NULL,'incheon','jeonju','2022-12-17 08:00:00','2022-12-17 11:00:00'),(47068,1077,90,'jeonju','h',28,0,'03:30:00',20900,NULL,'incheon','jeonju','2022-12-17 08:30:00','2022-12-17 11:30:00'),(47069,1072,89,'jeonju','n',36,0,'03:30:00',15900,NULL,'incheon','jeonju','2022-12-17 09:00:00','2022-12-17 12:00:00'),(47070,1042,88,'jeonju','n',36,0,'03:30:00',15900,NULL,'incheon','jeonju','2022-12-17 09:30:00','2022-12-17 12:30:00'),(47071,1029,87,'jeonju','p',28,0,'03:30:00',25900,NULL,'incheon','jeonju','2022-12-17 10:00:00','2022-12-17 13:00:00'),(47072,1027,86,'jeonju','n',36,0,'03:30:00',15900,NULL,'incheon','jeonju','2022-12-17 10:30:00','2022-12-17 13:30:00'),(47073,1026,85,'jeonju','p',28,0,'03:30:00',25900,NULL,'incheon','jeonju','2022-12-17 11:00:00','2022-12-17 14:00:00'),(47074,1022,84,'jeonju','n',36,0,'03:30:00',15900,NULL,'incheon','jeonju','2022-12-17 11:30:00','2022-12-17 14:30:00'),(47075,1112,94,'jeonju','p',28,0,'03:30:00',25900,NULL,'incheon','jeonju','2022-12-17 12:00:00','2022-12-17 15:00:00'),(47076,1981,147,'jeonju','h',28,0,'03:30:00',20900,NULL,'incheon','jeonju','2022-12-17 12:30:00','2022-12-17 15:30:00'),(47077,1244,110,'jeonju','p',28,0,'03:30:00',25900,NULL,'incheon','jeonju','2022-12-17 13:00:00','2022-12-17 16:00:00'),(47078,1240,104,'jeonju','p',28,0,'03:30:00',25900,NULL,'incheon','jeonju','2022-12-17 13:30:00','2022-12-17 16:30:00'),(47079,1224,103,'jeonju','h',28,0,'03:30:00',20900,NULL,'incheon','jeonju','2022-12-17 14:00:00','2022-12-17 17:00:00'),(47080,1220,102,'jeonju','n',36,0,'03:30:00',15900,NULL,'incheon','jeonju','2022-12-17 14:30:00','2022-12-17 17:30:00'),(47081,1211,101,'jeonju','p',28,0,'03:30:00',25900,NULL,'incheon','jeonju','2022-12-17 15:00:00','2022-12-17 18:00:00'),(47082,1138,100,'jeonju','p',28,0,'03:30:00',25900,NULL,'incheon','jeonju','2022-12-17 15:30:00','2022-12-17 18:30:00'),(47083,1135,99,'jeonju','h',28,0,'03:30:00',20900,NULL,'incheon','jeonju','2022-12-17 16:00:00','2022-12-17 19:00:00'),(47084,1126,98,'jeonju','p',28,0,'03:30:00',25900,NULL,'incheon','jeonju','2022-12-17 16:30:00','2022-12-17 19:30:00'),(47085,1123,97,'jeonju','p',28,0,'03:30:00',25900,NULL,'incheon','jeonju','2022-12-17 17:00:00','2022-12-17 20:00:00'),(47086,1119,96,'jeonju','p',28,0,'03:30:00',25900,NULL,'incheon','jeonju','2022-12-17 17:30:00','2022-12-17 20:30:00'),(47087,1118,95,'jeonju','p',28,0,'03:30:00',25900,NULL,'incheon','jeonju','2022-12-17 18:00:00','2022-12-17 21:00:00'),(47088,1004,82,'jeonju','p',28,0,'03:30:00',25900,NULL,'incheon','jeonju','2022-12-17 18:30:00','2022-12-17 21:30:00'),(47089,1088,93,'jeonju','n',36,0,'03:30:00',15900,NULL,'incheon','jeonju','2022-12-17 19:00:00','2022-12-17 22:00:00'),(47090,1080,92,'jeonju','h',28,0,'03:30:00',20900,NULL,'incheon','jeonju','2022-12-17 19:30:00','2022-12-17 22:30:00'),(47091,1078,91,'jeonju','h',28,0,'03:30:00',20900,NULL,'incheon','jeonju','2022-12-17 20:00:00','2022-12-17 23:00:00'),(47092,1077,90,'jeonju','h',28,0,'03:30:00',20900,NULL,'incheon','jeonju','2022-12-17 20:30:00','2022-12-17 23:30:00'),(47093,1072,89,'jeonju','n',36,0,'03:30:00',15900,NULL,'incheon','jeonju','2022-12-17 21:00:00','2022-12-18 00:00:00'),(47094,1042,88,'jeonju','n',36,0,'03:30:00',15900,NULL,'incheon','jeonju','2022-12-17 21:30:00','2022-12-18 00:30:00'),(47095,1029,87,'jeonju','p',28,0,'03:30:00',25900,NULL,'incheon','jeonju','2022-12-17 22:00:00','2022-12-18 01:00:00'),(47096,1027,86,'jeonju','n',36,0,'03:30:00',15900,NULL,'incheon','jeonju','2022-12-17 22:30:00','2022-12-18 01:30:00'),(47097,1026,85,'jeonju','p',28,0,'03:30:00',25900,NULL,'incheon','jeonju','2022-12-17 23:00:00','2022-12-18 02:00:00'),(47098,1022,84,'jeonju','n',36,0,'03:30:00',15900,NULL,'incheon','jeonju','2022-12-17 23:30:00','2022-12-18 02:30:00'),(47099,1112,94,'jeonju','p',28,0,'03:30:00',25900,NULL,'incheon','jeonju','2022-12-18 00:15:00','2022-12-18 03:15:00'),(47100,1981,147,'jeonju','h',28,0,'03:30:00',20900,NULL,'incheon','jeonju','2022-12-18 00:45:00','2022-12-18 03:45:00'),(47101,1244,110,'jeonju','p',28,0,'03:30:00',25900,NULL,'incheon','jeonju','2022-12-18 01:15:00','2022-12-18 04:15:00'),(47102,1240,104,'jeonju','p',28,0,'03:30:00',25900,NULL,'incheon','jeonju','2022-12-18 01:45:00','2022-12-18 04:45:00'),(47103,1224,103,'jeonju','h',28,0,'03:30:00',20900,NULL,'incheon','jeonju','2022-12-18 02:15:00','2022-12-18 05:15:00'),(47104,1220,102,'jeonju','n',36,0,'03:30:00',15900,NULL,'incheon','jeonju','2022-12-18 02:45:00','2022-12-18 05:45:00'),(47105,1211,101,'jeonju','p',28,0,'03:30:00',25900,NULL,'incheon','jeonju','2022-12-18 03:15:00','2022-12-18 06:15:00'),(47106,1138,100,'jeonju','p',28,0,'03:30:00',25900,NULL,'incheon','jeonju','2022-12-18 03:45:00','2022-12-18 06:45:00'),(47107,1135,99,'jeonju','h',28,0,'03:30:00',20900,NULL,'incheon','jeonju','2022-12-18 04:15:00','2022-12-18 07:15:00'),(47108,1126,98,'jeonju','p',28,0,'03:30:00',25900,NULL,'incheon','jeonju','2022-12-18 04:45:00','2022-12-18 07:45:00'),(47109,1123,97,'jeonju','p',28,0,'03:30:00',25900,NULL,'incheon','jeonju','2022-12-18 05:15:00','2022-12-18 08:15:00'),(47110,1119,96,'jeonju','p',28,0,'03:30:00',25900,NULL,'incheon','jeonju','2022-12-18 05:45:00','2022-12-18 08:45:00'),(47111,1118,95,'jeonju','p',28,0,'03:30:00',25900,NULL,'incheon','jeonju','2022-12-18 06:15:00','2022-12-18 09:15:00'),(47112,1004,82,'jeonju','p',28,0,'03:30:00',25900,NULL,'incheon','jeonju','2022-12-18 06:45:00','2022-12-18 09:45:00'),(47113,1088,93,'jeonju','n',36,0,'03:30:00',15900,NULL,'incheon','jeonju','2022-12-18 07:15:00','2022-12-18 10:15:00'),(47114,1080,92,'jeonju','h',28,0,'03:30:00',20900,NULL,'incheon','jeonju','2022-12-18 07:45:00','2022-12-18 10:45:00'),(47115,1078,91,'jeonju','h',28,0,'03:30:00',20900,NULL,'incheon','jeonju','2022-12-18 08:15:00','2022-12-18 11:15:00'),(47116,1077,90,'jeonju','h',28,0,'03:30:00',20900,NULL,'incheon','jeonju','2022-12-18 08:45:00','2022-12-18 11:45:00'),(47117,1072,89,'jeonju','n',36,0,'03:30:00',15900,NULL,'incheon','jeonju','2022-12-18 09:15:00','2022-12-18 12:15:00'),(47118,1042,88,'jeonju','n',36,0,'03:30:00',15900,NULL,'incheon','jeonju','2022-12-18 09:45:00','2022-12-18 12:45:00'),(47119,1029,87,'jeonju','p',28,0,'03:30:00',25900,NULL,'incheon','jeonju','2022-12-18 10:15:00','2022-12-18 13:15:00'),(47120,1027,86,'jeonju','n',36,0,'03:30:00',15900,NULL,'incheon','jeonju','2022-12-18 10:45:00','2022-12-18 13:45:00'),(47121,1026,85,'jeonju','p',28,0,'03:30:00',25900,NULL,'incheon','jeonju','2022-12-18 11:15:00','2022-12-18 14:15:00'),(47122,1022,84,'jeonju','n',36,0,'03:30:00',15900,NULL,'incheon','jeonju','2022-12-18 11:45:00','2022-12-18 14:45:00'),(47123,1112,94,'jeonju','p',28,0,'03:30:00',25900,NULL,'incheon','jeonju','2022-12-18 12:15:00','2022-12-18 15:15:00'),(47124,1981,147,'jeonju','h',28,0,'03:30:00',20900,NULL,'incheon','jeonju','2022-12-18 12:45:00','2022-12-18 15:45:00'),(47125,1244,110,'jeonju','p',28,0,'03:30:00',25900,NULL,'incheon','jeonju','2022-12-18 13:15:00','2022-12-18 16:15:00'),(47126,1240,104,'jeonju','p',28,0,'03:30:00',25900,NULL,'incheon','jeonju','2022-12-18 13:45:00','2022-12-18 16:45:00'),(47127,1224,103,'jeonju','h',28,0,'03:30:00',20900,NULL,'incheon','jeonju','2022-12-18 14:15:00','2022-12-18 17:15:00'),(47128,1220,102,'jeonju','n',36,0,'03:30:00',15900,NULL,'incheon','jeonju','2022-12-18 14:45:00','2022-12-18 17:45:00'),(47129,1211,101,'jeonju','p',28,0,'03:30:00',25900,NULL,'incheon','jeonju','2022-12-18 15:15:00','2022-12-18 18:15:00'),(47130,1138,100,'jeonju','p',28,0,'03:30:00',25900,NULL,'incheon','jeonju','2022-12-18 15:45:00','2022-12-18 18:45:00'),(47131,1135,99,'jeonju','h',28,0,'03:30:00',20900,NULL,'incheon','jeonju','2022-12-18 16:15:00','2022-12-18 19:15:00'),(47132,1126,98,'jeonju','p',28,0,'03:30:00',25900,NULL,'incheon','jeonju','2022-12-18 16:45:00','2022-12-18 19:45:00'),(47133,1123,97,'jeonju','p',28,0,'03:30:00',25900,NULL,'incheon','jeonju','2022-12-18 17:15:00','2022-12-18 20:15:00'),(47134,1119,96,'jeonju','p',28,0,'03:30:00',25900,NULL,'incheon','jeonju','2022-12-18 17:45:00','2022-12-18 20:45:00'),(47135,1118,95,'jeonju','p',28,0,'03:30:00',25900,NULL,'incheon','jeonju','2022-12-18 18:15:00','2022-12-18 21:15:00'),(47136,1004,82,'jeonju','p',28,0,'03:30:00',25900,NULL,'incheon','jeonju','2022-12-18 18:45:00','2022-12-18 21:45:00'),(47137,1088,93,'jeonju','n',36,0,'03:30:00',15900,NULL,'incheon','jeonju','2022-12-18 19:15:00','2022-12-18 22:15:00'),(47138,1080,92,'jeonju','h',28,0,'03:30:00',20900,NULL,'incheon','jeonju','2022-12-18 19:45:00','2022-12-18 22:45:00'),(47139,1078,91,'jeonju','h',28,0,'03:30:00',20900,NULL,'incheon','jeonju','2022-12-18 20:15:00','2022-12-18 23:15:00'),(47140,1077,90,'jeonju','h',28,0,'03:30:00',20900,NULL,'incheon','jeonju','2022-12-18 20:45:00','2022-12-18 23:45:00'),(47141,1072,89,'jeonju','n',36,0,'03:30:00',15900,NULL,'incheon','jeonju','2022-12-18 21:15:00','2022-12-19 00:15:00'),(47142,1042,88,'jeonju','n',36,0,'03:30:00',15900,NULL,'incheon','jeonju','2022-12-18 21:45:00','2022-12-19 00:45:00'),(47143,1029,87,'jeonju','p',28,0,'03:30:00',25900,NULL,'incheon','jeonju','2022-12-18 22:15:00','2022-12-19 01:15:00'),(47144,1027,86,'jeonju','n',36,0,'03:30:00',15900,NULL,'incheon','jeonju','2022-12-18 22:45:00','2022-12-19 01:45:00'),(47145,1026,85,'jeonju','p',28,0,'03:30:00',25900,NULL,'incheon','jeonju','2022-12-18 23:15:00','2022-12-19 02:15:00'),(47146,1022,84,'jeonju','n',36,0,'03:30:00',15900,NULL,'incheon','jeonju','2022-12-18 23:45:00','2022-12-19 02:45:00'),(47147,1112,94,'jeonju','p',28,0,'03:30:00',25900,NULL,'incheon','jeonju','2022-12-19 00:00:00','2022-12-19 03:00:00'),(47148,1981,147,'jeonju','h',28,0,'03:30:00',20900,NULL,'incheon','jeonju','2022-12-19 00:30:00','2022-12-19 03:30:00'),(47149,1244,110,'jeonju','p',28,0,'03:30:00',25900,NULL,'incheon','jeonju','2022-12-19 01:00:00','2022-12-19 04:00:00'),(47150,1240,104,'jeonju','p',28,0,'03:30:00',25900,NULL,'incheon','jeonju','2022-12-19 01:30:00','2022-12-19 04:30:00'),(47151,1224,103,'jeonju','h',28,0,'03:30:00',20900,NULL,'incheon','jeonju','2022-12-19 02:00:00','2022-12-19 05:00:00'),(47152,1220,102,'jeonju','n',36,0,'03:30:00',15900,NULL,'incheon','jeonju','2022-12-19 02:30:00','2022-12-19 05:30:00'),(47153,1211,101,'jeonju','p',28,0,'03:30:00',25900,NULL,'incheon','jeonju','2022-12-19 03:00:00','2022-12-19 06:00:00'),(47154,1138,100,'jeonju','p',28,0,'03:30:00',25900,NULL,'incheon','jeonju','2022-12-19 03:30:00','2022-12-19 06:30:00'),(47155,1135,99,'jeonju','h',28,0,'03:30:00',20900,NULL,'incheon','jeonju','2022-12-19 04:00:00','2022-12-19 07:00:00'),(47156,1126,98,'jeonju','p',28,0,'03:30:00',25900,NULL,'incheon','jeonju','2022-12-19 04:30:00','2022-12-19 07:30:00'),(47157,1123,97,'jeonju','p',28,0,'03:30:00',25900,NULL,'incheon','jeonju','2022-12-19 05:00:00','2022-12-19 08:00:00'),(47158,1119,96,'jeonju','p',28,0,'03:30:00',25900,NULL,'incheon','jeonju','2022-12-19 05:30:00','2022-12-19 08:30:00'),(47159,1118,95,'jeonju','p',28,0,'03:30:00',25900,NULL,'incheon','jeonju','2022-12-19 06:00:00','2022-12-19 09:00:00'),(47160,1004,82,'jeonju','p',28,0,'03:30:00',25900,NULL,'incheon','jeonju','2022-12-19 06:30:00','2022-12-19 09:30:00'),(47161,1088,93,'jeonju','n',36,0,'03:30:00',15900,NULL,'incheon','jeonju','2022-12-19 07:00:00','2022-12-19 10:00:00'),(47162,1080,92,'jeonju','h',28,0,'03:30:00',20900,NULL,'incheon','jeonju','2022-12-19 07:30:00','2022-12-19 10:30:00'),(47163,1078,91,'jeonju','h',28,0,'03:30:00',20900,NULL,'incheon','jeonju','2022-12-19 08:00:00','2022-12-19 11:00:00'),(47164,1077,90,'jeonju','h',28,0,'03:30:00',20900,NULL,'incheon','jeonju','2022-12-19 08:30:00','2022-12-19 11:30:00'),(47165,1072,89,'jeonju','n',36,0,'03:30:00',15900,NULL,'incheon','jeonju','2022-12-19 09:00:00','2022-12-19 12:00:00'),(47166,1042,88,'jeonju','n',36,0,'03:30:00',15900,NULL,'incheon','jeonju','2022-12-19 09:30:00','2022-12-19 12:30:00'),(47167,1029,87,'jeonju','p',28,0,'03:30:00',25900,NULL,'incheon','jeonju','2022-12-19 10:00:00','2022-12-19 13:00:00'),(47168,1027,86,'jeonju','n',36,0,'03:30:00',15900,NULL,'incheon','jeonju','2022-12-19 10:30:00','2022-12-19 13:30:00'),(47169,1026,85,'jeonju','p',28,0,'03:30:00',25900,NULL,'incheon','jeonju','2022-12-19 11:00:00','2022-12-19 14:00:00'),(47170,1022,84,'jeonju','n',36,0,'03:30:00',15900,NULL,'incheon','jeonju','2022-12-19 11:30:00','2022-12-19 14:30:00'),(47171,1112,94,'jeonju','p',28,0,'03:30:00',25900,NULL,'incheon','jeonju','2022-12-19 12:00:00','2022-12-19 15:00:00'),(47172,1981,147,'jeonju','h',28,0,'03:30:00',20900,NULL,'incheon','jeonju','2022-12-19 12:30:00','2022-12-19 15:30:00'),(47173,1244,110,'jeonju','p',28,0,'03:30:00',25900,NULL,'incheon','jeonju','2022-12-19 13:00:00','2022-12-19 16:00:00'),(47174,1240,104,'jeonju','p',28,0,'03:30:00',25900,NULL,'incheon','jeonju','2022-12-19 13:30:00','2022-12-19 16:30:00'),(47175,1224,103,'jeonju','h',28,0,'03:30:00',20900,NULL,'incheon','jeonju','2022-12-19 14:00:00','2022-12-19 17:00:00'),(47176,1220,102,'jeonju','n',36,0,'03:30:00',15900,NULL,'incheon','jeonju','2022-12-19 14:30:00','2022-12-19 17:30:00'),(47177,1211,101,'jeonju','p',28,0,'03:30:00',25900,NULL,'incheon','jeonju','2022-12-19 15:00:00','2022-12-19 18:00:00'),(47178,1138,100,'jeonju','p',28,0,'03:30:00',25900,NULL,'incheon','jeonju','2022-12-19 15:30:00','2022-12-19 18:30:00'),(47179,1135,99,'jeonju','h',28,0,'03:30:00',20900,NULL,'incheon','jeonju','2022-12-19 16:00:00','2022-12-19 19:00:00'),(47180,1126,98,'jeonju','p',28,0,'03:30:00',25900,NULL,'incheon','jeonju','2022-12-19 16:30:00','2022-12-19 19:30:00'),(47569,1075,20,'seoul','p',28,0,'03:00:00',25600,NULL,'jeonju','seoul','2022-12-19 17:00:00','2022-12-19 20:00:00'),(47570,1996,38,'seoul','p',28,0,'03:00:00',25600,NULL,'jeonju','seoul','2022-12-19 17:30:00','2022-12-19 20:30:00'),(47571,1142,31,'seoul','p',28,0,'03:00:00',25600,NULL,'jeonju','seoul','2022-12-19 18:00:00','2022-12-19 21:00:00'),(47572,1133,30,'seoul','p',28,0,'03:00:00',25600,NULL,'jeonju','seoul','2022-12-19 18:30:00','2022-12-19 21:30:00'),(47573,1124,29,'seoul','p',28,0,'03:00:00',25600,NULL,'jeonju','seoul','2022-12-19 19:00:00','2022-12-19 22:00:00'),(47574,1116,28,'seoul','p',28,28,'03:00:00',25600,NULL,'jeonju','seoul','2022-12-19 19:30:00','2022-12-19 22:30:00'),(47575,1113,27,'seoul','p',28,0,'03:00:00',25600,NULL,'jeonju','seoul','2022-12-19 20:00:00','2022-12-19 23:00:00'),(47576,1103,26,'seoul','p',28,0,'03:00:00',25600,NULL,'jeonju','seoul','2022-12-19 20:30:00','2022-12-19 23:30:00'),(47577,1099,25,'seoul','h',28,2,'03:00:00',20600,NULL,'jeonju','seoul','2022-12-19 21:00:00','2022-12-20 00:00:00'),(47578,1093,24,'seoul','p',28,0,'03:00:00',25600,NULL,'jeonju','seoul','2022-12-19 21:30:00','2022-12-20 00:30:00'),(47579,1090,23,'seoul','p',28,0,'03:00:00',25600,NULL,'jeonju','seoul','2022-12-19 22:00:00','2022-12-20 01:00:00'),(47580,1084,22,'seoul','n',36,0,'03:00:00',15600,NULL,'jeonju','seoul','2022-12-19 22:30:00','2022-12-20 01:30:00'),(47581,1082,21,'seoul','p',28,0,'03:00:00',25600,NULL,'jeonju','seoul','2022-12-19 23:00:00','2022-12-20 02:00:00'),(47582,1003,1,'seoul','p',28,0,'03:00:00',25600,NULL,'jeonju','seoul','2022-12-19 23:30:00','2022-12-20 02:30:00'),(47583,1071,19,'seoul','n',36,0,'03:00:00',15600,NULL,'jeonju','seoul','2022-12-20 00:15:00','2022-12-20 03:15:00'),(47584,1069,18,'seoul','p',28,0,'03:00:00',25600,NULL,'jeonju','seoul','2022-12-20 00:45:00','2022-12-20 03:45:00'),(47585,1067,17,'seoul','p',28,0,'03:00:00',25600,NULL,'jeonju','seoul','2022-12-20 01:15:00','2022-12-20 04:15:00'),(47586,1064,16,'seoul','p',28,0,'03:00:00',25600,NULL,'jeonju','seoul','2022-12-20 01:45:00','2022-12-20 04:45:00'),(47587,1049,15,'seoul','n',36,0,'03:00:00',15600,NULL,'jeonju','seoul','2022-12-20 02:15:00','2022-12-20 05:15:00'),(47588,1041,14,'seoul','n',36,0,'03:00:00',15600,NULL,'jeonju','seoul','2022-12-20 02:45:00','2022-12-20 05:45:00'),(47589,1037,13,'seoul','p',28,0,'03:00:00',25600,NULL,'jeonju','seoul','2022-12-20 03:15:00','2022-12-20 06:15:00'),(47590,1032,12,'seoul','h',28,0,'03:00:00',20600,NULL,'jeonju','seoul','2022-12-20 03:45:00','2022-12-20 06:45:00'),(47591,1031,11,'seoul','n',36,0,'03:00:00',15600,NULL,'jeonju','seoul','2022-12-20 04:15:00','2022-12-20 07:15:00'),(47592,1024,10,'seoul','n',36,0,'03:00:00',15600,NULL,'jeonju','seoul','2022-12-20 04:45:00','2022-12-20 07:45:00'),(47593,1075,20,'seoul','p',28,0,'03:00:00',25600,NULL,'jeonju','seoul','2022-12-20 05:15:00','2022-12-20 08:15:00'),(47594,1996,38,'seoul','p',28,0,'03:00:00',25600,NULL,'jeonju','seoul','2022-12-20 05:45:00','2022-12-20 08:45:00'),(47595,1142,31,'seoul','p',28,0,'03:00:00',25600,NULL,'jeonju','seoul','2022-12-20 06:15:00','2022-12-20 09:15:00'),(47596,1133,30,'seoul','p',28,0,'03:00:00',25600,NULL,'jeonju','seoul','2022-12-20 06:45:00','2022-12-20 09:45:00'),(47597,1124,29,'seoul','p',28,0,'03:00:00',25600,NULL,'jeonju','seoul','2022-12-20 07:15:00','2022-12-20 10:15:00'),(47598,1116,28,'seoul','p',28,0,'03:00:00',25600,NULL,'jeonju','seoul','2022-12-20 07:45:00','2022-12-20 10:45:00'),(47599,1113,27,'seoul','p',28,0,'03:00:00',25600,NULL,'jeonju','seoul','2022-12-20 08:15:00','2022-12-20 11:15:00'),(47600,1103,26,'seoul','p',28,0,'03:00:00',25600,NULL,'jeonju','seoul','2022-12-20 08:45:00','2022-12-20 11:45:00'),(47601,1099,25,'seoul','h',28,0,'03:00:00',20600,NULL,'jeonju','seoul','2022-12-20 09:15:00','2022-12-20 12:15:00'),(47602,1093,24,'seoul','p',28,0,'03:00:00',25600,NULL,'jeonju','seoul','2022-12-20 09:45:00','2022-12-20 12:45:00'),(47603,1090,23,'seoul','p',28,0,'03:00:00',25600,NULL,'jeonju','seoul','2022-12-20 10:15:00','2022-12-20 13:15:00'),(47604,1084,22,'seoul','n',36,0,'03:00:00',15600,NULL,'jeonju','seoul','2022-12-20 10:45:00','2022-12-20 13:45:00'),(47605,1082,21,'seoul','p',28,0,'03:00:00',25600,NULL,'jeonju','seoul','2022-12-20 11:15:00','2022-12-20 14:15:00'),(47606,1003,1,'seoul','p',28,0,'03:00:00',25600,NULL,'jeonju','seoul','2022-12-20 11:45:00','2022-12-20 14:45:00'),(47607,1071,19,'seoul','n',36,0,'03:00:00',15600,NULL,'jeonju','seoul','2022-12-20 12:15:00','2022-12-20 15:15:00'),(47608,1069,18,'seoul','p',28,0,'03:00:00',25600,NULL,'jeonju','seoul','2022-12-20 12:45:00','2022-12-20 15:45:00'),(47609,1067,17,'seoul','p',28,0,'03:00:00',25600,NULL,'jeonju','seoul','2022-12-20 13:15:00','2022-12-20 16:15:00'),(47610,1064,16,'seoul','p',28,0,'03:00:00',25600,NULL,'jeonju','seoul','2022-12-20 13:45:00','2022-12-20 16:45:00'),(47611,1049,15,'seoul','n',36,0,'03:00:00',15600,NULL,'jeonju','seoul','2022-12-20 14:15:00','2022-12-20 17:15:00'),(47612,1041,14,'seoul','n',36,0,'03:00:00',15600,NULL,'jeonju','seoul','2022-12-20 14:45:00','2022-12-20 17:45:00'),(47613,1037,13,'seoul','p',28,0,'03:00:00',25600,NULL,'jeonju','seoul','2022-12-20 15:15:00','2022-12-20 18:15:00'),(47614,1032,12,'seoul','h',28,0,'03:00:00',20600,NULL,'jeonju','seoul','2022-12-20 15:45:00','2022-12-20 18:45:00'),(47615,1031,11,'seoul','n',36,0,'03:00:00',15600,NULL,'jeonju','seoul','2022-12-20 16:15:00','2022-12-20 19:15:00'),(47616,1024,10,'seoul','n',36,0,'03:00:00',15600,NULL,'jeonju','seoul','2022-12-20 16:45:00','2022-12-20 19:45:00'),(47617,1075,20,'seoul','p',28,0,'03:00:00',25600,NULL,'jeonju','seoul','2022-12-20 17:15:00','2022-12-20 20:15:00'),(47618,1996,38,'seoul','p',28,0,'03:00:00',25600,NULL,'jeonju','seoul','2022-12-20 17:45:00','2022-12-20 20:45:00'),(47619,1142,31,'seoul','p',28,0,'03:00:00',25600,NULL,'jeonju','seoul','2022-12-20 18:15:00','2022-12-20 21:15:00'),(47620,1133,30,'seoul','p',28,0,'03:00:00',25600,NULL,'jeonju','seoul','2022-12-20 18:45:00','2022-12-20 21:45:00'),(47621,1124,29,'seoul','p',28,0,'03:00:00',25600,NULL,'jeonju','seoul','2022-12-20 19:15:00','2022-12-20 22:15:00'),(47622,1116,28,'seoul','p',28,0,'03:00:00',25600,NULL,'jeonju','seoul','2022-12-20 19:45:00','2022-12-20 22:45:00'),(47623,1113,27,'seoul','p',28,0,'03:00:00',25600,NULL,'jeonju','seoul','2022-12-20 20:15:00','2022-12-20 23:15:00'),(47624,1103,26,'seoul','p',28,0,'03:00:00',25600,NULL,'jeonju','seoul','2022-12-20 20:45:00','2022-12-20 23:45:00'),(47625,1099,25,'seoul','h',28,0,'03:00:00',20600,NULL,'jeonju','seoul','2022-12-20 21:15:00','2022-12-21 00:15:00'),(47626,1093,24,'seoul','p',28,0,'03:00:00',25600,NULL,'jeonju','seoul','2022-12-20 21:45:00','2022-12-21 00:45:00'),(47627,1090,23,'seoul','p',28,0,'03:00:00',25600,NULL,'jeonju','seoul','2022-12-20 22:15:00','2022-12-21 01:15:00'),(47628,1084,22,'seoul','n',36,0,'03:00:00',15600,NULL,'jeonju','seoul','2022-12-20 22:45:00','2022-12-21 01:45:00'),(47629,1082,21,'seoul','p',28,0,'03:00:00',25600,NULL,'jeonju','seoul','2022-12-20 23:15:00','2022-12-21 02:15:00'),(47630,1003,1,'seoul','p',28,0,'03:00:00',25600,NULL,'jeonju','seoul','2022-12-20 23:45:00','2022-12-21 02:45:00'),(47631,1071,19,'seoul','n',36,0,'03:00:00',15600,NULL,'jeonju','seoul','2022-12-21 00:00:00','2022-12-21 03:00:00'),(47632,1069,18,'seoul','p',28,0,'03:00:00',25600,NULL,'jeonju','seoul','2022-12-21 00:30:00','2022-12-21 03:30:00'),(47633,1067,17,'seoul','p',28,0,'03:00:00',25600,NULL,'jeonju','seoul','2022-12-21 01:00:00','2022-12-21 04:00:00'),(47634,1064,16,'seoul','p',28,0,'03:00:00',25600,NULL,'jeonju','seoul','2022-12-21 01:30:00','2022-12-21 04:30:00'),(47635,1049,15,'seoul','n',36,0,'03:00:00',15600,NULL,'jeonju','seoul','2022-12-21 02:00:00','2022-12-21 05:00:00'),(47636,1041,14,'seoul','n',36,0,'03:00:00',15600,NULL,'jeonju','seoul','2022-12-21 02:30:00','2022-12-21 05:30:00'),(47637,1037,13,'seoul','p',28,0,'03:00:00',25600,NULL,'jeonju','seoul','2022-12-21 03:00:00','2022-12-21 06:00:00'),(47638,1032,12,'seoul','h',28,0,'03:00:00',20600,NULL,'jeonju','seoul','2022-12-21 03:30:00','2022-12-21 06:30:00'),(47639,1031,11,'seoul','n',36,0,'03:00:00',15600,NULL,'jeonju','seoul','2022-12-21 04:00:00','2022-12-21 07:00:00'),(47640,1024,10,'seoul','n',36,0,'03:00:00',15600,NULL,'jeonju','seoul','2022-12-21 04:30:00','2022-12-21 07:30:00'),(47641,1075,20,'seoul','p',28,0,'03:00:00',25600,NULL,'jeonju','seoul','2022-12-21 05:00:00','2022-12-21 08:00:00'),(47642,1996,38,'seoul','p',28,0,'03:00:00',25600,NULL,'jeonju','seoul','2022-12-21 05:30:00','2022-12-21 08:30:00'),(47643,1142,31,'seoul','p',28,0,'03:00:00',25600,NULL,'jeonju','seoul','2022-12-21 06:00:00','2022-12-21 09:00:00'),(47644,1133,30,'seoul','p',28,0,'03:00:00',25600,NULL,'jeonju','seoul','2022-12-21 06:30:00','2022-12-21 09:30:00'),(47645,1124,29,'seoul','p',28,0,'03:00:00',25600,NULL,'jeonju','seoul','2022-12-21 07:00:00','2022-12-21 10:00:00'),(47646,1116,28,'seoul','p',28,0,'03:00:00',25600,NULL,'jeonju','seoul','2022-12-21 07:30:00','2022-12-21 10:30:00'),(47647,1113,27,'seoul','p',28,0,'03:00:00',25600,NULL,'jeonju','seoul','2022-12-21 08:00:00','2022-12-21 11:00:00'),(47648,1103,26,'seoul','p',28,0,'03:00:00',25600,NULL,'jeonju','seoul','2022-12-21 08:30:00','2022-12-21 11:30:00'),(47649,1099,25,'seoul','h',28,0,'03:00:00',20600,NULL,'jeonju','seoul','2022-12-21 09:00:00','2022-12-21 12:00:00'),(47650,1093,24,'seoul','p',28,0,'03:00:00',25600,NULL,'jeonju','seoul','2022-12-21 09:30:00','2022-12-21 12:30:00'),(47651,1090,23,'seoul','p',28,0,'03:00:00',25600,NULL,'jeonju','seoul','2022-12-21 10:00:00','2022-12-21 13:00:00'),(47652,1084,22,'seoul','n',36,0,'03:00:00',15600,NULL,'jeonju','seoul','2022-12-21 10:30:00','2022-12-21 13:30:00'),(47653,1082,21,'seoul','p',28,0,'03:00:00',25600,NULL,'jeonju','seoul','2022-12-21 11:00:00','2022-12-21 14:00:00'),(47654,1003,1,'seoul','p',28,0,'03:00:00',25600,NULL,'jeonju','seoul','2022-12-21 11:30:00','2022-12-21 14:30:00'),(47655,1071,19,'seoul','n',36,0,'03:00:00',15600,NULL,'jeonju','seoul','2022-12-21 12:00:00','2022-12-21 15:00:00'),(47656,1069,18,'seoul','p',28,0,'03:00:00',25600,NULL,'jeonju','seoul','2022-12-21 12:30:00','2022-12-21 15:30:00'),(47657,1067,17,'seoul','p',28,0,'03:00:00',25600,NULL,'jeonju','seoul','2022-12-21 13:00:00','2022-12-21 16:00:00'),(47658,1064,16,'seoul','p',28,0,'03:00:00',25600,NULL,'jeonju','seoul','2022-12-21 13:30:00','2022-12-21 16:30:00'),(47659,1049,15,'seoul','n',36,0,'03:00:00',15600,NULL,'jeonju','seoul','2022-12-21 14:00:00','2022-12-21 17:00:00'),(47660,1041,14,'seoul','n',36,0,'03:00:00',15600,NULL,'jeonju','seoul','2022-12-21 14:30:00','2022-12-21 17:30:00'),(47661,1037,13,'seoul','p',28,0,'03:00:00',25600,NULL,'jeonju','seoul','2022-12-21 15:00:00','2022-12-21 18:00:00'),(47662,1032,12,'seoul','h',28,0,'03:00:00',20600,NULL,'jeonju','seoul','2022-12-21 15:30:00','2022-12-21 18:30:00'),(47663,1031,11,'seoul','n',36,0,'03:00:00',15600,NULL,'jeonju','seoul','2022-12-21 16:00:00','2022-12-21 19:00:00'),(47664,1024,10,'seoul','n',36,0,'03:00:00',15600,NULL,'jeonju','seoul','2022-12-21 16:30:00','2022-12-21 19:30:00'),(47665,1075,20,'seoul','p',28,0,'03:00:00',25600,NULL,'jeonju','seoul','2022-12-21 17:00:00','2022-12-21 20:00:00'),(47666,1996,38,'seoul','p',28,0,'03:00:00',25600,NULL,'jeonju','seoul','2022-12-21 17:30:00','2022-12-21 20:30:00'),(47667,1142,31,'seoul','p',28,0,'03:00:00',25600,NULL,'jeonju','seoul','2022-12-21 18:00:00','2022-12-21 21:00:00'),(47668,1087,51,'jeonju','h',28,0,'03:00:00',20600,NULL,'seoul','jeonju','2022-12-19 17:00:00','2022-12-19 20:00:00'),(47669,1989,80,'jeonju','h',28,0,'03:00:00',20600,NULL,'seoul','jeonju','2022-12-19 17:30:00','2022-12-19 20:30:00'),(47670,1161,62,'jeonju','p',28,0,'03:00:00',25600,NULL,'seoul','jeonju','2022-12-19 18:00:00','2022-12-19 21:00:00'),(47671,1159,61,'jeonju','n',36,0,'03:00:00',15600,NULL,'seoul','jeonju','2022-12-19 18:30:00','2022-12-19 21:30:00'),(47672,1154,60,'jeonju','p',28,0,'03:00:00',25600,NULL,'seoul','jeonju','2022-12-19 19:00:00','2022-12-19 22:00:00'),(47673,1147,59,'jeonju','p',28,0,'03:00:00',25600,NULL,'seoul','jeonju','2022-12-19 19:30:00','2022-12-19 22:30:00'),(47674,1141,58,'jeonju','p',28,0,'03:00:00',25600,NULL,'seoul','jeonju','2022-12-19 20:00:00','2022-12-19 23:00:00'),(47675,1136,57,'jeonju','p',28,0,'03:00:00',25600,NULL,'seoul','jeonju','2022-12-19 20:30:00','2022-12-19 23:30:00'),(47676,1131,56,'jeonju','p',28,0,'03:00:00',25600,NULL,'seoul','jeonju','2022-12-19 21:00:00','2022-12-20 00:00:00'),(47677,1127,55,'jeonju','p',28,0,'03:00:00',25600,NULL,'seoul','jeonju','2022-12-19 21:30:00','2022-12-20 00:30:00'),(47678,1108,54,'jeonju','n',36,0,'03:00:00',15600,NULL,'seoul','jeonju','2022-12-19 22:00:00','2022-12-20 01:00:00'),(47679,1107,53,'jeonju','h',28,0,'03:00:00',20600,NULL,'seoul','jeonju','2022-12-19 22:30:00','2022-12-20 01:30:00'),(47680,1089,52,'jeonju','p',28,0,'03:00:00',25600,NULL,'seoul','jeonju','2022-12-19 23:00:00','2022-12-20 02:00:00'),(47681,1001,39,'jeonju','p',28,0,'03:00:00',25600,NULL,'seoul','jeonju','2022-12-19 23:30:00','2022-12-20 02:30:00'),(47682,1085,50,'jeonju','p',28,0,'03:00:00',25600,NULL,'seoul','jeonju','2022-12-20 00:15:00','2022-12-20 03:15:00'),(47683,1074,49,'jeonju','n',36,0,'03:00:00',15600,NULL,'seoul','jeonju','2022-12-20 00:45:00','2022-12-20 03:45:00'),(47684,1061,48,'jeonju','p',28,0,'03:00:00',25600,NULL,'seoul','jeonju','2022-12-20 01:15:00','2022-12-20 04:15:00'),(47685,1059,47,'jeonju','n',36,0,'03:00:00',15600,NULL,'seoul','jeonju','2022-12-20 01:45:00','2022-12-20 04:45:00'),(47686,1054,46,'jeonju','p',28,0,'03:00:00',25600,NULL,'seoul','jeonju','2022-12-20 02:15:00','2022-12-20 05:15:00'),(47687,1050,45,'jeonju','p',28,0,'03:00:00',25600,NULL,'seoul','jeonju','2022-12-20 02:45:00','2022-12-20 05:45:00'),(47688,1046,44,'jeonju','p',28,0,'03:00:00',25600,NULL,'seoul','jeonju','2022-12-20 03:15:00','2022-12-20 06:15:00'),(47689,1044,43,'jeonju','n',36,0,'03:00:00',15600,NULL,'seoul','jeonju','2022-12-20 03:45:00','2022-12-20 06:45:00'),(47690,1038,42,'jeonju','p',28,0,'03:00:00',25600,NULL,'seoul','jeonju','2022-12-20 04:15:00','2022-12-20 07:15:00'),(47691,1035,41,'jeonju','h',28,0,'03:00:00',20600,NULL,'seoul','jeonju','2022-12-20 04:45:00','2022-12-20 07:45:00'),(47692,1087,51,'jeonju','h',28,0,'03:00:00',20600,NULL,'seoul','jeonju','2022-12-20 05:15:00','2022-12-20 08:15:00'),(47693,1989,80,'jeonju','h',28,0,'03:00:00',20600,NULL,'seoul','jeonju','2022-12-20 05:45:00','2022-12-20 08:45:00'),(47694,1161,62,'jeonju','p',28,0,'03:00:00',25600,NULL,'seoul','jeonju','2022-12-20 06:15:00','2022-12-20 09:15:00'),(47695,1159,61,'jeonju','n',36,0,'03:00:00',15600,NULL,'seoul','jeonju','2022-12-20 06:45:00','2022-12-20 09:45:00'),(47696,1154,60,'jeonju','p',28,0,'03:00:00',25600,NULL,'seoul','jeonju','2022-12-20 07:15:00','2022-12-20 10:15:00'),(47697,1147,59,'jeonju','p',28,0,'03:00:00',25600,NULL,'seoul','jeonju','2022-12-20 07:45:00','2022-12-20 10:45:00'),(47698,1141,58,'jeonju','p',28,0,'03:00:00',25600,NULL,'seoul','jeonju','2022-12-20 08:15:00','2022-12-20 11:15:00'),(47699,1136,57,'jeonju','p',28,0,'03:00:00',25600,NULL,'seoul','jeonju','2022-12-20 08:45:00','2022-12-20 11:45:00'),(47700,1131,56,'jeonju','p',28,0,'03:00:00',25600,NULL,'seoul','jeonju','2022-12-20 09:15:00','2022-12-20 12:15:00'),(47701,1127,55,'jeonju','p',28,0,'03:00:00',25600,NULL,'seoul','jeonju','2022-12-20 09:45:00','2022-12-20 12:45:00'),(47702,1108,54,'jeonju','n',36,0,'03:00:00',15600,NULL,'seoul','jeonju','2022-12-20 10:15:00','2022-12-20 13:15:00'),(47703,1107,53,'jeonju','h',28,0,'03:00:00',20600,NULL,'seoul','jeonju','2022-12-20 10:45:00','2022-12-20 13:45:00'),(47704,1089,52,'jeonju','p',28,0,'03:00:00',25600,NULL,'seoul','jeonju','2022-12-20 11:15:00','2022-12-20 14:15:00'),(47705,1001,39,'jeonju','p',28,0,'03:00:00',25600,NULL,'seoul','jeonju','2022-12-20 11:45:00','2022-12-20 14:45:00'),(47706,1085,50,'jeonju','p',28,0,'03:00:00',25600,NULL,'seoul','jeonju','2022-12-20 12:15:00','2022-12-20 15:15:00'),(47707,1074,49,'jeonju','n',36,0,'03:00:00',15600,NULL,'seoul','jeonju','2022-12-20 12:45:00','2022-12-20 15:45:00'),(47708,1061,48,'jeonju','p',28,0,'03:00:00',25600,NULL,'seoul','jeonju','2022-12-20 13:15:00','2022-12-20 16:15:00'),(47709,1059,47,'jeonju','n',36,0,'03:00:00',15600,NULL,'seoul','jeonju','2022-12-20 13:45:00','2022-12-20 16:45:00'),(47710,1054,46,'jeonju','p',28,0,'03:00:00',25600,NULL,'seoul','jeonju','2022-12-20 14:15:00','2022-12-20 17:15:00'),(47711,1050,45,'jeonju','p',28,0,'03:00:00',25600,NULL,'seoul','jeonju','2022-12-20 14:45:00','2022-12-20 17:45:00'),(47712,1046,44,'jeonju','p',28,0,'03:00:00',25600,NULL,'seoul','jeonju','2022-12-20 15:15:00','2022-12-20 18:15:00'),(47713,1044,43,'jeonju','n',36,0,'03:00:00',15600,NULL,'seoul','jeonju','2022-12-20 15:45:00','2022-12-20 18:45:00'),(47714,1038,42,'jeonju','p',28,0,'03:00:00',25600,NULL,'seoul','jeonju','2022-12-20 16:15:00','2022-12-20 19:15:00'),(47715,1035,41,'jeonju','h',28,0,'03:00:00',20600,NULL,'seoul','jeonju','2022-12-20 16:45:00','2022-12-20 19:45:00'),(47716,1087,51,'jeonju','h',28,0,'03:00:00',20600,NULL,'seoul','jeonju','2022-12-20 17:15:00','2022-12-20 20:15:00'),(47717,1989,80,'jeonju','h',28,0,'03:00:00',20600,NULL,'seoul','jeonju','2022-12-20 17:45:00','2022-12-20 20:45:00'),(47718,1161,62,'jeonju','p',28,0,'03:00:00',25600,NULL,'seoul','jeonju','2022-12-20 18:15:00','2022-12-20 21:15:00'),(47719,1159,61,'jeonju','n',36,0,'03:00:00',15600,NULL,'seoul','jeonju','2022-12-20 18:45:00','2022-12-20 21:45:00'),(47720,1154,60,'jeonju','p',28,0,'03:00:00',25600,NULL,'seoul','jeonju','2022-12-20 19:15:00','2022-12-20 22:15:00'),(47721,1147,59,'jeonju','p',28,0,'03:00:00',25600,NULL,'seoul','jeonju','2022-12-20 19:45:00','2022-12-20 22:45:00'),(47722,1141,58,'jeonju','p',28,0,'03:00:00',25600,NULL,'seoul','jeonju','2022-12-20 20:15:00','2022-12-20 23:15:00'),(47723,1136,57,'jeonju','p',28,0,'03:00:00',25600,NULL,'seoul','jeonju','2022-12-20 20:45:00','2022-12-20 23:45:00'),(47724,1131,56,'jeonju','p',28,0,'03:00:00',25600,NULL,'seoul','jeonju','2022-12-20 21:15:00','2022-12-21 00:15:00'),(47725,1127,55,'jeonju','p',28,0,'03:00:00',25600,NULL,'seoul','jeonju','2022-12-20 21:45:00','2022-12-21 00:45:00'),(47726,1108,54,'jeonju','n',36,0,'03:00:00',15600,NULL,'seoul','jeonju','2022-12-20 22:15:00','2022-12-21 01:15:00'),(47727,1107,53,'jeonju','h',28,0,'03:00:00',20600,NULL,'seoul','jeonju','2022-12-20 22:45:00','2022-12-21 01:45:00'),(47728,1089,52,'jeonju','p',28,0,'03:00:00',25600,NULL,'seoul','jeonju','2022-12-20 23:15:00','2022-12-21 02:15:00'),(47729,1001,39,'jeonju','p',28,0,'03:00:00',25600,NULL,'seoul','jeonju','2022-12-20 23:45:00','2022-12-21 02:45:00'),(47730,1085,50,'jeonju','p',28,0,'03:00:00',25600,NULL,'seoul','jeonju','2022-12-21 00:00:00','2022-12-21 03:00:00'),(47731,1074,49,'jeonju','n',36,0,'03:00:00',15600,NULL,'seoul','jeonju','2022-12-21 00:30:00','2022-12-21 03:30:00'),(47732,1061,48,'jeonju','p',28,0,'03:00:00',25600,NULL,'seoul','jeonju','2022-12-21 01:00:00','2022-12-21 04:00:00'),(47733,1059,47,'jeonju','n',36,0,'03:00:00',15600,NULL,'seoul','jeonju','2022-12-21 01:30:00','2022-12-21 04:30:00'),(47734,1054,46,'jeonju','p',28,0,'03:00:00',25600,NULL,'seoul','jeonju','2022-12-21 02:00:00','2022-12-21 05:00:00'),(47735,1050,45,'jeonju','p',28,0,'03:00:00',25600,NULL,'seoul','jeonju','2022-12-21 02:30:00','2022-12-21 05:30:00'),(47736,1046,44,'jeonju','p',28,0,'03:00:00',25600,NULL,'seoul','jeonju','2022-12-21 03:00:00','2022-12-21 06:00:00'),(47737,1044,43,'jeonju','n',36,0,'03:00:00',15600,NULL,'seoul','jeonju','2022-12-21 03:30:00','2022-12-21 06:30:00'),(47738,1038,42,'jeonju','p',28,0,'03:00:00',25600,NULL,'seoul','jeonju','2022-12-21 04:00:00','2022-12-21 07:00:00'),(47739,1035,41,'jeonju','h',28,0,'03:00:00',20600,NULL,'seoul','jeonju','2022-12-21 04:30:00','2022-12-21 07:30:00'),(47740,1087,51,'jeonju','h',28,0,'03:00:00',20600,NULL,'seoul','jeonju','2022-12-21 05:00:00','2022-12-21 08:00:00'),(47741,1989,80,'jeonju','h',28,0,'03:00:00',20600,NULL,'seoul','jeonju','2022-12-21 05:30:00','2022-12-21 08:30:00'),(47742,1161,62,'jeonju','p',28,0,'03:00:00',25600,NULL,'seoul','jeonju','2022-12-21 06:00:00','2022-12-21 09:00:00'),(47743,1159,61,'jeonju','n',36,0,'03:00:00',15600,NULL,'seoul','jeonju','2022-12-21 06:30:00','2022-12-21 09:30:00'),(47744,1154,60,'jeonju','p',28,0,'03:00:00',25600,NULL,'seoul','jeonju','2022-12-21 07:00:00','2022-12-21 10:00:00'),(47745,1147,59,'jeonju','p',28,0,'03:00:00',25600,NULL,'seoul','jeonju','2022-12-21 07:30:00','2022-12-21 10:30:00'),(47746,1141,58,'jeonju','p',28,0,'03:00:00',25600,NULL,'seoul','jeonju','2022-12-21 08:00:00','2022-12-21 11:00:00'),(47747,1136,57,'jeonju','p',28,0,'03:00:00',25600,NULL,'seoul','jeonju','2022-12-21 08:30:00','2022-12-21 11:30:00'),(47748,1131,56,'jeonju','p',28,0,'03:00:00',25600,NULL,'seoul','jeonju','2022-12-21 09:00:00','2022-12-21 12:00:00'),(47749,1127,55,'jeonju','p',28,0,'03:00:00',25600,NULL,'seoul','jeonju','2022-12-21 09:30:00','2022-12-21 12:30:00'),(47750,1108,54,'jeonju','n',36,0,'03:00:00',15600,NULL,'seoul','jeonju','2022-12-21 10:00:00','2022-12-21 13:00:00'),(47751,1107,53,'jeonju','h',28,0,'03:00:00',20600,NULL,'seoul','jeonju','2022-12-21 10:30:00','2022-12-21 13:30:00'),(47752,1089,52,'jeonju','p',28,0,'03:00:00',25600,NULL,'seoul','jeonju','2022-12-21 11:00:00','2022-12-21 14:00:00'),(47753,1001,39,'jeonju','p',28,0,'03:00:00',25600,NULL,'seoul','jeonju','2022-12-21 11:30:00','2022-12-21 14:30:00'),(47754,1085,50,'jeonju','p',28,0,'03:00:00',25600,NULL,'seoul','jeonju','2022-12-21 12:00:00','2022-12-21 15:00:00'),(47755,1074,49,'jeonju','n',36,0,'03:00:00',15600,NULL,'seoul','jeonju','2022-12-21 12:30:00','2022-12-21 15:30:00'),(47756,1061,48,'jeonju','p',28,0,'03:00:00',25600,NULL,'seoul','jeonju','2022-12-21 13:00:00','2022-12-21 16:00:00'),(47757,1059,47,'jeonju','n',36,0,'03:00:00',15600,NULL,'seoul','jeonju','2022-12-21 13:30:00','2022-12-21 16:30:00'),(47758,1054,46,'jeonju','p',28,0,'03:00:00',25600,NULL,'seoul','jeonju','2022-12-21 14:00:00','2022-12-21 17:00:00'),(47759,1050,45,'jeonju','p',28,0,'03:00:00',25600,NULL,'seoul','jeonju','2022-12-21 14:30:00','2022-12-21 17:30:00'),(47760,1046,44,'jeonju','p',28,0,'03:00:00',25600,NULL,'seoul','jeonju','2022-12-21 15:00:00','2022-12-21 18:00:00'),(47761,1044,43,'jeonju','n',36,0,'03:00:00',15600,NULL,'seoul','jeonju','2022-12-21 15:30:00','2022-12-21 18:30:00'),(47762,1038,42,'jeonju','p',28,0,'03:00:00',25600,NULL,'seoul','jeonju','2022-12-21 16:00:00','2022-12-21 19:00:00'),(47763,1035,41,'jeonju','h',28,0,'03:00:00',20600,NULL,'seoul','jeonju','2022-12-21 16:30:00','2022-12-21 19:30:00'),(47764,1087,51,'jeonju','h',28,0,'03:00:00',20600,NULL,'seoul','jeonju','2022-12-21 17:00:00','2022-12-21 20:00:00'),(47765,1989,80,'jeonju','h',28,0,'03:00:00',20600,NULL,'seoul','jeonju','2022-12-21 17:30:00','2022-12-21 20:30:00'),(47766,1161,62,'jeonju','p',28,0,'03:00:00',25600,NULL,'seoul','jeonju','2022-12-21 18:00:00','2022-12-21 21:00:00'),(47767,1075,20,'incheon','p',28,0,'03:30:00',25900,NULL,'jeonju','incheon','2022-12-19 17:00:00','2022-12-19 20:00:00'),(47768,1996,38,'incheon','p',28,0,'03:30:00',25900,NULL,'jeonju','incheon','2022-12-19 17:30:00','2022-12-19 20:30:00'),(47769,1142,31,'incheon','p',28,0,'03:30:00',25900,NULL,'jeonju','incheon','2022-12-19 18:00:00','2022-12-19 21:00:00'),(47770,1133,30,'incheon','p',28,0,'03:30:00',25900,NULL,'jeonju','incheon','2022-12-19 18:30:00','2022-12-19 21:30:00'),(47771,1124,29,'incheon','p',28,0,'03:30:00',25900,NULL,'jeonju','incheon','2022-12-19 19:00:00','2022-12-19 22:00:00'),(47772,1116,28,'incheon','p',28,0,'03:30:00',25900,NULL,'jeonju','incheon','2022-12-19 19:30:00','2022-12-19 22:30:00'),(47773,1113,27,'incheon','p',28,0,'03:30:00',25900,NULL,'jeonju','incheon','2022-12-19 20:00:00','2022-12-19 23:00:00'),(47774,1103,26,'incheon','p',28,0,'03:30:00',25900,NULL,'jeonju','incheon','2022-12-19 20:30:00','2022-12-19 23:30:00'),(47775,1099,25,'incheon','h',28,0,'03:30:00',20900,NULL,'jeonju','incheon','2022-12-19 21:00:00','2022-12-20 00:00:00'),(47776,1093,24,'incheon','p',28,0,'03:30:00',25900,NULL,'jeonju','incheon','2022-12-19 21:30:00','2022-12-20 00:30:00'),(47777,1090,23,'incheon','p',28,0,'03:30:00',25900,NULL,'jeonju','incheon','2022-12-19 22:00:00','2022-12-20 01:00:00'),(47778,1084,22,'incheon','n',36,0,'03:30:00',15900,NULL,'jeonju','incheon','2022-12-19 22:30:00','2022-12-20 01:30:00'),(47779,1082,21,'incheon','p',28,0,'03:30:00',25900,NULL,'jeonju','incheon','2022-12-19 23:00:00','2022-12-20 02:00:00'),(47780,1003,1,'incheon','p',28,0,'03:30:00',25900,NULL,'jeonju','incheon','2022-12-19 23:30:00','2022-12-20 02:30:00'),(47781,1071,19,'incheon','n',36,0,'03:30:00',15900,NULL,'jeonju','incheon','2022-12-20 00:15:00','2022-12-20 03:15:00'),(47782,1069,18,'incheon','p',28,0,'03:30:00',25900,NULL,'jeonju','incheon','2022-12-20 00:45:00','2022-12-20 03:45:00'),(47783,1067,17,'incheon','p',28,0,'03:30:00',25900,NULL,'jeonju','incheon','2022-12-20 01:15:00','2022-12-20 04:15:00'),(47784,1064,16,'incheon','p',28,0,'03:30:00',25900,NULL,'jeonju','incheon','2022-12-20 01:45:00','2022-12-20 04:45:00'),(47785,1049,15,'incheon','n',36,0,'03:30:00',15900,NULL,'jeonju','incheon','2022-12-20 02:15:00','2022-12-20 05:15:00'),(47786,1041,14,'incheon','n',36,0,'03:30:00',15900,NULL,'jeonju','incheon','2022-12-20 02:45:00','2022-12-20 05:45:00'),(47787,1037,13,'incheon','p',28,0,'03:30:00',25900,NULL,'jeonju','incheon','2022-12-20 03:15:00','2022-12-20 06:15:00'),(47788,1032,12,'incheon','h',28,0,'03:30:00',20900,NULL,'jeonju','incheon','2022-12-20 03:45:00','2022-12-20 06:45:00'),(47789,1031,11,'incheon','n',36,0,'03:30:00',15900,NULL,'jeonju','incheon','2022-12-20 04:15:00','2022-12-20 07:15:00'),(47790,1024,10,'incheon','n',36,0,'03:30:00',15900,NULL,'jeonju','incheon','2022-12-20 04:45:00','2022-12-20 07:45:00'),(47791,1075,20,'incheon','p',28,0,'03:30:00',25900,NULL,'jeonju','incheon','2022-12-20 05:15:00','2022-12-20 08:15:00'),(47792,1996,38,'incheon','p',28,0,'03:30:00',25900,NULL,'jeonju','incheon','2022-12-20 05:45:00','2022-12-20 08:45:00'),(47793,1142,31,'incheon','p',28,0,'03:30:00',25900,NULL,'jeonju','incheon','2022-12-20 06:15:00','2022-12-20 09:15:00'),(47794,1133,30,'incheon','p',28,0,'03:30:00',25900,NULL,'jeonju','incheon','2022-12-20 06:45:00','2022-12-20 09:45:00'),(47795,1124,29,'incheon','p',28,0,'03:30:00',25900,NULL,'jeonju','incheon','2022-12-20 07:15:00','2022-12-20 10:15:00'),(47796,1116,28,'incheon','p',28,0,'03:30:00',25900,NULL,'jeonju','incheon','2022-12-20 07:45:00','2022-12-20 10:45:00'),(47797,1113,27,'incheon','p',28,0,'03:30:00',25900,NULL,'jeonju','incheon','2022-12-20 08:15:00','2022-12-20 11:15:00'),(47798,1103,26,'incheon','p',28,0,'03:30:00',25900,NULL,'jeonju','incheon','2022-12-20 08:45:00','2022-12-20 11:45:00'),(47799,1099,25,'incheon','h',28,0,'03:30:00',20900,NULL,'jeonju','incheon','2022-12-20 09:15:00','2022-12-20 12:15:00'),(47800,1093,24,'incheon','p',28,0,'03:30:00',25900,NULL,'jeonju','incheon','2022-12-20 09:45:00','2022-12-20 12:45:00'),(47801,1090,23,'incheon','p',28,0,'03:30:00',25900,NULL,'jeonju','incheon','2022-12-20 10:15:00','2022-12-20 13:15:00'),(47802,1084,22,'incheon','n',36,0,'03:30:00',15900,NULL,'jeonju','incheon','2022-12-20 10:45:00','2022-12-20 13:45:00'),(47803,1082,21,'incheon','p',28,0,'03:30:00',25900,NULL,'jeonju','incheon','2022-12-20 11:15:00','2022-12-20 14:15:00'),(47804,1003,1,'incheon','p',28,0,'03:30:00',25900,NULL,'jeonju','incheon','2022-12-20 11:45:00','2022-12-20 14:45:00'),(47805,1071,19,'incheon','n',36,0,'03:30:00',15900,NULL,'jeonju','incheon','2022-12-20 12:15:00','2022-12-20 15:15:00'),(47806,1069,18,'incheon','p',28,0,'03:30:00',25900,NULL,'jeonju','incheon','2022-12-20 12:45:00','2022-12-20 15:45:00'),(47807,1067,17,'incheon','p',28,0,'03:30:00',25900,NULL,'jeonju','incheon','2022-12-20 13:15:00','2022-12-20 16:15:00'),(47808,1064,16,'incheon','p',28,0,'03:30:00',25900,NULL,'jeonju','incheon','2022-12-20 13:45:00','2022-12-20 16:45:00'),(47809,1049,15,'incheon','n',36,0,'03:30:00',15900,NULL,'jeonju','incheon','2022-12-20 14:15:00','2022-12-20 17:15:00'),(47810,1041,14,'incheon','n',36,0,'03:30:00',15900,NULL,'jeonju','incheon','2022-12-20 14:45:00','2022-12-20 17:45:00'),(47811,1037,13,'incheon','p',28,0,'03:30:00',25900,NULL,'jeonju','incheon','2022-12-20 15:15:00','2022-12-20 18:15:00'),(47812,1032,12,'incheon','h',28,0,'03:30:00',20900,NULL,'jeonju','incheon','2022-12-20 15:45:00','2022-12-20 18:45:00'),(47813,1031,11,'incheon','n',36,0,'03:30:00',15900,NULL,'jeonju','incheon','2022-12-20 16:15:00','2022-12-20 19:15:00'),(47814,1024,10,'incheon','n',36,0,'03:30:00',15900,NULL,'jeonju','incheon','2022-12-20 16:45:00','2022-12-20 19:45:00'),(47815,1075,20,'incheon','p',28,0,'03:30:00',25900,NULL,'jeonju','incheon','2022-12-20 17:15:00','2022-12-20 20:15:00'),(47816,1996,38,'incheon','p',28,0,'03:30:00',25900,NULL,'jeonju','incheon','2022-12-20 17:45:00','2022-12-20 20:45:00'),(47817,1142,31,'incheon','p',28,0,'03:30:00',25900,NULL,'jeonju','incheon','2022-12-20 18:15:00','2022-12-20 21:15:00'),(47818,1133,30,'incheon','p',28,0,'03:30:00',25900,NULL,'jeonju','incheon','2022-12-20 18:45:00','2022-12-20 21:45:00'),(47819,1124,29,'incheon','p',28,0,'03:30:00',25900,NULL,'jeonju','incheon','2022-12-20 19:15:00','2022-12-20 22:15:00'),(47820,1116,28,'incheon','p',28,0,'03:30:00',25900,NULL,'jeonju','incheon','2022-12-20 19:45:00','2022-12-20 22:45:00'),(47821,1113,27,'incheon','p',28,0,'03:30:00',25900,NULL,'jeonju','incheon','2022-12-20 20:15:00','2022-12-20 23:15:00'),(47822,1103,26,'incheon','p',28,0,'03:30:00',25900,NULL,'jeonju','incheon','2022-12-20 20:45:00','2022-12-20 23:45:00'),(47823,1099,25,'incheon','h',28,0,'03:30:00',20900,NULL,'jeonju','incheon','2022-12-20 21:15:00','2022-12-21 00:15:00'),(47824,1093,24,'incheon','p',28,0,'03:30:00',25900,NULL,'jeonju','incheon','2022-12-20 21:45:00','2022-12-21 00:45:00'),(47825,1090,23,'incheon','p',28,0,'03:30:00',25900,NULL,'jeonju','incheon','2022-12-20 22:15:00','2022-12-21 01:15:00'),(47826,1084,22,'incheon','n',36,0,'03:30:00',15900,NULL,'jeonju','incheon','2022-12-20 22:45:00','2022-12-21 01:45:00'),(47827,1082,21,'incheon','p',28,0,'03:30:00',25900,NULL,'jeonju','incheon','2022-12-20 23:15:00','2022-12-21 02:15:00'),(47828,1003,1,'incheon','p',28,0,'03:30:00',25900,NULL,'jeonju','incheon','2022-12-20 23:45:00','2022-12-21 02:45:00'),(47829,1071,19,'incheon','n',36,0,'03:30:00',15900,NULL,'jeonju','incheon','2022-12-21 00:00:00','2022-12-21 03:00:00'),(47830,1069,18,'incheon','p',28,0,'03:30:00',25900,NULL,'jeonju','incheon','2022-12-21 00:30:00','2022-12-21 03:30:00'),(47831,1067,17,'incheon','p',28,0,'03:30:00',25900,NULL,'jeonju','incheon','2022-12-21 01:00:00','2022-12-21 04:00:00'),(47832,1064,16,'incheon','p',28,0,'03:30:00',25900,NULL,'jeonju','incheon','2022-12-21 01:30:00','2022-12-21 04:30:00'),(47833,1049,15,'incheon','n',36,0,'03:30:00',15900,NULL,'jeonju','incheon','2022-12-21 02:00:00','2022-12-21 05:00:00'),(47834,1041,14,'incheon','n',36,0,'03:30:00',15900,NULL,'jeonju','incheon','2022-12-21 02:30:00','2022-12-21 05:30:00'),(47835,1037,13,'incheon','p',28,0,'03:30:00',25900,NULL,'jeonju','incheon','2022-12-21 03:00:00','2022-12-21 06:00:00'),(47836,1032,12,'incheon','h',28,0,'03:30:00',20900,NULL,'jeonju','incheon','2022-12-21 03:30:00','2022-12-21 06:30:00'),(47837,1031,11,'incheon','n',36,0,'03:30:00',15900,NULL,'jeonju','incheon','2022-12-21 04:00:00','2022-12-21 07:00:00'),(47838,1024,10,'incheon','n',36,0,'03:30:00',15900,NULL,'jeonju','incheon','2022-12-21 04:30:00','2022-12-21 07:30:00'),(47839,1075,20,'incheon','p',28,0,'03:30:00',25900,NULL,'jeonju','incheon','2022-12-21 05:00:00','2022-12-21 08:00:00'),(47840,1996,38,'incheon','p',28,0,'03:30:00',25900,NULL,'jeonju','incheon','2022-12-21 05:30:00','2022-12-21 08:30:00'),(47841,1142,31,'incheon','p',28,0,'03:30:00',25900,NULL,'jeonju','incheon','2022-12-21 06:00:00','2022-12-21 09:00:00'),(47842,1133,30,'incheon','p',28,0,'03:30:00',25900,NULL,'jeonju','incheon','2022-12-21 06:30:00','2022-12-21 09:30:00'),(47843,1124,29,'incheon','p',28,0,'03:30:00',25900,NULL,'jeonju','incheon','2022-12-21 07:00:00','2022-12-21 10:00:00'),(47844,1116,28,'incheon','p',28,0,'03:30:00',25900,NULL,'jeonju','incheon','2022-12-21 07:30:00','2022-12-21 10:30:00'),(47845,1113,27,'incheon','p',28,0,'03:30:00',25900,NULL,'jeonju','incheon','2022-12-21 08:00:00','2022-12-21 11:00:00'),(47846,1103,26,'incheon','p',28,0,'03:30:00',25900,NULL,'jeonju','incheon','2022-12-21 08:30:00','2022-12-21 11:30:00'),(47847,1099,25,'incheon','h',28,0,'03:30:00',20900,NULL,'jeonju','incheon','2022-12-21 09:00:00','2022-12-21 12:00:00'),(47848,1093,24,'incheon','p',28,0,'03:30:00',25900,NULL,'jeonju','incheon','2022-12-21 09:30:00','2022-12-21 12:30:00'),(47849,1090,23,'incheon','p',28,0,'03:30:00',25900,NULL,'jeonju','incheon','2022-12-21 10:00:00','2022-12-21 13:00:00'),(47850,1084,22,'incheon','n',36,0,'03:30:00',15900,NULL,'jeonju','incheon','2022-12-21 10:30:00','2022-12-21 13:30:00'),(47851,1082,21,'incheon','p',28,0,'03:30:00',25900,NULL,'jeonju','incheon','2022-12-21 11:00:00','2022-12-21 14:00:00'),(47852,1003,1,'incheon','p',28,0,'03:30:00',25900,NULL,'jeonju','incheon','2022-12-21 11:30:00','2022-12-21 14:30:00'),(47853,1071,19,'incheon','n',36,0,'03:30:00',15900,NULL,'jeonju','incheon','2022-12-21 12:00:00','2022-12-21 15:00:00'),(47854,1069,18,'incheon','p',28,0,'03:30:00',25900,NULL,'jeonju','incheon','2022-12-21 12:30:00','2022-12-21 15:30:00'),(47855,1067,17,'incheon','p',28,0,'03:30:00',25900,NULL,'jeonju','incheon','2022-12-21 13:00:00','2022-12-21 16:00:00'),(47856,1064,16,'incheon','p',28,0,'03:30:00',25900,NULL,'jeonju','incheon','2022-12-21 13:30:00','2022-12-21 16:30:00'),(47857,1049,15,'incheon','n',36,0,'03:30:00',15900,NULL,'jeonju','incheon','2022-12-21 14:00:00','2022-12-21 17:00:00'),(47858,1041,14,'incheon','n',36,0,'03:30:00',15900,NULL,'jeonju','incheon','2022-12-21 14:30:00','2022-12-21 17:30:00'),(47859,1037,13,'incheon','p',28,0,'03:30:00',25900,NULL,'jeonju','incheon','2022-12-21 15:00:00','2022-12-21 18:00:00'),(47860,1032,12,'incheon','h',28,0,'03:30:00',20900,NULL,'jeonju','incheon','2022-12-21 15:30:00','2022-12-21 18:30:00'),(47861,1031,11,'incheon','n',36,0,'03:30:00',15900,NULL,'jeonju','incheon','2022-12-21 16:00:00','2022-12-21 19:00:00'),(47862,1024,10,'incheon','n',36,0,'03:30:00',15900,NULL,'jeonju','incheon','2022-12-21 16:30:00','2022-12-21 19:30:00'),(47863,1075,20,'incheon','p',28,0,'03:30:00',25900,NULL,'jeonju','incheon','2022-12-21 17:00:00','2022-12-21 20:00:00'),(47864,1996,38,'incheon','p',28,0,'03:30:00',25900,NULL,'jeonju','incheon','2022-12-21 17:30:00','2022-12-21 20:30:00'),(47865,1142,31,'incheon','p',28,0,'03:30:00',25900,NULL,'jeonju','incheon','2022-12-21 18:00:00','2022-12-21 21:00:00'),(47866,1112,94,'jeonju','p',28,0,'03:30:00',25900,NULL,'incheon','jeonju','2022-12-19 17:00:00','2022-12-19 20:00:00'),(47867,1981,147,'jeonju','h',28,0,'03:30:00',20900,NULL,'incheon','jeonju','2022-12-19 17:30:00','2022-12-19 20:30:00'),(47868,1244,110,'jeonju','p',28,0,'03:30:00',25900,NULL,'incheon','jeonju','2022-12-19 18:00:00','2022-12-19 21:00:00'),(47869,1240,104,'jeonju','p',28,0,'03:30:00',25900,NULL,'incheon','jeonju','2022-12-19 18:30:00','2022-12-19 21:30:00'),(47870,1224,103,'jeonju','h',28,0,'03:30:00',20900,NULL,'incheon','jeonju','2022-12-19 19:00:00','2022-12-19 22:00:00'),(47871,1220,102,'jeonju','n',36,0,'03:30:00',15900,NULL,'incheon','jeonju','2022-12-19 19:30:00','2022-12-19 22:30:00'),(47872,1211,101,'jeonju','p',28,0,'03:30:00',25900,NULL,'incheon','jeonju','2022-12-19 20:00:00','2022-12-19 23:00:00'),(47873,1138,100,'jeonju','p',28,0,'03:30:00',25900,NULL,'incheon','jeonju','2022-12-19 20:30:00','2022-12-19 23:30:00'),(47874,1135,99,'jeonju','h',28,0,'03:30:00',20900,NULL,'incheon','jeonju','2022-12-19 21:00:00','2022-12-20 00:00:00'),(47875,1126,98,'jeonju','p',28,0,'03:30:00',25900,NULL,'incheon','jeonju','2022-12-19 21:30:00','2022-12-20 00:30:00'),(47876,1123,97,'jeonju','p',28,0,'03:30:00',25900,NULL,'incheon','jeonju','2022-12-19 22:00:00','2022-12-20 01:00:00'),(47877,1119,96,'jeonju','p',28,0,'03:30:00',25900,NULL,'incheon','jeonju','2022-12-19 22:30:00','2022-12-20 01:30:00'),(47878,1118,95,'jeonju','p',28,0,'03:30:00',25900,NULL,'incheon','jeonju','2022-12-19 23:00:00','2022-12-20 02:00:00'),(47879,1004,82,'jeonju','p',28,0,'03:30:00',25900,NULL,'incheon','jeonju','2022-12-19 23:30:00','2022-12-20 02:30:00'),(47880,1088,93,'jeonju','n',36,0,'03:30:00',15900,NULL,'incheon','jeonju','2022-12-20 00:15:00','2022-12-20 03:15:00'),(47881,1080,92,'jeonju','h',28,0,'03:30:00',20900,NULL,'incheon','jeonju','2022-12-20 00:45:00','2022-12-20 03:45:00'),(47882,1078,91,'jeonju','h',28,0,'03:30:00',20900,NULL,'incheon','jeonju','2022-12-20 01:15:00','2022-12-20 04:15:00'),(47883,1077,90,'jeonju','h',28,0,'03:30:00',20900,NULL,'incheon','jeonju','2022-12-20 01:45:00','2022-12-20 04:45:00'),(47884,1072,89,'jeonju','n',36,0,'03:30:00',15900,NULL,'incheon','jeonju','2022-12-20 02:15:00','2022-12-20 05:15:00'),(47885,1042,88,'jeonju','n',36,0,'03:30:00',15900,NULL,'incheon','jeonju','2022-12-20 02:45:00','2022-12-20 05:45:00'),(47886,1029,87,'jeonju','p',28,0,'03:30:00',25900,NULL,'incheon','jeonju','2022-12-20 03:15:00','2022-12-20 06:15:00'),(47887,1027,86,'jeonju','n',36,0,'03:30:00',15900,NULL,'incheon','jeonju','2022-12-20 03:45:00','2022-12-20 06:45:00'),(47888,1026,85,'jeonju','p',28,0,'03:30:00',25900,NULL,'incheon','jeonju','2022-12-20 04:15:00','2022-12-20 07:15:00'),(47889,1022,84,'jeonju','n',36,0,'03:30:00',15900,NULL,'incheon','jeonju','2022-12-20 04:45:00','2022-12-20 07:45:00'),(47890,1112,94,'jeonju','p',28,0,'03:30:00',25900,NULL,'incheon','jeonju','2022-12-20 05:15:00','2022-12-20 08:15:00'),(47891,1981,147,'jeonju','h',28,0,'03:30:00',20900,NULL,'incheon','jeonju','2022-12-20 05:45:00','2022-12-20 08:45:00'),(47892,1244,110,'jeonju','p',28,0,'03:30:00',25900,NULL,'incheon','jeonju','2022-12-20 06:15:00','2022-12-20 09:15:00'),(47893,1240,104,'jeonju','p',28,0,'03:30:00',25900,NULL,'incheon','jeonju','2022-12-20 06:45:00','2022-12-20 09:45:00'),(47894,1224,103,'jeonju','h',28,0,'03:30:00',20900,NULL,'incheon','jeonju','2022-12-20 07:15:00','2022-12-20 10:15:00'),(47895,1220,102,'jeonju','n',36,0,'03:30:00',15900,NULL,'incheon','jeonju','2022-12-20 07:45:00','2022-12-20 10:45:00'),(47896,1211,101,'jeonju','p',28,0,'03:30:00',25900,NULL,'incheon','jeonju','2022-12-20 08:15:00','2022-12-20 11:15:00'),(47897,1138,100,'jeonju','p',28,0,'03:30:00',25900,NULL,'incheon','jeonju','2022-12-20 08:45:00','2022-12-20 11:45:00'),(47898,1135,99,'jeonju','h',28,0,'03:30:00',20900,NULL,'incheon','jeonju','2022-12-20 09:15:00','2022-12-20 12:15:00'),(47899,1126,98,'jeonju','p',28,0,'03:30:00',25900,NULL,'incheon','jeonju','2022-12-20 09:45:00','2022-12-20 12:45:00'),(47900,1123,97,'jeonju','p',28,0,'03:30:00',25900,NULL,'incheon','jeonju','2022-12-20 10:15:00','2022-12-20 13:15:00'),(47901,1119,96,'jeonju','p',28,0,'03:30:00',25900,NULL,'incheon','jeonju','2022-12-20 10:45:00','2022-12-20 13:45:00'),(47902,1118,95,'jeonju','p',28,0,'03:30:00',25900,NULL,'incheon','jeonju','2022-12-20 11:15:00','2022-12-20 14:15:00'),(47903,1004,82,'jeonju','p',28,0,'03:30:00',25900,NULL,'incheon','jeonju','2022-12-20 11:45:00','2022-12-20 14:45:00'),(47904,1088,93,'jeonju','n',36,0,'03:30:00',15900,NULL,'incheon','jeonju','2022-12-20 12:15:00','2022-12-20 15:15:00'),(47905,1080,92,'jeonju','h',28,0,'03:30:00',20900,NULL,'incheon','jeonju','2022-12-20 12:45:00','2022-12-20 15:45:00'),(47906,1078,91,'jeonju','h',28,0,'03:30:00',20900,NULL,'incheon','jeonju','2022-12-20 13:15:00','2022-12-20 16:15:00'),(47907,1077,90,'jeonju','h',28,0,'03:30:00',20900,NULL,'incheon','jeonju','2022-12-20 13:45:00','2022-12-20 16:45:00'),(47908,1072,89,'jeonju','n',36,0,'03:30:00',15900,NULL,'incheon','jeonju','2022-12-20 14:15:00','2022-12-20 17:15:00'),(47909,1042,88,'jeonju','n',36,0,'03:30:00',15900,NULL,'incheon','jeonju','2022-12-20 14:45:00','2022-12-20 17:45:00'),(47910,1029,87,'jeonju','p',28,0,'03:30:00',25900,NULL,'incheon','jeonju','2022-12-20 15:15:00','2022-12-20 18:15:00'),(47911,1027,86,'jeonju','n',36,0,'03:30:00',15900,NULL,'incheon','jeonju','2022-12-20 15:45:00','2022-12-20 18:45:00'),(47912,1026,85,'jeonju','p',28,0,'03:30:00',25900,NULL,'incheon','jeonju','2022-12-20 16:15:00','2022-12-20 19:15:00'),(47913,1022,84,'jeonju','n',36,0,'03:30:00',15900,NULL,'incheon','jeonju','2022-12-20 16:45:00','2022-12-20 19:45:00'),(47914,1112,94,'jeonju','p',28,0,'03:30:00',25900,NULL,'incheon','jeonju','2022-12-20 17:15:00','2022-12-20 20:15:00'),(47915,1981,147,'jeonju','h',28,0,'03:30:00',20900,NULL,'incheon','jeonju','2022-12-20 17:45:00','2022-12-20 20:45:00'),(47916,1244,110,'jeonju','p',28,0,'03:30:00',25900,NULL,'incheon','jeonju','2022-12-20 18:15:00','2022-12-20 21:15:00'),(47917,1240,104,'jeonju','p',28,0,'03:30:00',25900,NULL,'incheon','jeonju','2022-12-20 18:45:00','2022-12-20 21:45:00'),(47918,1224,103,'jeonju','h',28,0,'03:30:00',20900,NULL,'incheon','jeonju','2022-12-20 19:15:00','2022-12-20 22:15:00'),(47919,1220,102,'jeonju','n',36,0,'03:30:00',15900,NULL,'incheon','jeonju','2022-12-20 19:45:00','2022-12-20 22:45:00'),(47920,1211,101,'jeonju','p',28,0,'03:30:00',25900,NULL,'incheon','jeonju','2022-12-20 20:15:00','2022-12-20 23:15:00'),(47921,1138,100,'jeonju','p',28,0,'03:30:00',25900,NULL,'incheon','jeonju','2022-12-20 20:45:00','2022-12-20 23:45:00'),(47922,1135,99,'jeonju','h',28,0,'03:30:00',20900,NULL,'incheon','jeonju','2022-12-20 21:15:00','2022-12-21 00:15:00'),(47923,1126,98,'jeonju','p',28,0,'03:30:00',25900,NULL,'incheon','jeonju','2022-12-20 21:45:00','2022-12-21 00:45:00'),(47924,1123,97,'jeonju','p',28,0,'03:30:00',25900,NULL,'incheon','jeonju','2022-12-20 22:15:00','2022-12-21 01:15:00'),(47925,1119,96,'jeonju','p',28,0,'03:30:00',25900,NULL,'incheon','jeonju','2022-12-20 22:45:00','2022-12-21 01:45:00'),(47926,1118,95,'jeonju','p',28,0,'03:30:00',25900,NULL,'incheon','jeonju','2022-12-20 23:15:00','2022-12-21 02:15:00'),(47927,1004,82,'jeonju','p',28,0,'03:30:00',25900,NULL,'incheon','jeonju','2022-12-20 23:45:00','2022-12-21 02:45:00'),(47928,1088,93,'jeonju','n',36,0,'03:30:00',15900,NULL,'incheon','jeonju','2022-12-21 00:00:00','2022-12-21 03:00:00'),(47929,1080,92,'jeonju','h',28,0,'03:30:00',20900,NULL,'incheon','jeonju','2022-12-21 00:30:00','2022-12-21 03:30:00'),(47930,1078,91,'jeonju','h',28,0,'03:30:00',20900,NULL,'incheon','jeonju','2022-12-21 01:00:00','2022-12-21 04:00:00'),(47931,1077,90,'jeonju','h',28,0,'03:30:00',20900,NULL,'incheon','jeonju','2022-12-21 01:30:00','2022-12-21 04:30:00'),(47932,1072,89,'jeonju','n',36,0,'03:30:00',15900,NULL,'incheon','jeonju','2022-12-21 02:00:00','2022-12-21 05:00:00'),(47933,1042,88,'jeonju','n',36,0,'03:30:00',15900,NULL,'incheon','jeonju','2022-12-21 02:30:00','2022-12-21 05:30:00'),(47934,1029,87,'jeonju','p',28,0,'03:30:00',25900,NULL,'incheon','jeonju','2022-12-21 03:00:00','2022-12-21 06:00:00'),(47935,1027,86,'jeonju','n',36,0,'03:30:00',15900,NULL,'incheon','jeonju','2022-12-21 03:30:00','2022-12-21 06:30:00'),(47936,1026,85,'jeonju','p',28,0,'03:30:00',25900,NULL,'incheon','jeonju','2022-12-21 04:00:00','2022-12-21 07:00:00'),(47937,1022,84,'jeonju','n',36,0,'03:30:00',15900,NULL,'incheon','jeonju','2022-12-21 04:30:00','2022-12-21 07:30:00'),(47938,1112,94,'jeonju','p',28,0,'03:30:00',25900,NULL,'incheon','jeonju','2022-12-21 05:00:00','2022-12-21 08:00:00'),(47939,1981,147,'jeonju','h',28,0,'03:30:00',20900,NULL,'incheon','jeonju','2022-12-21 05:30:00','2022-12-21 08:30:00'),(47940,1244,110,'jeonju','p',28,0,'03:30:00',25900,NULL,'incheon','jeonju','2022-12-21 06:00:00','2022-12-21 09:00:00'),(47941,1240,104,'jeonju','p',28,0,'03:30:00',25900,NULL,'incheon','jeonju','2022-12-21 06:30:00','2022-12-21 09:30:00'),(47942,1224,103,'jeonju','h',28,0,'03:30:00',20900,NULL,'incheon','jeonju','2022-12-21 07:00:00','2022-12-21 10:00:00'),(47943,1220,102,'jeonju','n',36,0,'03:30:00',15900,NULL,'incheon','jeonju','2022-12-21 07:30:00','2022-12-21 10:30:00'),(47944,1211,101,'jeonju','p',28,0,'03:30:00',25900,NULL,'incheon','jeonju','2022-12-21 08:00:00','2022-12-21 11:00:00'),(47945,1138,100,'jeonju','p',28,0,'03:30:00',25900,NULL,'incheon','jeonju','2022-12-21 08:30:00','2022-12-21 11:30:00'),(47946,1135,99,'jeonju','h',28,0,'03:30:00',20900,NULL,'incheon','jeonju','2022-12-21 09:00:00','2022-12-21 12:00:00'),(47947,1126,98,'jeonju','p',28,0,'03:30:00',25900,NULL,'incheon','jeonju','2022-12-21 09:30:00','2022-12-21 12:30:00'),(47948,1123,97,'jeonju','p',28,0,'03:30:00',25900,NULL,'incheon','jeonju','2022-12-21 10:00:00','2022-12-21 13:00:00'),(47949,1119,96,'jeonju','p',28,0,'03:30:00',25900,NULL,'incheon','jeonju','2022-12-21 10:30:00','2022-12-21 13:30:00'),(47950,1118,95,'jeonju','p',28,0,'03:30:00',25900,NULL,'incheon','jeonju','2022-12-21 11:00:00','2022-12-21 14:00:00'),(47951,1004,82,'jeonju','p',28,0,'03:30:00',25900,NULL,'incheon','jeonju','2022-12-21 11:30:00','2022-12-21 14:30:00'),(47952,1088,93,'jeonju','n',36,0,'03:30:00',15900,NULL,'incheon','jeonju','2022-12-21 12:00:00','2022-12-21 15:00:00'),(47953,1080,92,'jeonju','h',28,0,'03:30:00',20900,NULL,'incheon','jeonju','2022-12-21 12:30:00','2022-12-21 15:30:00'),(47954,1078,91,'jeonju','h',28,0,'03:30:00',20900,NULL,'incheon','jeonju','2022-12-21 13:00:00','2022-12-21 16:00:00'),(47955,1077,90,'jeonju','h',28,0,'03:30:00',20900,NULL,'incheon','jeonju','2022-12-21 13:30:00','2022-12-21 16:30:00'),(47956,1072,89,'jeonju','n',36,0,'03:30:00',15900,NULL,'incheon','jeonju','2022-12-21 14:00:00','2022-12-21 17:00:00'),(47957,1042,88,'jeonju','n',36,0,'03:30:00',15900,NULL,'incheon','jeonju','2022-12-21 14:30:00','2022-12-21 17:30:00'),(47958,1029,87,'jeonju','p',28,0,'03:30:00',25900,NULL,'incheon','jeonju','2022-12-21 15:00:00','2022-12-21 18:00:00'),(47959,1027,86,'jeonju','n',36,0,'03:30:00',15900,NULL,'incheon','jeonju','2022-12-21 15:30:00','2022-12-21 18:30:00'),(47960,1026,85,'jeonju','p',28,0,'03:30:00',25900,NULL,'incheon','jeonju','2022-12-21 16:00:00','2022-12-21 19:00:00'),(47961,1022,84,'jeonju','n',36,0,'03:30:00',15900,NULL,'incheon','jeonju','2022-12-21 16:30:00','2022-12-21 19:30:00'),(47962,1112,94,'jeonju','p',28,0,'03:30:00',25900,NULL,'incheon','jeonju','2022-12-21 17:00:00','2022-12-21 20:00:00'),(47963,1981,147,'jeonju','h',28,0,'03:30:00',20900,NULL,'incheon','jeonju','2022-12-21 17:30:00','2022-12-21 20:30:00'),(47964,1244,110,'jeonju','p',28,0,'03:30:00',25900,NULL,'incheon','jeonju','2022-12-21 18:00:00','2022-12-21 21:00:00');
/*!40000 ALTER TABLE `bus_move_info` ENABLE KEYS */;
UNLOCK TABLES;

--
-- Table structure for table `bus_price`
--

DROP TABLE IF EXISTS `bus_price`;
/*!40101 SET @saved_cs_client     = @@character_set_client */;
/*!50503 SET character_set_client = utf8mb4 */;
CREATE TABLE `bus_price` (
  `leave_location` varchar(20) NOT NULL COMMENT '전주-서울 일반버스',
  `arrive_location` varchar(20) NOT NULL,
  `class` char(1) NOT NULL COMMENT 'n= 일반, p=프리미엄, h=우등',
  `price` int unsigned NOT NULL DEFAULT '0',
  PRIMARY KEY (`leave_location`,`arrive_location`,`class`)
) ENGINE=InnoDB DEFAULT CHARSET=utf8mb4 COLLATE=utf8mb4_0900_ai_ci;
/*!40101 SET character_set_client = @saved_cs_client */;

--
-- Dumping data for table `bus_price`
--

LOCK TABLES `bus_price` WRITE;
/*!40000 ALTER TABLE `bus_price` DISABLE KEYS */;
INSERT INTO `bus_price` VALUES ('incheon','jeonju','h',20900),('incheon','jeonju','n',15900),('incheon','jeonju','p',25900),('jeonju','incheon','h',20900),('jeonju','incheon','n',15900),('jeonju','incheon','p',25900),('jeonju','seoul','h',20600),('jeonju','seoul','n',15600),('jeonju','seoul','p',25600),('seoul','jeonju','h',20600),('seoul','jeonju','n',15600),('seoul','jeonju','p',25600);
/*!40000 ALTER TABLE `bus_price` ENABLE KEYS */;
UNLOCK TABLES;

--
-- Table structure for table `customers`
--

DROP TABLE IF EXISTS `customers`;
/*!40101 SET @saved_cs_client     = @@character_set_client */;
/*!50503 SET character_set_client = utf8mb4 */;
CREATE TABLE `customers` (
  `customerID` int unsigned NOT NULL AUTO_INCREMENT,
  `name` char(50) NOT NULL,
  `address` char(100) NOT NULL,
  `city` char(30) NOT NULL,
  PRIMARY KEY (`customerID`),
  CONSTRAINT `customers_ibfk_1` FOREIGN KEY (`customerID`) REFERENCES `ordersf` (`customerID`)
) ENGINE=InnoDB AUTO_INCREMENT=10 DEFAULT CHARSET=utf8mb4 COLLATE=utf8mb4_0900_ai_ci;
/*!40101 SET character_set_client = @saved_cs_client */;

--
-- Dumping data for table `customers`
--

LOCK TABLES `customers` WRITE;
/*!40000 ALTER TABLE `customers` DISABLE KEYS */;
/*!40000 ALTER TABLE `customers` ENABLE KEYS */;
UNLOCK TABLES;

--
-- Table structure for table `dev_account_book`
--

DROP TABLE IF EXISTS `dev_account_book`;
/*!40101 SET @saved_cs_client     = @@character_set_client */;
/*!50503 SET character_set_client = utf8mb4 */;
CREATE TABLE `dev_account_book` (
  `trade_id` int unsigned NOT NULL AUTO_INCREMENT COMMENT '거래번호',
  `seller_id` varchar(10) NOT NULL COMMENT '판매자ID',
  `buyer_id` varchar(10) NOT NULL COMMENT '구매자ID',
  `quantity` int unsigned NOT NULL COMMENT '거래수량',
  `money` int unsigned NOT NULL COMMENT '거래금액',
  `reg_date` datetime NOT NULL COMMENT '거래일',
  PRIMARY KEY (`trade_id`),
  KEY `seller_id` (`seller_id`),
  KEY `buyer_id` (`buyer_id`),
  KEY `quantity` (`quantity`),
  KEY `money` (`money`),
  KEY `reg_date` (`reg_date`)
) ENGINE=InnoDB AUTO_INCREMENT=100000 DEFAULT CHARSET=utf8mb4 COLLATE=utf8mb4_0900_ai_ci;
/*!40101 SET character_set_client = @saved_cs_client */;

--
-- Dumping data for table `dev_account_book`
--

LOCK TABLES `dev_account_book` WRITE;
/*!40000 ALTER TABLE `dev_account_book` DISABLE KEYS */;
/*!40000 ALTER TABLE `dev_account_book` ENABLE KEYS */;
UNLOCK TABLES;

--
-- Table structure for table `dev_user_info`
--

DROP TABLE IF EXISTS `dev_user_info`;
/*!40101 SET @saved_cs_client     = @@character_set_client */;
/*!50503 SET character_set_client = utf8mb4 */;
CREATE TABLE `dev_user_info` (
  `user_no` int unsigned NOT NULL AUTO_INCREMENT COMMENT '회원번호',
  `user_id` varchar(10) NOT NULL COMMENT '회원아이디',
  `user_passwd` varchar(50) NOT NULL COMMENT '회원비밀번호',
  `user_birth` char(6) NOT NULL COMMENT '회원생일',
  `user_gender` char(1) NOT NULL COMMENT '회원성별(1:남/2:여)',
  `user_city` char(2) NOT NULL COMMENT '회원 거주지',
  `user_reg_date` datetime NOT NULL COMMENT '가입일',
  PRIMARY KEY (`user_no`),
  KEY `idx_user_id` (`user_id`)
) ENGINE=InnoDB AUTO_INCREMENT=11 DEFAULT CHARSET=utf8mb4 COLLATE=utf8mb4_0900_ai_ci;
/*!40101 SET character_set_client = @saved_cs_client */;

--
-- Dumping data for table `dev_user_info`
--

LOCK TABLES `dev_user_info` WRITE;
/*!40000 ALTER TABLE `dev_user_info` DISABLE KEYS */;
/*!40000 ALTER TABLE `dev_user_info` ENABLE KEYS */;
UNLOCK TABLES;

--
-- Table structure for table `driver_info`
--

DROP TABLE IF EXISTS `driver_info`;
/*!40101 SET @saved_cs_client     = @@character_set_client */;
/*!50503 SET character_set_client = utf8mb4 */;
CREATE TABLE `driver_info` (
  `driver_num` int unsigned NOT NULL AUTO_INCREMENT COMMENT '기사번호',
  `driver_id` varchar(20) NOT NULL COMMENT '기사 아이디',
  `driver_pw` varchar(20) NOT NULL COMMENT '기사 패스워드',
  `driver_name` varchar(20) NOT NULL COMMENT '기사 이름',
  `driver_phone` int NOT NULL COMMENT '전화번호',
  `driver_email` varchar(50) NOT NULL COMMENT '기사 이메일',
  `driver_location` varchar(45) NOT NULL COMMENT '위치',
  `driver_check` char(1) NOT NULL COMMENT '운행여부 y=yes, n=no',
  `reg_day` datetime NOT NULL COMMENT '등록일',
  `change_day` datetime NOT NULL DEFAULT '0000-00-00 00:00:00',
  PRIMARY KEY (`driver_num`),
  UNIQUE KEY `driver_id_UNIQUE` (`driver_id`)
) ENGINE=InnoDB AUTO_INCREMENT=148 DEFAULT CHARSET=utf8mb4 COLLATE=utf8mb4_0900_ai_ci COMMENT='기사 정보';
/*!40101 SET character_set_client = @saved_cs_client */;

--
-- Dumping data for table `driver_info`
--

LOCK TABLES `driver_info` WRITE;
/*!40000 ALTER TABLE `driver_info` DISABLE KEYS */;
INSERT INTO `driver_info` VALUES (1,'dirver1','123','김민혁',3213,'driver1@driver.com','jeonju','n','2022-12-12 09:07:52','0000-00-00 00:00:00'),(2,'dirver2','123','김수민',3213,'driver1@driver.com','jeonju','n','2022-12-12 09:08:54','0000-00-00 00:00:00'),(10,'dirver3','123','김주현',3213,'driver1@driver.com','jeonju','n','2022-12-12 09:27:58','0000-00-00 00:00:00'),(11,'dirver4','123','김정혁',3213,'driver1@driver.com','jeonju','n','2022-12-12 09:27:58','0000-00-00 00:00:00'),(12,'dirver5','123','이전민',3213,'driver1@driver.com','jeonju','n','2022-12-12 09:27:58','0000-00-00 00:00:00'),(13,'dirver6','123','이주혁',3213,'driver1@driver.com','jeonju','n','2022-12-12 09:27:58','0000-00-00 00:00:00'),(14,'dirver7','123','김범',3213,'driver1@driver.com','jeonju','n','2022-12-12 09:27:58','0000-00-00 00:00:00'),(15,'dirver8','123','김범수',3213,'driver1@driver.com','jeonju','n','2022-12-12 09:27:58','0000-00-00 00:00:00'),(16,'dirver9','123','김지훈',3213,'driver1@driver.com','jeonju','n','2022-12-12 09:27:58','0000-00-00 00:00:00'),(17,'dirver10','123','박빈',3213,'driver1@driver.com','jeonju','n','2022-12-12 09:27:58','0000-00-00 00:00:00'),(18,'dirver11','123','박혁',3213,'driver1@driver.com','jeonju','n','2022-12-12 09:27:58','0000-00-00 00:00:00'),(19,'dirver12','123','김혁',3213,'driver1@driver.com','jeonju','n','2022-12-12 09:27:58','0000-00-00 00:00:00'),(20,'dirver13','123','서정민',3213,'driver1@driver.com','jeonju','n','2022-12-12 09:27:58','0000-00-00 00:00:00'),(21,'dirver14','123','김소라',3213,'driver1@driver.com','jeonju','n','2022-12-12 09:27:58','0000-00-00 00:00:00'),(22,'dirver15','123','김수정',3213,'driver1@driver.com','jeonju','n','2022-12-12 09:27:58','0000-00-00 00:00:00'),(23,'dirver16','123','조정혁',3213,'driver1@driver.com','jeonju','n','2022-12-12 09:27:58','0000-00-00 00:00:00'),(24,'dirver17','123','조주영',3213,'driver1@driver.com','jeonju','n','2022-12-12 09:27:58','0000-00-00 00:00:00'),(25,'dirver18','123','주수민',3213,'driver1@driver.com','jeonju','n','2022-12-12 09:27:58','0000-00-00 00:00:00'),(26,'dirver19','123','주수혁',3213,'driver1@driver.com','jeonju','n','2022-12-12 09:27:58','0000-00-00 00:00:00'),(27,'dirver20','123','이혁',3213,'driver1@driver.com','jeonju','n','2022-12-12 09:27:58','0000-00-00 00:00:00'),(28,'dirver21','123','오정훈',3213,'driver1@driver.com','jeonju','n','2022-12-12 09:27:58','0000-00-00 00:00:00'),(29,'dirver22','123','정훈',3213,'driver1@driver.com','jeonju','n','2022-12-12 09:27:58','0000-00-00 00:00:00'),(30,'dirver23','123','김수현',3213,'driver1@driver.com','jeonju','n','2022-12-12 09:27:58','0000-00-00 00:00:00'),(31,'dirver24','123','현정혁',3213,'driver1@driver.com','jeonju','n','2022-12-12 09:27:58','0000-00-00 00:00:00'),(32,'dirver25','123','설정수',3213,'driver1@driver.com','jeonju','n','2022-12-12 09:27:58','0000-00-00 00:00:00'),(33,'dirver26','123','설정민',3213,'driver1@driver.com','jeonju','n','2022-12-12 09:27:58','0000-00-00 00:00:00'),(34,'dirver27','123','김수민',3213,'driver1@driver.com','jeonju','n','2022-12-12 09:27:58','0000-00-00 00:00:00'),(35,'dirver28','123','김수민',3213,'driver1@driver.com','jeonju','n','2022-12-12 09:27:58','0000-00-00 00:00:00'),(36,'dirver29','123','김수민',3213,'driver1@driver.com','jeonju','n','2022-12-12 09:27:58','0000-00-00 00:00:00'),(37,'dirver30','123','김수민',3213,'driver1@driver.com','jeonju','n','2022-12-12 09:27:58','0000-00-00 00:00:00'),(38,'dirver31','123','김수민',3213,'driver1@driver.com','jeonju','n','2022-12-12 09:27:58','0000-00-00 00:00:00'),(39,'dirver32','123','김수민',3213,'driver1@driver.com','seoul','n','2022-12-12 09:27:58','0000-00-00 00:00:00'),(40,'dirver33','123','김수민',3213,'driver1@driver.com','seoul','n','2022-12-12 09:27:58','0000-00-00 00:00:00'),(41,'dirver34','123','김수민',3213,'driver1@driver.com','seoul','n','2022-12-12 09:27:58','0000-00-00 00:00:00'),(42,'dirver35','123','김수민',3213,'driver1@driver.com','seoul','n','2022-12-12 09:27:58','0000-00-00 00:00:00'),(43,'dirver36','123','김수민',3213,'driver1@driver.com','seoul','n','2022-12-12 09:27:58','0000-00-00 00:00:00'),(44,'dirver37','123','김수민',3213,'driver1@driver.com','seoul','n','2022-12-12 09:27:58','0000-00-00 00:00:00'),(45,'dirver38','123','김수민',3213,'driver1@driver.com','seoul','n','2022-12-12 09:27:58','0000-00-00 00:00:00'),(46,'dirver39','123','김수민',3213,'driver1@driver.com','seoul','n','2022-12-12 09:27:58','0000-00-00 00:00:00'),(47,'dirver40','123','김수민',3213,'driver1@driver.com','seoul','n','2022-12-12 09:27:58','0000-00-00 00:00:00'),(48,'dirver41','123','김수민',3213,'driver1@driver.com','seoul','n','2022-12-12 09:27:58','0000-00-00 00:00:00'),(49,'dirver42','123','김수민',3213,'driver1@driver.com','seoul','n','2022-12-12 09:27:58','0000-00-00 00:00:00'),(50,'dirver43','123','김수민',3213,'driver1@driver.com','seoul','n','2022-12-12 09:27:58','0000-00-00 00:00:00'),(51,'dirver44','123','김수민',3213,'driver1@driver.com','seoul','n','2022-12-12 09:27:58','0000-00-00 00:00:00'),(52,'dirver45','123','김수민',3213,'driver1@driver.com','seoul','n','2022-12-12 09:27:58','0000-00-00 00:00:00'),(53,'dirver46','123','김수민',3213,'driver1@driver.com','seoul','n','2022-12-12 09:27:58','0000-00-00 00:00:00'),(54,'dirver47','123','김수민',3213,'driver1@driver.com','seoul','n','2022-12-12 09:27:58','0000-00-00 00:00:00'),(55,'dirver48','123','김수민',3213,'driver1@driver.com','seoul','n','2022-12-12 09:27:58','0000-00-00 00:00:00'),(56,'dirver49','123','김수민',3213,'driver1@driver.com','seoul','n','2022-12-12 09:27:58','0000-00-00 00:00:00'),(57,'dirver50','123','김수민',3213,'driver1@driver.com','seoul','n','2022-12-12 09:27:58','0000-00-00 00:00:00'),(58,'dirver51','123','김수민',3213,'driver1@driver.com','seoul','n','2022-12-12 09:27:58','0000-00-00 00:00:00'),(59,'dirver52','123','김수민',3213,'driver1@driver.com','seoul','n','2022-12-12 09:27:58','0000-00-00 00:00:00'),(60,'dirver53','123','김수민',3213,'driver1@driver.com','seoul','n','2022-12-12 09:27:58','0000-00-00 00:00:00'),(61,'dirver54','123','김수민',3213,'driver1@driver.com','seoul','n','2022-12-12 09:27:58','0000-00-00 00:00:00'),(62,'dirver55','123','김수민',3213,'driver1@driver.com','seoul','n','2022-12-12 09:27:58','0000-00-00 00:00:00'),(63,'dirver56','123','김수민',3213,'driver1@driver.com','seoul','n','2022-12-12 09:27:58','0000-00-00 00:00:00'),(64,'dirver57','123','김수민',3213,'driver1@driver.com','seoul','n','2022-12-12 09:27:58','0000-00-00 00:00:00'),(65,'dirver58','123','김수민',3213,'driver1@driver.com','seoul','n','2022-12-12 09:27:58','0000-00-00 00:00:00'),(66,'dirver59','123','김수민',3213,'driver1@driver.com','seoul','n','2022-12-12 09:27:58','0000-00-00 00:00:00'),(67,'dirver60','123','김수민',3213,'driver1@driver.com','seoul','n','2022-12-12 09:27:58','0000-00-00 00:00:00'),(68,'dirver61','123','김수민',3213,'driver1@driver.com','seoul','n','2022-12-12 09:27:58','0000-00-00 00:00:00'),(69,'dirver62','123','김수민',3213,'driver1@driver.com','seoul','n','2022-12-12 09:27:58','0000-00-00 00:00:00'),(70,'dirver63','123','김수민',3213,'driver1@driver.com','seoul','n','2022-12-12 09:27:58','0000-00-00 00:00:00'),(71,'dirver64','123','김수민',3213,'driver1@driver.com','seoul','n','2022-12-12 09:27:58','0000-00-00 00:00:00'),(72,'dirver65','123','김수민',3213,'driver1@driver.com','seoul','n','2022-12-12 09:27:58','0000-00-00 00:00:00'),(73,'dirver66','123','김수민',3213,'driver1@driver.com','seoul','n','2022-12-12 09:27:59','0000-00-00 00:00:00'),(77,'dirver67','123','김수민',3213,'driver1@driver.com','seoul','n','2022-12-12 09:28:28','0000-00-00 00:00:00'),(78,'dirver68','123','김수민',3213,'driver1@driver.com','seoul','n','2022-12-12 09:28:29','0000-00-00 00:00:00'),(79,'dirver69','123','김수민',3213,'driver1@driver.com','seoul','n','2022-12-12 09:28:30','0000-00-00 00:00:00'),(80,'dirver70','123','김수민',3213,'driver1@driver.com','seoul','n','2022-12-12 09:28:30','0000-00-00 00:00:00'),(82,'dirver93','123','김수민',3213,'driver1@driver.com','incheon','n','2022-12-13 10:11:25','0000-00-00 00:00:00'),(83,'dirver71','123','김수민',3213,'driver1@driver.com','incheon','n','2022-12-13 10:12:09','0000-00-00 00:00:00'),(84,'dirver72','123','김수민',3213,'driver1@driver.com','incheon','n','2022-12-13 10:12:09','0000-00-00 00:00:00'),(85,'dirver73','123','김수민',3213,'driver1@driver.com','incheon','n','2022-12-13 10:12:09','0000-00-00 00:00:00'),(86,'dirver74','123','김수민',3213,'driver1@driver.com','incheon','n','2022-12-13 10:12:09','0000-00-00 00:00:00'),(87,'dirver75','123','김수민',3213,'driver1@driver.com','incheon','n','2022-12-13 10:12:09','0000-00-00 00:00:00'),(88,'dirver76','123','김수민',3213,'driver1@driver.com','incheon','n','2022-12-13 10:12:09','0000-00-00 00:00:00'),(89,'dirver77','123','김수민',3213,'driver1@driver.com','incheon','n','2022-12-13 10:12:09','0000-00-00 00:00:00'),(90,'dirver78','123','김수민',3213,'driver1@driver.com','incheon','n','2022-12-13 10:12:09','0000-00-00 00:00:00'),(91,'dirver79','123','김수민',3213,'driver1@driver.com','incheon','n','2022-12-13 10:12:09','0000-00-00 00:00:00'),(92,'dirver80','123','김수민',3213,'driver1@driver.com','incheon','n','2022-12-13 10:12:09','0000-00-00 00:00:00'),(93,'dirver81','123','김수민',3213,'driver1@driver.com','incheon','n','2022-12-13 10:12:09','0000-00-00 00:00:00'),(94,'dirver82','123','김수민',3213,'driver1@driver.com','incheon','n','2022-12-13 10:12:09','0000-00-00 00:00:00'),(95,'dirver83','123','김수민',3213,'driver1@driver.com','incheon','n','2022-12-13 10:12:09','0000-00-00 00:00:00'),(96,'dirver84','123','김수민',3213,'driver1@driver.com','incheon','n','2022-12-13 10:12:09','0000-00-00 00:00:00'),(97,'dirver85','123','김수민',3213,'driver1@driver.com','incheon','n','2022-12-13 10:12:09','0000-00-00 00:00:00'),(98,'dirver86','123','김수민',3213,'driver1@driver.com','incheon','n','2022-12-13 10:12:09','0000-00-00 00:00:00'),(99,'dirver87','123','김수민',3213,'driver1@driver.com','incheon','n','2022-12-13 10:12:09','0000-00-00 00:00:00'),(100,'dirver88','123','김수민',3213,'driver1@driver.com','incheon','n','2022-12-13 10:12:09','0000-00-00 00:00:00'),(101,'dirver89','123','김수민',3213,'driver1@driver.com','incheon','n','2022-12-13 10:12:09','0000-00-00 00:00:00'),(102,'dirver90','123','김수민',3213,'driver1@driver.com','incheon','n','2022-12-13 10:12:09','0000-00-00 00:00:00'),(103,'dirver91','123','김수민',3213,'driver1@driver.com','incheon','n','2022-12-13 10:12:09','0000-00-00 00:00:00'),(104,'dirver92','123','김수민',3213,'driver1@driver.com','incheon','n','2022-12-13 10:12:09','0000-00-00 00:00:00'),(110,'dirver94','123','김수민',3213,'driver1@driver.com','incheon','n','2022-12-13 10:45:11','0000-00-00 00:00:00'),(111,'dirver95','123','김수민',3213,'driver1@driver.com','incheon','n','2022-12-13 10:45:11','0000-00-00 00:00:00'),(112,'dirver96','123','김수민',3213,'driver1@driver.com','incheon','n','2022-12-13 10:45:11','0000-00-00 00:00:00'),(113,'dirver97','123','김수민',3213,'driver1@driver.com','incheon','n','2022-12-13 10:45:11','0000-00-00 00:00:00'),(114,'dirver98','123','김수민',3213,'driver1@driver.com','incheon','n','2022-12-13 10:45:11','0000-00-00 00:00:00'),(115,'dirver99','123','김수민',3213,'driver1@driver.com','incheon','n','2022-12-13 10:45:11','0000-00-00 00:00:00'),(116,'dirver100','123','김수민',3213,'driver1@driver.com','incheon','n','2022-12-13 10:45:11','0000-00-00 00:00:00'),(117,'dirver101','123','김수민',3213,'driver1@driver.com','incheon','n','2022-12-13 10:45:11','0000-00-00 00:00:00'),(118,'dirver102','123','김수민',3213,'driver1@driver.com','incheon','n','2022-12-13 10:45:11','0000-00-00 00:00:00'),(119,'dirver103','123','김수민',3213,'driver1@driver.com','incheon','n','2022-12-13 10:45:11','0000-00-00 00:00:00'),(120,'dirver104','123','김수민',3213,'driver1@driver.com','incheon','n','2022-12-13 10:45:11','0000-00-00 00:00:00'),(121,'dirver105','123','김수민',3213,'driver1@driver.com','incheon','n','2022-12-13 10:45:11','0000-00-00 00:00:00'),(122,'dirver106','123','김수민',3213,'driver1@driver.com','incheon','n','2022-12-13 10:45:11','0000-00-00 00:00:00'),(123,'dirver107','123','김수민',3213,'driver1@driver.com','incheon','n','2022-12-13 10:45:11','0000-00-00 00:00:00'),(124,'dirver108','123','김수민',3213,'driver1@driver.com','incheon','n','2022-12-13 10:45:11','0000-00-00 00:00:00'),(125,'dirver109','123','김수민',3213,'driver1@driver.com','incheon','n','2022-12-13 10:45:11','0000-00-00 00:00:00'),(126,'dirver110','123','김수민',3213,'driver1@driver.com','incheon','n','2022-12-13 10:45:11','0000-00-00 00:00:00'),(127,'dirver111','123','김수민',3213,'driver1@driver.com','incheon','n','2022-12-13 10:45:11','0000-00-00 00:00:00'),(128,'dirver112','123','김수민',3213,'driver1@driver.com','incheon','n','2022-12-13 10:45:11','0000-00-00 00:00:00'),(129,'dirver113','123','김수민',3213,'driver1@driver.com','incheon','n','2022-12-13 10:45:11','0000-00-00 00:00:00'),(130,'dirver114','123','김수민',3213,'driver1@driver.com','incheon','n','2022-12-13 10:45:11','0000-00-00 00:00:00'),(131,'dirver115','123','김수민',3213,'driver1@driver.com','incheon','n','2022-12-13 10:45:11','0000-00-00 00:00:00'),(132,'dirver116','123','김수민',3213,'driver1@driver.com','incheon','n','2022-12-13 10:45:11','0000-00-00 00:00:00'),(133,'dirver117','123','김수민',3213,'driver1@driver.com','incheon','n','2022-12-13 10:45:11','0000-00-00 00:00:00'),(134,'dirver118','123','김수민',3213,'driver1@driver.com','incheon','n','2022-12-13 13:33:07','0000-00-00 00:00:00'),(135,'dirver119','123','김수민',3213,'driver1@driver.com','incheon','n','2022-12-13 13:33:07','0000-00-00 00:00:00'),(136,'dirver120','123','김수민',3213,'driver1@driver.com','incheon','n','2022-12-13 13:33:07','0000-00-00 00:00:00'),(137,'dirver121','123','김수민',3213,'driver1@driver.com','incheon','n','2022-12-13 13:33:07','0000-00-00 00:00:00'),(138,'dirver122','123','김수민',3213,'driver1@driver.com','incheon','n','2022-12-13 13:33:07','0000-00-00 00:00:00'),(139,'dirver123','123','김수민',3213,'driver1@driver.com','incheon','n','2022-12-13 13:33:07','0000-00-00 00:00:00'),(140,'dirver124','123','김수민',3213,'driver1@driver.com','incheon','n','2022-12-13 13:33:07','0000-00-00 00:00:00'),(141,'dirver125','123','김수민',3213,'driver1@driver.com','incheon','n','2022-12-13 13:33:07','0000-00-00 00:00:00'),(142,'dirver126','123','김수민',3213,'driver1@driver.com','incheon','n','2022-12-13 13:33:07','0000-00-00 00:00:00'),(143,'dirver127','123','김수민',3213,'driver1@driver.com','incheon','n','2022-12-13 13:33:07','0000-00-00 00:00:00'),(144,'dirver128','123','김수민',3213,'driver1@driver.com','incheon','n','2022-12-13 13:33:07','0000-00-00 00:00:00'),(145,'dirver129','123','김수민',3213,'driver1@driver.com','incheon','n','2022-12-13 13:33:07','0000-00-00 00:00:00'),(146,'dirver130','123','김수민',3213,'driver1@driver.com','incheon','n','2022-12-13 13:33:07','0000-00-00 00:00:00'),(147,'dirver131','123','김수민',3213,'driver1@driver.com','incheon','n','2022-12-13 13:33:07','0000-00-00 00:00:00');
/*!40000 ALTER TABLE `driver_info` ENABLE KEYS */;
UNLOCK TABLES;

--
-- Table structure for table `login_list`
--

DROP TABLE IF EXISTS `login_list`;
/*!40101 SET @saved_cs_client     = @@character_set_client */;
/*!50503 SET character_set_client = utf8mb4 */;
CREATE TABLE `login_list` (
  `seq` int unsigned NOT NULL AUTO_INCREMENT COMMENT '시퀀스',
  `user_num` int unsigned NOT NULL COMMENT '유저번호',
  `success_flag` char(1) NOT NULL COMMENT '성공 여부 t=true, f=flase',
  `login_day` datetime NOT NULL COMMENT '로그인 날짜',
  PRIMARY KEY (`seq`),
  KEY `fk_login_list_user_info1_idx` (`user_num`),
  CONSTRAINT `fk_login_list_user_info1` FOREIGN KEY (`user_num`) REFERENCES `user_info` (`user_num`)
) ENGINE=InnoDB AUTO_INCREMENT=52 DEFAULT CHARSET=utf8mb4 COLLATE=utf8mb4_0900_ai_ci COMMENT='로그인 리스트';
/*!40101 SET character_set_client = @saved_cs_client */;

--
-- Dumping data for table `login_list`
--

LOCK TABLES `login_list` WRITE;
/*!40000 ALTER TABLE `login_list` DISABLE KEYS */;
INSERT INTO `login_list` VALUES (1,1,'t','2022-12-09 15:02:54'),(2,2,'t','2022-12-09 15:31:45'),(3,1,'t','2022-12-11 15:49:42'),(4,3,'t','2022-12-11 16:21:56'),(5,1,'t','2022-12-11 16:51:41'),(6,2,'t','2022-12-11 16:51:54'),(7,3,'t','2022-12-11 16:58:26'),(8,4,'t','2022-12-11 17:01:02'),(9,1,'t','2022-12-12 10:52:33'),(10,3,'t','2022-12-13 10:40:54'),(11,1,'t','2022-12-13 19:46:11'),(12,4,'t','2022-12-14 21:00:31'),(13,2,'t','2022-12-14 21:01:00'),(14,1,'t','2022-12-15 10:16:24'),(15,1,'t','2022-12-15 11:04:28'),(16,1,'t','2022-12-15 13:18:03'),(17,1,'f','2022-12-15 13:18:16'),(18,1,'t','2022-12-15 13:18:22'),(19,5,'t','2022-12-15 13:20:56'),(20,1,'t','2022-12-15 13:21:49'),(21,3,'t','2022-12-15 13:27:09'),(22,1,'t','2022-12-15 13:27:24'),(23,1,'t','2022-12-15 13:46:00'),(24,3,'t','2022-12-15 14:04:48'),(25,1,'t','2022-12-15 14:04:57'),(26,3,'t','2022-12-15 15:06:51'),(27,1,'t','2022-12-15 15:13:07'),(28,1,'t','2022-12-15 15:57:25'),(29,3,'t','2022-12-15 17:48:19'),(30,1,'t','2022-12-15 19:00:17'),(31,1,'t','2022-12-16 13:46:05'),(32,4,'t','2022-12-16 15:48:03'),(33,6,'t','2022-12-16 15:48:38'),(34,3,'t','2022-12-16 16:01:05'),(35,1,'t','2022-12-16 16:12:36'),(36,6,'t','2022-12-16 17:51:12'),(37,6,'t','2022-12-16 17:59:38'),(38,6,'t','2022-12-16 18:00:19'),(39,6,'t','2022-12-18 16:49:21'),(40,1,'t','2022-12-18 16:51:41'),(41,1,'t','2022-12-18 16:51:52'),(42,3,'t','2022-12-18 16:52:29'),(43,1,'t','2022-12-18 16:52:37'),(44,3,'t','2022-12-18 17:34:27'),(45,1,'t','2022-12-18 17:55:49'),(46,1,'t','2022-12-18 19:20:31'),(47,6,'t','2022-12-18 19:20:41'),(48,1,'t','2022-12-18 20:10:30'),(49,6,'t','2022-12-18 20:14:16'),(50,7,'t','2022-12-18 20:25:11'),(51,1,'t','2022-12-18 20:25:49');
/*!40000 ALTER TABLE `login_list` ENABLE KEYS */;
UNLOCK TABLES;

--
-- Table structure for table `mile_charge_list`
--

DROP TABLE IF EXISTS `mile_charge_list`;
/*!40101 SET @saved_cs_client     = @@character_set_client */;
/*!50503 SET character_set_client = utf8mb4 */;
CREATE TABLE `mile_charge_list` (
  `seq` int unsigned NOT NULL AUTO_INCREMENT COMMENT '시퀀스',
  `user_num` int unsigned NOT NULL,
  `account_code` char(5) NOT NULL COMMENT '장부코드',
  `trade_code` varchar(20) NOT NULL COMMENT '거래번호',
  `charge_mile` int unsigned NOT NULL DEFAULT '0' COMMENT '충전금액',
  `charge_route` varchar(6) NOT NULL COMMENT '충전 경로 (A=계좌이체 , M=모바일 등)',
  `charge_day` datetime NOT NULL COMMENT '충전일',
  PRIMARY KEY (`seq`)
) ENGINE=InnoDB DEFAULT CHARSET=utf8mb4 COLLATE=utf8mb4_0900_ai_ci COMMENT='마일리지 충전 리스트';
/*!40101 SET character_set_client = @saved_cs_client */;

--
-- Dumping data for table `mile_charge_list`
--

LOCK TABLES `mile_charge_list` WRITE;
/*!40000 ALTER TABLE `mile_charge_list` DISABLE KEYS */;
/*!40000 ALTER TABLE `mile_charge_list` ENABLE KEYS */;
UNLOCK TABLES;

--
-- Table structure for table `mile_withdraw_list`
--

DROP TABLE IF EXISTS `mile_withdraw_list`;
/*!40101 SET @saved_cs_client     = @@character_set_client */;
/*!50503 SET character_set_client = utf8mb4 */;
CREATE TABLE `mile_withdraw_list` (
  `seq` int unsigned NOT NULL AUTO_INCREMENT COMMENT '시퀀스',
  `user_num` int unsigned NOT NULL,
  `account_code` char(5) NOT NULL COMMENT '장부코드',
  `trade_code` varchar(20) NOT NULL COMMENT '거래번호',
  `withdraw_mile` int unsigned NOT NULL COMMENT '출금 마일리지',
  `withdraw_route` varchar(20) NOT NULL COMMENT '출금 경로(계좌)',
  `withdraw_day` datetime NOT NULL COMMENT '출금일',
  PRIMARY KEY (`seq`)
) ENGINE=InnoDB DEFAULT CHARSET=utf8mb4 COLLATE=utf8mb4_0900_ai_ci COMMENT='마일리지 출금 리스트';
/*!40101 SET character_set_client = @saved_cs_client */;

--
-- Dumping data for table `mile_withdraw_list`
--

LOCK TABLES `mile_withdraw_list` WRITE;
/*!40000 ALTER TABLE `mile_withdraw_list` DISABLE KEYS */;
/*!40000 ALTER TABLE `mile_withdraw_list` ENABLE KEYS */;
UNLOCK TABLES;

--
-- Table structure for table `order_items`
--

DROP TABLE IF EXISTS `order_items`;
/*!40101 SET @saved_cs_client     = @@character_set_client */;
/*!50503 SET character_set_client = utf8mb4 */;
CREATE TABLE `order_items` (
  `orderID` int unsigned NOT NULL,
  `isbn` char(13) NOT NULL,
  `quantity` tinyint unsigned DEFAULT NULL,
  PRIMARY KEY (`orderID`,`isbn`)
) ENGINE=InnoDB DEFAULT CHARSET=utf8mb4 COLLATE=utf8mb4_0900_ai_ci;
/*!40101 SET character_set_client = @saved_cs_client */;

--
-- Dumping data for table `order_items`
--

LOCK TABLES `order_items` WRITE;
/*!40000 ALTER TABLE `order_items` DISABLE KEYS */;
/*!40000 ALTER TABLE `order_items` ENABLE KEYS */;
UNLOCK TABLES;

--
-- Table structure for table `orders`
--

DROP TABLE IF EXISTS `orders`;
/*!40101 SET @saved_cs_client     = @@character_set_client */;
/*!50503 SET character_set_client = utf8mb4 */;
CREATE TABLE `orders` (
  `orderID` int unsigned NOT NULL AUTO_INCREMENT,
  `customerID` int unsigned NOT NULL,
  `amount` float NOT NULL,
  `date` date NOT NULL,
  PRIMARY KEY (`orderID`),
  KEY `customerID` (`customerID`),
  CONSTRAINT `orders_ibfk_1` FOREIGN KEY (`customerID`) REFERENCES `ordersf` (`customerID`)
) ENGINE=InnoDB AUTO_INCREMENT=5 DEFAULT CHARSET=utf8mb4 COLLATE=utf8mb4_0900_ai_ci;
/*!40101 SET character_set_client = @saved_cs_client */;

--
-- Dumping data for table `orders`
--

LOCK TABLES `orders` WRITE;
/*!40000 ALTER TABLE `orders` DISABLE KEYS */;
/*!40000 ALTER TABLE `orders` ENABLE KEYS */;
UNLOCK TABLES;

--
-- Table structure for table `ordersf`
--

DROP TABLE IF EXISTS `ordersf`;
/*!40101 SET @saved_cs_client     = @@character_set_client */;
/*!50503 SET character_set_client = utf8mb4 */;
CREATE TABLE `ordersf` (
  `customerID` int unsigned NOT NULL,
  `orderID` int unsigned NOT NULL,
  `ordernumber` int NOT NULL,
  PRIMARY KEY (`customerID`),
  KEY `orderID` (`orderID`)
) ENGINE=InnoDB DEFAULT CHARSET=utf8mb4 COLLATE=utf8mb4_0900_ai_ci;
/*!40101 SET character_set_client = @saved_cs_client */;

--
-- Dumping data for table `ordersf`
--

LOCK TABLES `ordersf` WRITE;
/*!40000 ALTER TABLE `ordersf` DISABLE KEYS */;
/*!40000 ALTER TABLE `ordersf` ENABLE KEYS */;
UNLOCK TABLES;

--
-- Table structure for table `reservation`
--

DROP TABLE IF EXISTS `reservation`;
/*!40101 SET @saved_cs_client     = @@character_set_client */;
/*!50503 SET character_set_client = utf8mb4 */;
CREATE TABLE `reservation` (
  `seq` int unsigned NOT NULL AUTO_INCREMENT COMMENT '시퀀스',
  `trade_code` varchar(30) DEFAULT NULL,
  `user_num` int unsigned NOT NULL COMMENT '유저번호\n',
  `bus_move_info_seq` int unsigned NOT NULL COMMENT '운행 정보 시퀀스',
  `status` char(1) NOT NULL COMMENT '예매상태 y=성공, n=취소, e=예약, f=예약취소',
  `account_code` char(5) NOT NULL COMMENT '장부코드',
  `bus_num` int unsigned NOT NULL COMMENT '버스번호',
  `bus_class` char(1) NOT NULL COMMENT '버스등급',
  `price` int unsigned NOT NULL COMMENT '금액',
  `seat_num` int unsigned NOT NULL COMMENT '좌석 번호',
  `route` varchar(20) NOT NULL COMMENT '예매경로',
  `trade_type` varchar(20) NOT NULL COMMENT '예매 = y, 예매취소 = n, , 충전 = c, 출금 = w',
  `start_day` datetime NOT NULL COMMENT '출발일시',
  `buy_day` datetime NOT NULL COMMENT '구매일시',
  `change_day` datetime NOT NULL DEFAULT '0000-00-00 00:00:00' COMMENT '예매변경일시',
  PRIMARY KEY (`seq`),
  KEY `fk_reservation_userinfo1_idx` (`user_num`),
  KEY `fk_reservation_bus_move_info1_idx` (`bus_move_info_seq`),
  KEY `fk_reservation_bus_info1_idx` (`bus_num`),
  CONSTRAINT `fk_reservation_bus_info1` FOREIGN KEY (`bus_num`) REFERENCES `bus_info` (`bus_num`),
  CONSTRAINT `fk_reservation_bus_move_info1` FOREIGN KEY (`bus_move_info_seq`) REFERENCES `bus_move_info` (`seq`),
  CONSTRAINT `fk_reservation_userinfo1` FOREIGN KEY (`user_num`) REFERENCES `user_info` (`user_num`)
) ENGINE=InnoDB AUTO_INCREMENT=1309 DEFAULT CHARSET=utf8mb4 COLLATE=utf8mb4_0900_ai_ci COMMENT='예매정보';
/*!40101 SET character_set_client = @saved_cs_client */;

--
-- Dumping data for table `reservation`
--

LOCK TABLES `reservation` WRITE;
/*!40000 ALTER TABLE `reservation` DISABLE KEYS */;
INSERT INTO `reservation` VALUES (1013,'20221216174407rm00t10',1,46564,'y','rm00t',1024,'n',16380,1,'seoul','r','2022-12-17 23:30:00','2022-12-16 17:44:07','0000-00-00 00:00:00'),(1014,'20221216174407rm00t11',1,46564,'y','rm00t',1024,'n',16380,21,'seoul','r','2022-12-17 23:30:00','2022-12-16 17:44:07','0000-00-00 00:00:00'),(1015,'20221216174407rm00t12',1,46564,'y','rm00t',1024,'n',16380,26,'seoul','r','2022-12-17 23:30:00','2022-12-16 17:44:07','0000-00-00 00:00:00'),(1016,'20221216174435rm00t10',1,46564,'y','rm00t',1024,'n',16380,4,'seoul','r','2022-12-17 23:30:00','2022-12-16 17:44:35','0000-00-00 00:00:00'),(1017,'20221216174435rm00t11',1,46564,'y','rm00t',1024,'n',16380,24,'seoul','r','2022-12-17 23:30:00','2022-12-16 17:44:35','0000-00-00 00:00:00'),(1018,'20221216174435rm00t12',1,46564,'y','rm00t',1024,'n',16380,36,'seoul','r','2022-12-17 23:30:00','2022-12-16 17:44:35','0000-00-00 00:00:00'),(1019,'20221216174452rm00t10',1,46559,'y','rm00t',1049,'n',16380,20,'seoul','r','2022-12-17 21:00:00','2022-12-16 17:44:52','0000-00-00 00:00:00'),(1020,'20221216174452rm00t11',1,46559,'y','rm00t',1049,'n',16380,24,'seoul','r','2022-12-17 21:00:00','2022-12-16 17:44:52','0000-00-00 00:00:00'),(1021,'20221216174452rm00t12',1,46559,'y','rm00t',1049,'n',16380,28,'seoul','r','2022-12-17 21:00:00','2022-12-16 17:44:52','0000-00-00 00:00:00'),(1022,'20221216174452rm00t11',1,46559,'n','rm00f',1049,'n',16380,24,'seoul','n','2022-12-17 21:00:00','2022-12-16 17:44:52','2022-12-16 17:45:55'),(1023,'20221216174555rm00t10',1,46694,'y','rm00t',1035,'h',20600,3,'jeonju','r','2022-12-16 23:45:00','2022-12-16 17:45:55','2022-12-16 17:45:55'),(1024,'20221216174407rm00t12',1,46564,'n','rm00f',1024,'n',16380,26,'seoul','n','2022-12-17 23:30:00','2022-12-16 17:44:07','2022-12-16 17:47:39'),(1025,'20221216174739rm00t10',1,46729,'y','rm00t',1108,'n',15600,9,'jeonju','r','2022-12-17 17:00:00','2022-12-16 17:47:39','2022-12-16 17:47:39'),(1026,'20221216175029rm00f1',1,46564,'n','rm00f',1024,'n',16380,26,'seoul','n','2022-12-17 23:30:00','2022-12-16 17:44:07','2022-12-16 17:50:29'),(1027,'20221216175032rm00f1',1,46564,'n','rm00f',1024,'n',16380,26,'seoul','n','2022-12-17 23:30:00','2022-12-16 17:44:07','2022-12-16 17:50:32'),(1028,'20221216175035rm00f1',1,46564,'n','rm00f',1024,'n',16380,26,'seoul','n','2022-12-17 23:30:00','2022-12-16 17:44:07','2022-12-16 17:50:35'),(1029,'20221216175039rm00f1',1,46729,'n','rm00f',1108,'n',15600,9,'jeonju','n','2022-12-17 17:00:00','2022-12-16 17:47:39','2022-12-16 17:50:39'),(1030,'20221216175322rm00t10',1,46555,'y','rm00t',1071,'n',16380,14,'seoul','r','2022-12-17 19:00:00','2022-12-16 17:53:22','0000-00-00 00:00:00'),(1033,'20221218165312rm00t10',1,46603,'y','rm00t',1071,'n',16380,4,'seoul','r','2022-12-18 19:15:00','2022-12-18 16:53:12','0000-00-00 00:00:00'),(1034,'20221218165312rm00t11',1,46603,'y','rm00t',1071,'n',16380,8,'seoul','r','2022-12-18 19:15:00','2022-12-18 16:53:12','0000-00-00 00:00:00'),(1035,'20221218165313rm00t10',1,46603,'y','rm00t',1071,'n',16380,4,'seoul','r','2022-12-18 19:15:00','2022-12-18 16:53:13','0000-00-00 00:00:00'),(1036,'20221218165313rm00t11',1,46603,'y','rm00t',1071,'n',16380,8,'seoul','r','2022-12-18 19:15:00','2022-12-18 16:53:13','0000-00-00 00:00:00'),(1037,'20221218181848rm00t10',1,47577,'y','rm00t',1099,'h',21630,3,'seoul','r','2022-12-19 21:00:00','2022-12-18 18:18:48','0000-00-00 00:00:00'),(1038,'20221218181848rm00t11',1,47577,'y','rm00t',1099,'h',21630,6,'seoul','r','2022-12-19 21:00:00','2022-12-18 18:18:48','0000-00-00 00:00:00'),(1039,'20221218183241rm00t10',1,47574,'y','rm00t',1116,'p',26880,6,'seoul','r','2022-12-19 19:30:00','2022-12-18 18:32:41','0000-00-00 00:00:00'),(1040,'20221218183241rm00t11',1,47574,'y','rm00t',1116,'p',26880,9,'seoul','r','2022-12-19 19:30:00','2022-12-18 18:32:41','0000-00-00 00:00:00'),(1042,'20221218191603rm00t10',1,47574,'y','rm00t',1116,'p',26880,12,'seoul','r','2022-12-19 19:30:00','2022-12-18 19:16:03','0000-00-00 00:00:00'),(1043,'20221218191722rm00t10',1,47574,'y','rm00t',1116,'p',26880,1,'seoul','r','2022-12-19 19:30:00','2022-12-18 19:17:22','0000-00-00 00:00:00'),(1044,'20221218191722rm00t11',1,47574,'y','rm00t',1116,'p',26880,2,'seoul','r','2022-12-19 19:30:00','2022-12-18 19:17:22','0000-00-00 00:00:00'),(1045,'20221218191722rm00t12',1,47574,'y','rm00t',1116,'p',26880,3,'seoul','r','2022-12-19 19:30:00','2022-12-18 19:17:22','0000-00-00 00:00:00'),(1046,'20221218191722rm00t13',1,47574,'y','rm00t',1116,'p',26880,4,'seoul','r','2022-12-19 19:30:00','2022-12-18 19:17:22','0000-00-00 00:00:00'),(1047,'20221218191722rm00t14',1,47574,'y','rm00t',1116,'p',26880,5,'seoul','r','2022-12-19 19:30:00','2022-12-18 19:17:22','0000-00-00 00:00:00'),(1048,'20221218191722rm00t15',1,47574,'y','rm00t',1116,'p',26880,7,'seoul','r','2022-12-19 19:30:00','2022-12-18 19:17:22','0000-00-00 00:00:00'),(1049,'20221218191722rm00t16',1,47574,'y','rm00t',1116,'p',26880,8,'seoul','r','2022-12-19 19:30:00','2022-12-18 19:17:22','0000-00-00 00:00:00'),(1050,'20221218191722rm00t17',1,47574,'y','rm00t',1116,'p',26880,10,'seoul','r','2022-12-19 19:30:00','2022-12-18 19:17:22','0000-00-00 00:00:00'),(1051,'20221218191722rm00t18',1,47574,'y','rm00t',1116,'p',26880,11,'seoul','r','2022-12-19 19:30:00','2022-12-18 19:17:22','0000-00-00 00:00:00'),(1052,'20221218191722rm00t19',1,47574,'y','rm00t',1116,'p',26880,13,'seoul','r','2022-12-19 19:30:00','2022-12-18 19:17:22','0000-00-00 00:00:00'),(1053,'20221218191722rm00t110',1,47574,'y','rm00t',1116,'p',26880,14,'seoul','r','2022-12-19 19:30:00','2022-12-18 19:17:22','0000-00-00 00:00:00'),(1054,'20221218191722rm00t111',1,47574,'y','rm00t',1116,'p',26880,15,'seoul','r','2022-12-19 19:30:00','2022-12-18 19:17:22','0000-00-00 00:00:00'),(1055,'20221218191722rm00t112',1,47574,'y','rm00t',1116,'p',26880,16,'seoul','r','2022-12-19 19:30:00','2022-12-18 19:17:22','0000-00-00 00:00:00'),(1056,'20221218191722rm00t113',1,47574,'y','rm00t',1116,'p',26880,17,'seoul','r','2022-12-19 19:30:00','2022-12-18 19:17:22','0000-00-00 00:00:00'),(1057,'20221218191722rm00t114',1,47574,'y','rm00t',1116,'p',26880,18,'seoul','r','2022-12-19 19:30:00','2022-12-18 19:17:22','0000-00-00 00:00:00'),(1058,'20221218191722rm00t115',1,47574,'y','rm00t',1116,'p',26880,19,'seoul','r','2022-12-19 19:30:00','2022-12-18 19:17:22','0000-00-00 00:00:00'),(1059,'20221218191722rm00t116',1,47574,'y','rm00t',1116,'p',26880,20,'seoul','r','2022-12-19 19:30:00','2022-12-18 19:17:22','0000-00-00 00:00:00'),(1060,'20221218191722rm00t117',1,47574,'y','rm00t',1116,'p',26880,21,'seoul','r','2022-12-19 19:30:00','2022-12-18 19:17:22','0000-00-00 00:00:00'),(1061,'20221218191722rm00t118',1,47574,'y','rm00t',1116,'p',26880,22,'seoul','r','2022-12-19 19:30:00','2022-12-18 19:17:22','0000-00-00 00:00:00'),(1062,'20221218191722rm00t119',1,47574,'y','rm00t',1116,'p',26880,23,'seoul','r','2022-12-19 19:30:00','2022-12-18 19:17:22','0000-00-00 00:00:00'),(1063,'20221218191722rm00t120',1,47574,'y','rm00t',1116,'p',26880,24,'seoul','r','2022-12-19 19:30:00','2022-12-18 19:17:22','0000-00-00 00:00:00'),(1064,'20221218191722rm00t121',1,47574,'y','rm00t',1116,'p',26880,25,'seoul','r','2022-12-19 19:30:00','2022-12-18 19:17:22','0000-00-00 00:00:00'),(1065,'20221218191722rm00t122',1,47574,'y','rm00t',1116,'p',26880,26,'seoul','r','2022-12-19 19:30:00','2022-12-18 19:17:22','0000-00-00 00:00:00'),(1066,'20221218191722rm00t123',1,47574,'y','rm00t',1116,'p',26880,27,'seoul','r','2022-12-19 19:30:00','2022-12-18 19:17:22','0000-00-00 00:00:00'),(1067,'20221218191722rm00t124',1,47574,'y','rm00t',1116,'p',26880,28,'seoul','r','2022-12-19 19:30:00','2022-12-18 19:17:22','0000-00-00 00:00:00'),(1068,'20221218191745em00t1',1,47574,'w','em00t',1116,'p',25600,0,'seoul','e','2022-12-19 19:30:00','2022-12-18 19:17:45','0000-00-00 00:00:00');
/*!40000 ALTER TABLE `reservation` ENABLE KEYS */;
UNLOCK TABLES;

--
-- Table structure for table `thistory`
--

DROP TABLE IF EXISTS `thistory`;
/*!40101 SET @saved_cs_client     = @@character_set_client */;
/*!50503 SET character_set_client = utf8mb4 */;
CREATE TABLE `thistory` (
  `id` int NOT NULL AUTO_INCREMENT,
  `1_id` int NOT NULL,
  `2_id` int NOT NULL,
  `amount` decimal(19,4) NOT NULL,
  `date` datetime DEFAULT NULL,
  PRIMARY KEY (`id`)
) ENGINE=InnoDB AUTO_INCREMENT=2 DEFAULT CHARSET=utf8mb4 COLLATE=utf8mb4_0900_ai_ci;
/*!40101 SET character_set_client = @saved_cs_client */;

--
-- Dumping data for table `thistory`
--

LOCK TABLES `thistory` WRITE;
/*!40000 ALTER TABLE `thistory` DISABLE KEYS */;
/*!40000 ALTER TABLE `thistory` ENABLE KEYS */;
UNLOCK TABLES;

--
-- Table structure for table `user_account`
--

DROP TABLE IF EXISTS `user_account`;
/*!40101 SET @saved_cs_client     = @@character_set_client */;
/*!50503 SET character_set_client = utf8mb4 */;
CREATE TABLE `user_account` (
  `number` varchar(8) NOT NULL,
  `user_name` varchar(20) DEFAULT NULL,
  `balance` int DEFAULT NULL,
  PRIMARY KEY (`number`)
) ENGINE=InnoDB DEFAULT CHARSET=utf8mb4 COLLATE=utf8mb4_0900_ai_ci;
/*!40101 SET character_set_client = @saved_cs_client */;

--
-- Dumping data for table `user_account`
--

LOCK TABLES `user_account` WRITE;
/*!40000 ALTER TABLE `user_account` DISABLE KEYS */;
/*!40000 ALTER TABLE `user_account` ENABLE KEYS */;
UNLOCK TABLES;

--
-- Table structure for table `user_bank`
--

DROP TABLE IF EXISTS `user_bank`;
/*!40101 SET @saved_cs_client     = @@character_set_client */;
/*!50503 SET character_set_client = utf8mb4 */;
CREATE TABLE `user_bank` (
  `number` varchar(8) NOT NULL,
  `order_no` int NOT NULL,
  `date` date DEFAULT NULL,
  `bank_gb` varchar(1) DEFAULT NULL,
  `bankmoney` int DEFAULT NULL,
  `bank_info` varchar(20) DEFAULT NULL,
  PRIMARY KEY (`number`,`order_no`)
) ENGINE=InnoDB DEFAULT CHARSET=utf8mb4 COLLATE=utf8mb4_0900_ai_ci;
/*!40101 SET character_set_client = @saved_cs_client */;

--
-- Dumping data for table `user_bank`
--

LOCK TABLES `user_bank` WRITE;
/*!40000 ALTER TABLE `user_bank` DISABLE KEYS */;
/*!40000 ALTER TABLE `user_bank` ENABLE KEYS */;
UNLOCK TABLES;

--
-- Table structure for table `user_info`
--

DROP TABLE IF EXISTS `user_info`;
/*!40101 SET @saved_cs_client     = @@character_set_client */;
/*!50503 SET character_set_client = utf8mb4 */;
CREATE TABLE `user_info` (
  `user_num` int unsigned NOT NULL AUTO_INCREMENT COMMENT '유저번호\n',
  `user_name` varchar(20) NOT NULL,
  `user_id` varchar(20) NOT NULL COMMENT '유저 아이디',
  `user_pw` varchar(20) NOT NULL COMMENT '유저 비밀번호',
  `user_phone` int NOT NULL COMMENT '전화번호',
  `user_email` varchar(50) NOT NULL COMMENT '이메일',
  `user_birth` date NOT NULL COMMENT '생일',
  `user_account` varchar(20) NOT NULL,
  `user_account_num` int NOT NULL,
  `last_login_day` datetime NOT NULL COMMENT '마지막 로그인 날짜',
  `reg_day` datetime NOT NULL COMMENT '가입 날짜',
  `status` char(1) DEFAULT 'n' COMMENT '회원 탈퇴 체크  y=탈퇴',
  PRIMARY KEY (`user_num`)
) ENGINE=InnoDB AUTO_INCREMENT=8 DEFAULT CHARSET=utf8mb4 COLLATE=utf8mb4_0900_ai_ci COMMENT='회원정보\n';
/*!40101 SET character_set_client = @saved_cs_client */;

--
-- Dumping data for table `user_info`
--

LOCK TABLES `user_info` WRITE;
/*!40000 ALTER TABLE `user_info` DISABLE KEYS */;
INSERT INTO `user_info` VALUES (1,'이현민','item1','123',231,'item1@item.com','1999-09-09','농협',4158641,'2022-12-18 20:25:49','2022-12-09 15:02:48','n'),(2,'김현우','item2','',0,'item2@item.com','1999-05-02','',0,'2022-12-14 21:01:07','2022-12-09 15:31:37','y'),(3,'관리자','admin','123',1,'admin@admin.com','2000-09-09','농협',8456416,'2022-12-18 17:34:27','2022-12-11 16:21:46','n'),(4,'버스기사','driver','123',11,'driver@driver.com','2000-02-02','농협',12313,'2022-12-16 15:48:03','2022-12-11 17:00:56','n'),(5,'이이이','item5','',0,'item5@item.com','2022-12-06','',0,'2022-12-15 13:21:29','2022-12-15 13:20:36','y'),(6,'김우연','item6','123',111,'item6@item.com','1999-11-11','농협',15313,'2022-12-18 20:14:16','2022-12-16 15:48:31','n'),(7,'김진우','item7','123',1111,'item7@item.com','1988-08-08','농협',47856946,'2022-12-18 20:25:11','2022-12-18 20:25:05','n');
/*!40000 ALTER TABLE `user_info` ENABLE KEYS */;
UNLOCK TABLES;

--
-- Table structure for table `user_mile_change_list`
--

DROP TABLE IF EXISTS `user_mile_change_list`;
/*!40101 SET @saved_cs_client     = @@character_set_client */;
/*!50503 SET character_set_client = utf8mb4 */;
CREATE TABLE `user_mile_change_list` (
  `seq` int unsigned NOT NULL AUTO_INCREMENT COMMENT '시퀀스',
  `user_num` int unsigned NOT NULL,
  `account_code` char(5) NOT NULL COMMENT '장부코드',
  `trade_code` varchar(30) DEFAULT NULL,
  `before_mile` int NOT NULL DEFAULT '0' COMMENT '이전 보유 마일리지',
  `change_mile` int NOT NULL DEFAULT '0' COMMENT '변동금액',
  `after_mile` int unsigned NOT NULL DEFAULT '0' COMMENT '현재 보유 마일리지',
  `change_text` varchar(50) DEFAULT '' COMMENT '변동이유',
  `chagne_day` datetime NOT NULL COMMENT '변동날짜',
  PRIMARY KEY (`seq`)
) ENGINE=InnoDB AUTO_INCREMENT=1252 DEFAULT CHARSET=utf8mb4 COLLATE=utf8mb4_0900_ai_ci COMMENT='마일리지 변동내역';
/*!40101 SET character_set_client = @saved_cs_client */;

--
-- Dumping data for table `user_mile_change_list`
--

LOCK TABLES `user_mile_change_list` WRITE;
/*!40000 ALTER TABLE `user_mile_change_list` DISABLE KEYS */;
INSERT INTO `user_mile_change_list` VALUES (962,1,'ca01t','20221216161240ca01t1',0,900000,900000,'','2022-12-16 16:12:40'),(963,1,'ca02t','20221216161247ca02t1',900000,810000,1710000,'','2022-12-16 16:12:47'),(964,1,'ca03t','20221216161251ca03t1',1710000,270000,1980000,'','2022-12-16 16:12:51'),(965,1,'ca01t','20221216174328ca01t1',1980000,8991,1988991,'','2022-12-16 17:43:28'),(966,1,'rm00t','20221216174407rm00t10',1988991,16380,1972611,'','2022-12-16 17:44:07'),(967,1,'rm00t','20221216174407rm00t11',1972611,16380,1956231,'','2022-12-16 17:44:07'),(968,1,'rm00t','20221216174407rm00t12',1972611,16380,1956231,'','2022-12-16 17:44:07'),(969,1,'rm00t','20221216174435rm00t10',1972611,16380,1956231,'','2022-12-16 17:44:35'),(970,1,'rm00t','20221216174435rm00t11',1956231,16380,1939851,'','2022-12-16 17:44:35'),(971,1,'rm00t','20221216174435rm00t12',1956231,16380,1939851,'','2022-12-16 17:44:35'),(972,1,'rm00t','20221216174452rm00t10',1956231,16380,1939851,'','2022-12-16 17:44:52'),(973,1,'rm00t','20221216174452rm00t11',1939851,16380,1923471,'','2022-12-16 17:44:52'),(974,1,'rm00t','20221216174452rm00t12',1939851,16380,1923471,'','2022-12-16 17:44:52'),(975,1,'rm00f','20221216174555rm00f1',1939851,16380,1956231,'','2022-12-16 17:45:55'),(976,1,'rm00t','20221216174555rm00t10',1956231,21630,1934601,'','2022-12-16 17:45:55'),(977,1,'rm00f','20221216174739rm00f1',1956231,16380,1972611,'','2022-12-16 17:47:39'),(978,1,'rm00t','20221216174739rm00t10',1972611,16380,1956231,'','2022-12-16 17:47:39'),(979,1,'rm00f','20221216175029rm00f1',1956231,16380,1972611,'','2022-12-16 17:50:29'),(980,1,'rm00f','20221216175032rm00f1',1972611,16380,1988991,'','2022-12-16 17:50:32'),(981,1,'rm00f','20221216175035rm00f1',1988991,16380,2005371,'','2022-12-16 17:50:35'),(982,1,'rm00f','20221216175039rm00f1',2005371,15600,2020971,'','2022-12-16 17:50:39'),(983,1,'rm00t','20221216175322rm00t10',2020971,16380,2004591,'','2022-12-16 17:53:22'),(987,1,'rm00t','20221218165312rm00t10',2004591,16380,1988211,'','2022-12-18 16:53:12'),(988,1,'rm00t','20221218165312rm00t11',1988211,16380,1971831,'','2022-12-18 16:53:12'),(989,1,'rm00t','20221218165313rm00t10',1971831,16380,1955451,'','2022-12-18 16:53:13'),(990,1,'rm00t','20221218165313rm00t11',1955451,16380,1939071,'','2022-12-18 16:53:13'),(991,1,'ca01t','20221218165935ca01t1',1939071,45000,1984071,'','2022-12-18 16:59:35'),(992,1,'rm00t','20221218181848rm00t10',1984071,21630,1962441,'','2022-12-18 18:18:48'),(993,1,'rm00t','20221218181848rm00t11',1962441,21630,1940811,'','2022-12-18 18:18:48'),(994,1,'rm00t','20221218183241rm00t10',1940811,26880,1913931,'','2022-12-18 18:32:41'),(995,1,'rm00t','20221218183241rm00t11',1913931,26880,1887051,'','2022-12-18 18:32:41'),(996,1,'rm00t','20221218191603rm00t10',1887051,26880,1860171,'','2022-12-18 19:16:14'),(997,1,'rm00t','20221218191722rm00t10',1860171,26880,1833291,'','2022-12-18 19:17:22'),(998,1,'rm00t','20221218191722rm00t11',1833291,26880,1806411,'','2022-12-18 19:17:22'),(999,1,'rm00t','20221218191722rm00t12',1806411,26880,1779531,'','2022-12-18 19:17:22'),(1000,1,'rm00t','20221218191722rm00t13',1779531,26880,1752651,'','2022-12-18 19:17:22'),(1001,1,'rm00t','20221218191722rm00t14',1752651,26880,1725771,'','2022-12-18 19:17:22'),(1002,1,'rm00t','20221218191722rm00t15',1725771,26880,1698891,'','2022-12-18 19:17:22'),(1003,1,'rm00t','20221218191722rm00t16',1698891,26880,1672011,'','2022-12-18 19:17:22'),(1004,1,'rm00t','20221218191722rm00t17',1672011,26880,1645131,'','2022-12-18 19:17:22'),(1005,1,'rm00t','20221218191722rm00t18',1645131,26880,1618251,'','2022-12-18 19:17:22'),(1006,1,'rm00t','20221218191722rm00t19',1618251,26880,1591371,'','2022-12-18 19:17:22'),(1007,1,'rm00t','20221218191722rm00t110',1591371,26880,1564491,'','2022-12-18 19:17:22'),(1008,1,'rm00t','20221218191722rm00t111',1564491,26880,1537611,'','2022-12-18 19:17:22'),(1009,1,'rm00t','20221218191722rm00t112',1537611,26880,1510731,'','2022-12-18 19:17:22'),(1010,1,'rm00t','20221218191722rm00t113',1510731,26880,1483851,'','2022-12-18 19:17:22'),(1011,1,'rm00t','20221218191722rm00t114',1483851,26880,1456971,'','2022-12-18 19:17:22'),(1012,1,'rm00t','20221218191722rm00t115',1456971,26880,1430091,'','2022-12-18 19:17:22'),(1013,1,'rm00t','20221218191722rm00t116',1430091,26880,1403211,'','2022-12-18 19:17:22'),(1014,1,'rm00t','20221218191722rm00t117',1403211,26880,1376331,'','2022-12-18 19:17:22'),(1015,1,'rm00t','20221218191722rm00t118',1376331,26880,1349451,'','2022-12-18 19:17:22'),(1016,1,'rm00t','20221218191722rm00t119',1349451,26880,1322571,'','2022-12-18 19:17:22'),(1017,1,'rm00t','20221218191722rm00t120',1322571,26880,1295691,'','2022-12-18 19:17:22'),(1018,1,'rm00t','20221218191722rm00t121',1295691,26880,1268811,'','2022-12-18 19:17:22'),(1019,1,'rm00t','20221218191722rm00t122',1268811,26880,1241931,'','2022-12-18 19:17:22'),(1020,1,'rm00t','20221218191722rm00t123',1241931,26880,1215051,'','2022-12-18 19:17:22'),(1021,1,'rm00t','20221218191722rm00t124',1215051,26880,1188171,'','2022-12-18 19:17:22'),(1133,6,'ca01t','20221218201434ca01t6',0,450000,450000,'','2022-12-18 20:14:34'),(1135,6,'ca01t','20221218201443ca01t6',450000,450000,900000,'','2022-12-18 20:14:43'),(1136,6,'ca02t','20221218201547ca02t6',900000,450000,1350000,'','2022-12-18 20:15:47'),(1151,7,'ca01t','20221218202516ca01t7',0,54000,54000,'','2022-12-18 20:25:16'),(1152,7,'ca01t','20221218202519ca01t7',54000,450000,504000,'','2022-12-18 20:25:19'),(1153,7,'ca03t','20221218202523ca03t7',504000,18000,522000,'','2022-12-18 20:25:23');
/*!40000 ALTER TABLE `user_mile_change_list` ENABLE KEYS */;
UNLOCK TABLES;

--
-- Table structure for table `user_mileage`
--

DROP TABLE IF EXISTS `user_mileage`;
/*!40101 SET @saved_cs_client     = @@character_set_client */;
/*!50503 SET character_set_client = utf8mb4 */;
CREATE TABLE `user_mileage` (
  `user_num` int NOT NULL,
  `account_code` char(5) NOT NULL,
  `own_mile` int unsigned NOT NULL DEFAULT '0' COMMENT '보유중인 마일리지',
  `change_day` datetime NOT NULL COMMENT '마지막 변동일',
  PRIMARY KEY (`user_num`,`account_code`)
) ENGINE=InnoDB DEFAULT CHARSET=utf8mb4 COLLATE=utf8mb4_0900_ai_ci COMMENT='사용자 마일리지';
/*!40101 SET character_set_client = @saved_cs_client */;

--
-- Dumping data for table `user_mileage`
--

LOCK TABLES `user_mileage` WRITE;
/*!40000 ALTER TABLE `user_mileage` DISABLE KEYS */;
INSERT INTO `user_mileage` VALUES (1,'ca01t',0,'2022-12-18 19:17:22'),(1,'ca02t',700761,'2022-12-18 19:17:22'),(1,'ca03t',270000,'2022-12-16 16:12:51'),(1,'rm00f',97500,'2022-12-16 17:50:39'),(6,'ca01t',900000,'2022-12-18 20:14:43'),(6,'ca02t',450000,'2022-12-18 20:15:47'),(7,'ca01t',504000,'2022-12-18 20:25:19'),(7,'ca03t',18000,'2022-12-18 20:25:23');
/*!40000 ALTER TABLE `user_mileage` ENABLE KEYS */;
UNLOCK TABLES;
/*!40103 SET TIME_ZONE=@OLD_TIME_ZONE */;

/*!40101 SET SQL_MODE=@OLD_SQL_MODE */;
/*!40014 SET FOREIGN_KEY_CHECKS=@OLD_FOREIGN_KEY_CHECKS */;
/*!40014 SET UNIQUE_CHECKS=@OLD_UNIQUE_CHECKS */;
/*!40101 SET CHARACTER_SET_CLIENT=@OLD_CHARACTER_SET_CLIENT */;
/*!40101 SET CHARACTER_SET_RESULTS=@OLD_CHARACTER_SET_RESULTS */;
/*!40101 SET COLLATION_CONNECTION=@OLD_COLLATION_CONNECTION */;
/*!40111 SET SQL_NOTES=@OLD_SQL_NOTES */;

-- Dump completed on 2022-12-18 20:33:55
