-- MySQL dump 10.13  Distrib 8.0.30, for Linux (x86_64)
--
-- Host: localhost    Database: dev_test
-- ------------------------------------------------------
-- Server version	8.0.30

/*!40101 SET @OLD_CHARACTER_SET_CLIENT=@@CHARACTER_SET_CLIENT */;
/*!40101 SET @OLD_CHARACTER_SET_RESULTS=@@CHARACTER_SET_RESULTS */;
/*!40101 SET @OLD_COLLATION_CONNECTION=@@COLLATION_CONNECTION */;
/*!50503 SET NAMES utf8mb4 */;
/*!40103 SET @OLD_TIME_ZONE=@@TIME_ZONE */;
/*!40103 SET TIME_ZONE='+00:00' */;
/*!40014 SET @OLD_UNIQUE_CHECKS=@@UNIQUE_CHECKS, UNIQUE_CHECKS=0 */;
/*!40014 SET @OLD_FOREIGN_KEY_CHECKS=@@FOREIGN_KEY_CHECKS, FOREIGN_KEY_CHECKS=0 */;
/*!40101 SET @OLD_SQL_MODE=@@SQL_MODE, SQL_MODE='NO_AUTO_VALUE_ON_ZERO' */;
/*!40111 SET @OLD_SQL_NOTES=@@SQL_NOTES, SQL_NOTES=0 */;

--
-- Table structure for table `account_book`
--

DROP TABLE IF EXISTS `account_book`;
/*!40101 SET @saved_cs_client     = @@character_set_client */;
/*!50503 SET character_set_client = utf8mb4 */;
CREATE TABLE `account_book` (
  `trade_code` varchar(20) NOT NULL COMMENT '거래번호',
  `user_num` int unsigned NOT NULL COMMENT '유저번호',
  `user_id` varchar(20) NOT NULL COMMENT '유저아이디',
  `user_name` varchar(20) NOT NULL COMMENT '유저이름',
  `account_code` char(5) NOT NULL COMMENT '장부코드\n',
  `trade_type` char(1) NOT NULL COMMENT '예매 = y, 예매취소 = n, , 충전 = c, 출금 = w',
  `summary_text` varchar(100) DEFAULT NULL,
  `payment_type` char(1) NOT NULL COMMENT '결제 방법 a=계좌 m=마일리지, p=모바일',
  `before_mile` int NOT NULL DEFAULT '0' COMMENT '변동 전 마일리지',
  `change_mile` int unsigned NOT NULL DEFAULT '0' COMMENT '변동 마일리지',
  `after_mile` int unsigned NOT NULL DEFAULT '0' COMMENT '변동 후 마일리지',
  `commission` int unsigned NOT NULL DEFAULT '0' COMMENT '수수료',
  `reg_day` datetime NOT NULL COMMENT '등록일',
  PRIMARY KEY (`trade_code`)
) ENGINE=InnoDB DEFAULT CHARSET=utf8mb4 COLLATE=utf8mb4_0900_ai_ci COMMENT='매출 장부';
/*!40101 SET character_set_client = @saved_cs_client */;

--
-- Dumping data for table `account_book`
--

LOCK TABLES `account_book` WRITE;
/*!40000 ALTER TABLE `account_book` DISABLE KEYS */;
INSERT INTO `account_book` VALUES ('20221209175125ca01t2',2,'item2','김현우','ca01t','c',NULL,'a',0,4500,4500,500,'2022-12-09 17:51:25'),('20221209175129ca01t2',2,'item2','김현우','ca01t','c',NULL,'a',4500,6300,10800,700,'2022-12-09 17:51:29'),('20221209175132ca01t2',2,'item2','김현우','ca01t','c',NULL,'a',10800,8100,18900,900,'2022-12-09 17:51:32'),('20221209175135ca03t2',2,'item2','김현우','ca03t','c',NULL,'a',18900,7200,26100,800,'2022-12-09 17:51:35'),('20221209175139ca01t2',2,'item2','김현우','ca01t','c',NULL,'a',26100,8100,34200,900,'2022-12-09 17:51:39'),('20221209185203wa01t2',2,'item2','김현우','wa01t','c',NULL,'a',34200,2213,31987,1000,'2022-12-09 18:52:03'),('20221209185326wa01t2',2,'item2','김현우','wa01t','w',NULL,'a',34200,1222,32978,1000,'2022-12-09 18:53:26'),('20221212105445ca02t1',1,'item1','이현민','ca02t','c',NULL,'a',0,900,900,100,'2022-12-12 10:54:45'),('20221212105615ca02t1',1,'item1','이현민','ca02t','c',NULL,'a',900,4500,5400,500,'2022-12-12 10:56:15');
/*!40000 ALTER TABLE `account_book` ENABLE KEYS */;
UNLOCK TABLES;

--
-- Table structure for table `account_code_info`
--

DROP TABLE IF EXISTS `account_code_info`;
/*!40101 SET @saved_cs_client     = @@character_set_client */;
/*!50503 SET character_set_client = utf8mb4 */;
CREATE TABLE `account_code_info` (
  `type1` char(1) NOT NULL COMMENT 'step1 - c=충전, w=출금, r=예매, e=예매예약\n\n',
  `type2` char(1) NOT NULL COMMENT 'a=계좌, m=마일리지, p=핸드폰',
  `type3` char(2) NOT NULL COMMENT 'step3 00=일반, 01=농협, 02=우리은행 03=카카오뱅크, 05=이벤트',
  `type4` char(1) NOT NULL COMMENT 'a=완료 c=취소',
  `type1_comment` varchar(30) NOT NULL COMMENT 'type1 코멘트',
  `type2_comment` varchar(30) NOT NULL COMMENT 'type2 코멘트',
  `type3_comment` varchar(30) NOT NULL COMMENT 'type3 코멘트',
  `type4_comment` varchar(30) NOT NULL COMMENT 'tpye4 코멘트',
  PRIMARY KEY (`type1`,`type2`,`type3`,`type4`)
) ENGINE=InnoDB DEFAULT CHARSET=utf8mb4 COLLATE=utf8mb4_0900_ai_ci COMMENT='장부 코드';
/*!40101 SET character_set_client = @saved_cs_client */;

--
-- Dumping data for table `account_code_info`
--

LOCK TABLES `account_code_info` WRITE;
/*!40000 ALTER TABLE `account_code_info` DISABLE KEYS */;
INSERT INTO `account_code_info` VALUES ('c','a','01','t','충전','계좌','농협','완료'),('c','a','02','t','충전','계좌','우리은행','완료'),('c','a','03','t','충전','계좌','카카오뱅크','완료'),('c','m','00','t','충전','마일리지','일반','완료'),('c','m','05','t','충전','마일리지','이벤트','완료'),('c','p','00','t','충전','핸드폰','일반','완료'),('e','a','01','f','예약','계좌','농협','취소'),('e','a','01','t','예약','계좌','농협','완료'),('e','a','02','f','예약','계좌','우리은행','취소'),('e','a','02','t','예약','계좌','우리은행','완료'),('e','a','03','f','예약','계좌','카카오뱅크','취소'),('e','a','03','t','예약','계좌','카카오뱅크','완료'),('e','m','00','f','예약','마일리지','일반','취소'),('e','m','00','t','예약','마일리지','일반','완료'),('e','m','05','f','예약','마일리지','이벤트','취소'),('e','m','05','t','예약','마일리지','이벤트','완료'),('r','a','01','f','예매','계좌','농협','취소'),('r','a','01','t','예매','계좌','농협','완료'),('r','a','02','f','예매','계좌','우리은행','취소'),('r','a','02','t','예매','계좌','우리은행','완료'),('r','a','03','f','예매','계좌','카카오뱅크','취소'),('r','a','03','t','예매','계좌','카카오뱅크','완료'),('r','m','00','f','예매','마일리지','일반','취소'),('r','m','00','t','예매','마일리지','일반','완료'),('r','m','05','f','예매','마일리지','이벤트','취소'),('r','m','05','t','예매','마일리지','이벤트','완료'),('w','a','01','t','출금','계좌','농협','완료'),('w','a','02','t','출금','계좌','우리은행','완료'),('w','a','03','t','출금','계좌','카카오뱅크','완료');
/*!40000 ALTER TABLE `account_code_info` ENABLE KEYS */;
UNLOCK TABLES;

--
-- Table structure for table `accum_mile`
--

DROP TABLE IF EXISTS `accum_mile`;
/*!40101 SET @saved_cs_client     = @@character_set_client */;
/*!50503 SET character_set_client = utf8mb4 */;
CREATE TABLE `accum_mile` (
  `seq` int unsigned NOT NULL AUTO_INCREMENT,
  `user_num` int NOT NULL,
  `account_code` char(5) NOT NULL COMMENT '장부코드',
  `accum_mile` int unsigned NOT NULL DEFAULT '0' COMMENT '적립 마일리지',
  `after_mile` int unsigned NOT NULL DEFAULT '0' COMMENT '적립 후 마일리지',
  `reg_day` datetime NOT NULL COMMENT '첫 등록일',
  `change_day` datetime DEFAULT '0000-00-00 00:00:00' COMMENT '마지막 변동일',
  PRIMARY KEY (`seq`)
) ENGINE=InnoDB AUTO_INCREMENT=43 DEFAULT CHARSET=utf8mb4 COLLATE=utf8mb4_0900_ai_ci COMMENT='적립 테이블';
/*!40101 SET character_set_client = @saved_cs_client */;

--
-- Dumping data for table `accum_mile`
--

LOCK TABLES `accum_mile` WRITE;
/*!40000 ALTER TABLE `accum_mile` DISABLE KEYS */;
INSERT INTO `accum_mile` VALUES (36,2,'ca01t',4500,1065,'2022-12-09 17:51:25','2022-12-09 18:53:26'),(37,2,'ca01t',6300,6300,'2022-12-09 17:51:29','0000-00-00 00:00:00'),(38,2,'ca01t',8100,8100,'2022-12-09 17:51:32','0000-00-00 00:00:00'),(39,2,'ca03t',7200,7200,'2022-12-09 17:51:35','0000-00-00 00:00:00'),(40,2,'ca01t',8100,8100,'2022-12-09 17:51:39','0000-00-00 00:00:00'),(41,1,'ca02t',900,900,'2022-12-12 10:54:45','0000-00-00 00:00:00'),(42,1,'ca02t',4500,4500,'2022-12-12 10:56:15','0000-00-00 00:00:00');
/*!40000 ALTER TABLE `accum_mile` ENABLE KEYS */;
UNLOCK TABLES;

--
-- Table structure for table `accum_mile_log`
--

DROP TABLE IF EXISTS `accum_mile_log`;
/*!40101 SET @saved_cs_client     = @@character_set_client */;
/*!50503 SET character_set_client = utf8mb4 */;
CREATE TABLE `accum_mile_log` (
  `seq` int unsigned NOT NULL AUTO_INCREMENT COMMENT '시퀀스',
  `accum_mile_seq` int unsigned NOT NULL,
  `user_num` int NOT NULL,
  `account_code` char(5) NOT NULL COMMENT '장부코드\n',
  `trade_code` varchar(20) NOT NULL COMMENT '거래번호',
  `accum_mile` int unsigned NOT NULL COMMENT '적립 마일리지',
  `trade_type` char(1) DEFAULT NULL COMMENT 'c=충전, e=예약, r=예매, w=출금',
  `reg_day` datetime NOT NULL COMMENT '마일리지 적립일',
  PRIMARY KEY (`seq`)
) ENGINE=InnoDB AUTO_INCREMENT=116 DEFAULT CHARSET=utf8mb4 COLLATE=utf8mb4_0900_ai_ci COMMENT='적립 로그';
/*!40101 SET character_set_client = @saved_cs_client */;

--
-- Dumping data for table `accum_mile_log`
--

LOCK TABLES `accum_mile_log` WRITE;
/*!40000 ALTER TABLE `accum_mile_log` DISABLE KEYS */;
INSERT INTO `accum_mile_log` VALUES (105,36,2,'ca01t','20221209175125ca01t2',4500,'c','2022-12-09 17:51:25'),(106,37,2,'ca01t','20221209175129ca01t2',6300,'c','2022-12-09 17:51:29'),(107,38,2,'ca01t','20221209175132ca01t2',8100,'c','2022-12-09 17:51:32'),(108,39,2,'ca03t','20221209175135ca03t2',7200,'c','2022-12-09 17:51:35'),(109,40,2,'ca01t','20221209175139ca01t2',8100,'c','2022-12-09 17:51:39'),(112,36,2,'wa01t','20221209185203wa01t2',2213,'w','2022-12-09 18:52:03'),(113,36,2,'wa01t','20221209185326wa01t2',1222,'w','2022-12-09 18:53:26'),(114,41,1,'ca02t','20221212105445ca02t1',900,'c','2022-12-12 10:54:45'),(115,42,1,'ca02t','20221212105615ca02t1',4500,'c','2022-12-12 10:56:15');
/*!40000 ALTER TABLE `accum_mile_log` ENABLE KEYS */;
UNLOCK TABLES;

--
-- Table structure for table `books`
--

DROP TABLE IF EXISTS `books`;
/*!40101 SET @saved_cs_client     = @@character_set_client */;
/*!50503 SET character_set_client = utf8mb4 */;
CREATE TABLE `books` (
  `isbn` char(13) NOT NULL,
  `author` char(50) DEFAULT NULL,
  `title` char(100) DEFAULT NULL,
  `price` float DEFAULT NULL,
  PRIMARY KEY (`isbn`)
) ENGINE=InnoDB DEFAULT CHARSET=utf8mb4 COLLATE=utf8mb4_0900_ai_ci;
/*!40101 SET character_set_client = @saved_cs_client */;

--
-- Dumping data for table `books`
--

LOCK TABLES `books` WRITE;
/*!40000 ALTER TABLE `books` DISABLE KEYS */;
/*!40000 ALTER TABLE `books` ENABLE KEYS */;
UNLOCK TABLES;

--
-- Table structure for table `bus_info`
--

DROP TABLE IF EXISTS `bus_info`;
/*!40101 SET @saved_cs_client     = @@character_set_client */;
/*!50503 SET character_set_client = utf8mb4 */;
CREATE TABLE `bus_info` (
  `bus_num` int unsigned NOT NULL COMMENT '버스번호',
  `bus_class` char(1) NOT NULL COMMENT '버스등급',
  `seat_cnt` int unsigned NOT NULL COMMENT '좌석 수',
  `used_flag` char(1) NOT NULL DEFAULT 'n' COMMENT '운행 유무(y= yes, n=no)',
  `bus_location` varchar(20) NOT NULL COMMENT '버스 위치',
  `reg_day` datetime NOT NULL COMMENT '등록일',
  `change_day` datetime NOT NULL DEFAULT '0000-00-00 00:00:00' COMMENT '변동일',
  PRIMARY KEY (`bus_num`)
) ENGINE=InnoDB DEFAULT CHARSET=utf8mb4 COLLATE=utf8mb4_0900_ai_ci COMMENT='버스정보';
/*!40101 SET character_set_client = @saved_cs_client */;

--
-- Dumping data for table `bus_info`
--

LOCK TABLES `bus_info` WRITE;
/*!40000 ALTER TABLE `bus_info` DISABLE KEYS */;
INSERT INTO `bus_info` VALUES (1002,'n',28,'n','jeonju','2022-12-12 09:50:57','0000-00-00 00:00:00'),(1003,'n',28,'n','seoul','2022-12-12 09:50:40','0000-00-00 00:00:00'),(1006,'h',36,'n','jeonju','2022-12-12 09:50:39','0000-00-00 00:00:00'),(1015,'p',28,'n','seoul','2022-12-12 09:50:51','0000-00-00 00:00:00'),(1016,'n',28,'n','jeonju','2022-12-12 09:50:53','0000-00-00 00:00:00'),(1023,'n',28,'n','jeonju','2022-12-12 09:50:44','0000-00-00 00:00:00'),(1024,'n',28,'n','seoul','2022-12-12 09:50:53','0000-00-00 00:00:00'),(1027,'h',36,'n','jeonju','2022-12-12 09:50:45','0000-00-00 00:00:00'),(1033,'n',28,'n','jeonju','2022-12-12 09:50:35','0000-00-00 00:00:00'),(1040,'h',36,'n','seoul','2022-12-12 09:50:36','0000-00-00 00:00:00'),(1043,'n',28,'n','jeonju','2022-12-12 09:50:39','0000-00-00 00:00:00'),(1057,'h',36,'n','seoul','2022-12-12 09:50:41','0000-00-00 00:00:00'),(1063,'n',28,'n','seoul','2022-12-12 09:50:55','0000-00-00 00:00:00'),(1064,'p',28,'n','jeonju','2022-12-12 09:50:38','0000-00-00 00:00:00'),(1066,'n',28,'n','seoul','2022-12-12 09:50:43','0000-00-00 00:00:00'),(1073,'h',36,'n','jeonju','2022-12-12 09:50:53','0000-00-00 00:00:00'),(1080,'n',28,'n','jeonju','2022-12-12 09:50:48','0000-00-00 00:00:00'),(1081,'p',28,'n','seoul','2022-12-12 09:50:39','0000-00-00 00:00:00'),(1083,'p',28,'n','jeonju','2022-12-12 09:50:41','0000-00-00 00:00:00'),(1091,'n',28,'n','seoul','2022-12-12 09:50:48','0000-00-00 00:00:00'),(1093,'h',36,'n','jeonju','2022-12-12 09:50:36','0000-00-00 00:00:00'),(1096,'n',28,'n','jeonju','2022-12-12 09:51:00','0000-00-00 00:00:00'),(1102,'h',36,'n','seoul','2022-12-12 09:50:40','0000-00-00 00:00:00'),(1103,'p',28,'n','seoul','2022-12-12 09:50:48','0000-00-00 00:00:00'),(1105,'p',28,'n','seoul','2022-12-12 09:50:36','0000-00-00 00:00:00'),(1106,'h',36,'n','seoul','2022-12-12 09:50:37','0000-00-00 00:00:00'),(1108,'p',28,'n','jeonju','2022-12-12 09:50:45','0000-00-00 00:00:00'),(1110,'n',28,'n','jeonju','2022-12-12 09:50:42','0000-00-00 00:00:00'),(1115,'h',36,'n','seoul','2022-12-12 09:50:44','0000-00-00 00:00:00'),(1120,'p',28,'n','seoul','2022-12-12 09:50:59','0000-00-00 00:00:00'),(1121,'n',28,'n','jeonju','2022-12-12 09:50:55','0000-00-00 00:00:00'),(1123,'p',28,'n','seoul','2022-12-12 09:50:58','0000-00-00 00:00:00'),(1125,'n',28,'n','seoul','2022-12-12 09:50:39','0000-00-00 00:00:00'),(1141,'n',28,'n','seoul','2022-12-12 09:50:36','0000-00-00 00:00:00'),(1145,'p',28,'n','jeonju','2022-12-12 09:50:48','0000-00-00 00:00:00'),(1146,'n',28,'n','seoul','2022-12-12 09:50:36','0000-00-00 00:00:00'),(1151,'n',28,'n','jeonju','2022-12-12 09:50:36','0000-00-00 00:00:00'),(1157,'h',36,'n','jeonju','2022-12-12 09:50:35','0000-00-00 00:00:00'),(1158,'h',36,'n','seoul','2022-12-12 09:50:42','0000-00-00 00:00:00'),(1160,'p',28,'n','jeonju','2022-12-12 09:50:35','0000-00-00 00:00:00'),(1162,'p',28,'n','seoul','2022-12-12 09:51:00','0000-00-00 00:00:00'),(1172,'n',28,'n','jeonju','2022-12-12 09:50:45','0000-00-00 00:00:00'),(1175,'n',28,'n','jeonju','2022-12-12 09:50:55','0000-00-00 00:00:00'),(1182,'h',36,'n','jeonju','2022-12-12 09:50:38','0000-00-00 00:00:00'),(1191,'h',36,'n','jeonju','2022-12-12 09:50:35','0000-00-00 00:00:00'),(1195,'h',36,'n','jeonju','2022-12-12 09:50:44','0000-00-00 00:00:00'),(1208,'n',28,'n','jeonju','2022-12-12 09:50:37','0000-00-00 00:00:00'),(1210,'p',28,'n','jeonju','2022-12-12 09:50:58','0000-00-00 00:00:00'),(1212,'p',28,'n','jeonju','2022-12-12 09:50:39','0000-00-00 00:00:00'),(1214,'h',36,'n','jeonju','2022-12-12 09:50:48','0000-00-00 00:00:00'),(1222,'h',36,'n','jeonju','2022-12-12 09:50:40','0000-00-00 00:00:00'),(1225,'n',28,'n','jeonju','2022-12-12 09:50:43','0000-00-00 00:00:00'),(1229,'n',28,'n','jeonju','2022-12-12 09:50:42','0000-00-00 00:00:00'),(1239,'p',28,'n','jeonju','2022-12-12 09:50:53','0000-00-00 00:00:00'),(1249,'p',28,'n','jeonju','2022-12-12 09:50:53','0000-00-00 00:00:00'),(1251,'p',28,'n','jeonju','2022-12-12 09:50:40','0000-00-00 00:00:00'),(1262,'p',28,'n','jeonju','2022-12-12 09:50:46','0000-00-00 00:00:00'),(1263,'h',36,'n','jeonju','2022-12-12 09:50:51','0000-00-00 00:00:00'),(1264,'n',28,'n','jeonju','2022-12-12 09:50:40','0000-00-00 00:00:00'),(1269,'h',36,'n','seoul','2022-12-12 09:50:45','0000-00-00 00:00:00'),(1271,'p',28,'n','seoul','2022-12-12 09:50:55','0000-00-00 00:00:00'),(1283,'n',28,'n','seoul','2022-12-12 09:50:42','0000-00-00 00:00:00'),(1285,'h',36,'n','seoul','2022-12-12 09:50:36','0000-00-00 00:00:00'),(1289,'n',28,'n','seoul','2022-12-12 09:50:45','0000-00-00 00:00:00'),(1291,'h',36,'n','seoul','2022-12-12 09:50:53','0000-00-00 00:00:00'),(1296,'p',28,'n','seoul','2022-12-12 09:50:40','0000-00-00 00:00:00'),(1299,'p',28,'n','seoul','2022-12-12 09:50:45','0000-00-00 00:00:00'),(1302,'h',36,'n','jeonju','2022-12-12 09:50:52','0000-00-00 00:00:00'),(1309,'h',36,'n','jeonju','2022-12-12 09:50:45','0000-00-00 00:00:00'),(1311,'p',28,'n','jeonju','2022-12-12 09:50:40','0000-00-00 00:00:00'),(1322,'n',28,'n','seoul','2022-12-12 09:50:44','0000-00-00 00:00:00'),(1326,'p',28,'n','jeonju','2022-12-12 09:50:35','0000-00-00 00:00:00'),(1329,'p',28,'n','jeonju','2022-12-12 09:50:45','0000-00-00 00:00:00'),(1342,'p',28,'n','seoul','2022-12-12 09:50:59','0000-00-00 00:00:00'),(1353,'p',28,'n','seoul','2022-12-12 09:50:53','0000-00-00 00:00:00'),(1355,'p',28,'n','jeonju','2022-12-12 09:50:48','0000-00-00 00:00:00'),(1372,'p',28,'n','jeonju','2022-12-12 09:50:59','0000-00-00 00:00:00'),(1373,'h',36,'n','seoul','2022-12-12 09:50:40','0000-00-00 00:00:00'),(1378,'p',28,'n','seoul','2022-12-12 09:50:48','0000-00-00 00:00:00'),(1382,'h',36,'n','jeonju','2022-12-12 09:50:37','0000-00-00 00:00:00'),(1386,'p',28,'n','jeonju','2022-12-12 09:50:37','0000-00-00 00:00:00'),(1391,'h',36,'n','seoul','2022-12-12 09:50:36','0000-00-00 00:00:00'),(1393,'p',28,'n','jeonju','2022-12-12 09:50:55','0000-00-00 00:00:00'),(1400,'n',28,'n','seoul','2022-12-12 09:50:42','0000-00-00 00:00:00'),(1402,'p',28,'n','jeonju','2022-12-12 09:50:43','0000-00-00 00:00:00'),(1404,'h',36,'n','jeonju','2022-12-12 09:50:55','0000-00-00 00:00:00'),(1407,'n',28,'n','seoul','2022-12-12 09:50:38','0000-00-00 00:00:00'),(1412,'h',36,'n','seoul','2022-12-12 09:51:00','0000-00-00 00:00:00'),(1420,'p',28,'n','jeonju','2022-12-12 09:51:00','0000-00-00 00:00:00'),(1431,'p',28,'n','jeonju','2022-12-12 09:50:57','0000-00-00 00:00:00'),(1433,'p',28,'n','jeonju','2022-12-12 09:50:55','0000-00-00 00:00:00'),(1439,'n',28,'n','seoul','2022-12-12 09:50:36','0000-00-00 00:00:00'),(1440,'p',28,'n','seoul','2022-12-12 09:50:40','0000-00-00 00:00:00'),(1443,'p',28,'n','seoul','2022-12-12 09:50:38','0000-00-00 00:00:00'),(1445,'p',28,'n','jeonju','2022-12-12 09:50:43','0000-00-00 00:00:00'),(1458,'n',28,'n','seoul','2022-12-12 09:50:35','0000-00-00 00:00:00'),(1459,'p',28,'n','seoul','2022-12-12 09:50:57','0000-00-00 00:00:00'),(1467,'p',28,'n','seoul','2022-12-12 09:50:46','0000-00-00 00:00:00'),(1473,'n',28,'n','jeonju','2022-12-12 09:50:45','0000-00-00 00:00:00'),(1478,'n',28,'n','jeonju','2022-12-12 09:50:35','0000-00-00 00:00:00'),(1480,'p',28,'n','seoul','2022-12-12 09:50:37','0000-00-00 00:00:00'),(1497,'n',28,'n','seoul','2022-12-12 09:50:59','0000-00-00 00:00:00'),(1498,'p',28,'n','seoul','2022-12-12 09:50:54','0000-00-00 00:00:00'),(1499,'n',28,'n','jeonju','2022-12-12 09:50:52','0000-00-00 00:00:00'),(1500,'p',28,'n','seoul','2022-12-12 09:50:36','0000-00-00 00:00:00'),(1507,'p',28,'n','seoul','2022-12-12 09:50:46','0000-00-00 00:00:00'),(1508,'n',28,'n','seoul','2022-12-12 09:50:38','0000-00-00 00:00:00'),(1513,'p',28,'n','seoul','2022-12-12 09:50:52','0000-00-00 00:00:00'),(1516,'p',28,'n','seoul','2022-12-12 09:50:35','0000-00-00 00:00:00'),(1517,'h',36,'n','jeonju','2022-12-12 09:50:40','0000-00-00 00:00:00'),(1522,'n',28,'n','jeonju','2022-12-12 09:50:51','0000-00-00 00:00:00'),(1528,'h',36,'n','jeonju','2022-12-12 09:50:37','0000-00-00 00:00:00'),(1535,'p',28,'n','seoul','2022-12-12 09:50:39','0000-00-00 00:00:00'),(1538,'n',28,'n','jeonju','2022-12-12 09:50:35','0000-00-00 00:00:00'),(1543,'h',36,'n','jeonju','2022-12-12 09:50:44','0000-00-00 00:00:00'),(1545,'h',36,'n','jeonju','2022-12-12 09:50:36','0000-00-00 00:00:00'),(1562,'p',28,'n','seoul','2022-12-12 09:50:38','0000-00-00 00:00:00'),(1566,'n',28,'n','seoul','2022-12-12 09:50:51','0000-00-00 00:00:00'),(1572,'p',28,'n','jeonju','2022-12-12 09:51:00','0000-00-00 00:00:00'),(1579,'h',36,'n','seoul','2022-12-12 09:50:35','0000-00-00 00:00:00'),(1586,'h',36,'n','seoul','2022-12-12 09:50:38','0000-00-00 00:00:00'),(1589,'p',28,'n','jeonju','2022-12-12 09:50:56','0000-00-00 00:00:00'),(1593,'n',28,'n','jeonju','2022-12-12 09:50:59','0000-00-00 00:00:00'),(1597,'p',28,'n','seoul','2022-12-12 09:50:44','0000-00-00 00:00:00'),(1601,'n',28,'n','seoul','2022-12-12 09:50:37','0000-00-00 00:00:00'),(1607,'n',28,'n','seoul','2022-12-12 09:50:39','0000-00-00 00:00:00'),(1609,'p',28,'n','jeonju','2022-12-12 09:50:59','0000-00-00 00:00:00'),(1610,'p',28,'n','seoul','2022-12-12 09:50:37','0000-00-00 00:00:00'),(1618,'n',28,'n','jeonju','2022-12-12 09:50:38','0000-00-00 00:00:00'),(1620,'p',28,'n','seoul','2022-12-12 09:50:42','0000-00-00 00:00:00'),(1622,'h',36,'n','jeonju','2022-12-12 09:50:38','0000-00-00 00:00:00'),(1630,'h',36,'n','seoul','2022-12-12 09:50:35','0000-00-00 00:00:00'),(1631,'h',36,'n','seoul','2022-12-12 09:50:52','0000-00-00 00:00:00'),(1632,'n',28,'n','seoul','2022-12-12 09:50:57','0000-00-00 00:00:00'),(1642,'n',28,'n','seoul','2022-12-12 09:50:37','0000-00-00 00:00:00'),(1645,'p',28,'n','seoul','2022-12-12 09:50:41','0000-00-00 00:00:00'),(1651,'h',36,'n','seoul','2022-12-12 09:50:45','0000-00-00 00:00:00'),(1653,'h',36,'n','seoul','2022-12-12 09:50:39','0000-00-00 00:00:00'),(1656,'h',36,'n','jeonju','2022-12-12 09:50:43','0000-00-00 00:00:00'),(1672,'h',36,'n','jeonju','2022-12-12 09:50:42','0000-00-00 00:00:00'),(1678,'h',36,'n','jeonju','2022-12-12 09:51:00','0000-00-00 00:00:00'),(1680,'p',28,'n','jeonju','2022-12-12 09:50:44','0000-00-00 00:00:00'),(1681,'p',28,'n','jeonju','2022-12-12 09:50:35','0000-00-00 00:00:00'),(1686,'p',28,'n','seoul','2022-12-12 09:50:43','0000-00-00 00:00:00'),(1688,'p',28,'n','jeonju','2022-12-12 09:50:52','0000-00-00 00:00:00'),(1690,'h',36,'n','seoul','2022-12-12 09:50:38','0000-00-00 00:00:00'),(1692,'p',28,'n','seoul','2022-12-12 09:50:45','0000-00-00 00:00:00'),(1712,'h',36,'n','seoul','2022-12-12 09:50:39','0000-00-00 00:00:00'),(1714,'h',36,'n','seoul','2022-12-12 09:50:37','0000-00-00 00:00:00'),(1717,'p',28,'n','seoul','2022-12-12 09:50:42','0000-00-00 00:00:00'),(1718,'n',28,'n','seoul','2022-12-12 09:50:35','0000-00-00 00:00:00'),(1725,'n',28,'n','jeonju','2022-12-12 09:50:40','0000-00-00 00:00:00'),(1729,'n',28,'n','jeonju','2022-12-12 09:50:36','0000-00-00 00:00:00'),(1730,'p',28,'n','jeonju','2022-12-12 09:50:37','0000-00-00 00:00:00'),(1731,'h',36,'n','jeonju','2022-12-12 09:50:42','0000-00-00 00:00:00'),(1738,'n',28,'n','seoul','2022-12-12 09:50:40','0000-00-00 00:00:00'),(1741,'h',36,'n','jeonju','2022-12-12 09:50:36','0000-00-00 00:00:00'),(1746,'n',28,'n','jeonju','2022-12-12 09:50:46','0000-00-00 00:00:00'),(1747,'h',36,'n','seoul','2022-12-12 09:50:44','0000-00-00 00:00:00'),(1760,'h',36,'n','seoul','2022-12-12 09:50:55','0000-00-00 00:00:00'),(1771,'n',28,'n','jeonju','2022-12-12 09:50:59','0000-00-00 00:00:00'),(1775,'h',36,'n','jeonju','2022-12-12 09:50:41','0000-00-00 00:00:00'),(1779,'p',28,'n','seoul','2022-12-12 09:50:44','0000-00-00 00:00:00'),(1786,'p',28,'n','seoul','2022-12-12 09:50:38','0000-00-00 00:00:00'),(1790,'h',36,'n','jeonju','2022-12-12 09:50:55','0000-00-00 00:00:00'),(1792,'p',28,'n','jeonju','2022-12-12 09:50:36','0000-00-00 00:00:00'),(1799,'h',36,'n','seoul','2022-12-12 09:50:48','0000-00-00 00:00:00'),(1803,'h',36,'n','seoul','2022-12-12 09:50:42','0000-00-00 00:00:00'),(1812,'n',28,'n','jeonju','2022-12-12 09:50:54','0000-00-00 00:00:00'),(1820,'p',28,'n','jeonju','2022-12-12 09:50:46','0000-00-00 00:00:00'),(1825,'p',28,'n','jeonju','2022-12-12 09:50:42','0000-00-00 00:00:00'),(1826,'n',28,'n','jeonju','2022-12-12 09:50:48','0000-00-00 00:00:00'),(1843,'p',28,'n','jeonju','2022-12-12 09:50:39','0000-00-00 00:00:00'),(1845,'h',36,'n','seoul','2022-12-12 09:50:59','0000-00-00 00:00:00'),(1846,'p',28,'n','jeonju','2022-12-12 09:50:41','0000-00-00 00:00:00'),(1851,'p',28,'n','jeonju','2022-12-12 09:50:51','0000-00-00 00:00:00'),(1858,'n',28,'n','jeonju','2022-12-12 09:50:44','0000-00-00 00:00:00'),(1868,'p',28,'n','jeonju','2022-12-12 09:50:58','0000-00-00 00:00:00'),(1873,'n',28,'n','jeonju','2022-12-12 09:50:39','0000-00-00 00:00:00'),(1884,'p',28,'n','seoul','2022-12-12 09:50:55','0000-00-00 00:00:00'),(1889,'p',28,'n','jeonju','2022-12-12 09:50:57','0000-00-00 00:00:00'),(1891,'p',28,'n','seoul','2022-12-12 09:50:35','0000-00-00 00:00:00'),(1893,'p',28,'n','jeonju','2022-12-12 09:50:54','0000-00-00 00:00:00'),(1894,'n',28,'n','jeonju','2022-12-12 09:50:37','0000-00-00 00:00:00'),(1902,'p',28,'n','jeonju','2022-12-12 09:50:38','0000-00-00 00:00:00'),(1903,'p',28,'n','seoul','2022-12-12 09:50:35','0000-00-00 00:00:00'),(1906,'h',36,'n','jeonju','2022-12-12 09:50:39','0000-00-00 00:00:00'),(1924,'p',28,'n','jeonju','2022-12-12 09:50:36','0000-00-00 00:00:00'),(1935,'h',36,'n','jeonju','2022-12-12 09:50:59','0000-00-00 00:00:00'),(1940,'n',28,'n','seoul','2022-12-12 09:50:41','0000-00-00 00:00:00'),(1943,'n',28,'n','seoul','2022-12-12 09:50:59','0000-00-00 00:00:00'),(1953,'n',28,'n','seoul','2022-12-12 09:50:55','0000-00-00 00:00:00'),(1954,'n',28,'n','seoul','2022-12-12 09:50:44','0000-00-00 00:00:00'),(1958,'p',28,'n','jeonju','2022-12-12 09:50:42','0000-00-00 00:00:00'),(1960,'n',28,'n','seoul','2022-12-12 09:50:52','0000-00-00 00:00:00'),(1965,'n',28,'n','seoul','2022-12-12 09:50:45','0000-00-00 00:00:00'),(1973,'n',28,'n','jeonju','2022-12-12 09:50:38','0000-00-00 00:00:00'),(1975,'n',28,'n','jeonju','2022-12-12 09:50:41','0000-00-00 00:00:00'),(1980,'p',28,'n','seoul','2022-12-12 09:50:43','0000-00-00 00:00:00'),(1985,'p',28,'n','jeonju','2022-12-12 09:50:38','0000-00-00 00:00:00'),(1987,'n',28,'n','jeonju','2022-12-12 09:50:58','0000-00-00 00:00:00'),(1988,'p',28,'n','jeonju','2022-12-12 09:50:44','0000-00-00 00:00:00'),(1993,'n',28,'n','seoul','2022-12-12 09:51:00','0000-00-00 00:00:00'),(1996,'n',28,'n','seoul','2022-12-12 09:50:48','0000-00-00 00:00:00');
/*!40000 ALTER TABLE `bus_info` ENABLE KEYS */;
UNLOCK TABLES;

--
-- Table structure for table `bus_move_info`
--

DROP TABLE IF EXISTS `bus_move_info`;
/*!40101 SET @saved_cs_client     = @@character_set_client */;
/*!50503 SET character_set_client = utf8mb4 */;
CREATE TABLE `bus_move_info` (
  `seq` int unsigned NOT NULL AUTO_INCREMENT COMMENT '시퀀스',
  `bus_num` int unsigned NOT NULL COMMENT '버스번호',
  `driver_num` int unsigned NOT NULL COMMENT '기사정보',
  `bus_route` varchar(20) NOT NULL COMMENT '버스경로',
  `bus_class` varchar(20) NOT NULL COMMENT '버스등급',
  `seat_cnt` int unsigned NOT NULL COMMENT '좌석 수',
  `people_cnt` int unsigned NOT NULL DEFAULT '0' COMMENT '승객 수',
  `move_time` time NOT NULL DEFAULT '00:00:00' COMMENT '운행시간',
  `price` int unsigned NOT NULL COMMENT '금액',
  `drive_memo` text COMMENT '운행 중 이슈',
  `bus_leave_location` varchar(20) NOT NULL COMMENT '출발지',
  `bus_arrive_location` varchar(20) NOT NULL COMMENT '도착지',
  `leave_day` datetime NOT NULL COMMENT '출발시간',
  `arrive_time` datetime NOT NULL COMMENT '도착시간',
  PRIMARY KEY (`seq`),
  KEY `fk_busmoveinfo_driverinfo1_idx` (`driver_num`),
  KEY `fk_busmoveinfo_businfo1_idx` (`bus_num`),
  CONSTRAINT `fk_busmoveinfo_businfo1` FOREIGN KEY (`bus_num`) REFERENCES `bus_info` (`bus_num`),
  CONSTRAINT `fk_busmoveinfo_driverinfo1` FOREIGN KEY (`driver_num`) REFERENCES `driver_info` (`driver_num`)
) ENGINE=InnoDB AUTO_INCREMENT=20024 DEFAULT CHARSET=utf8mb4 COLLATE=utf8mb4_0900_ai_ci COMMENT='버스 운행 정보';
/*!40101 SET character_set_client = @saved_cs_client */;

--
-- Dumping data for table `bus_move_info`
--

LOCK TABLES `bus_move_info` WRITE;
/*!40000 ALTER TABLE `bus_move_info` DISABLE KEYS */;
INSERT INTO `bus_move_info` VALUES (19837,1096,24,'seoul','n',28,0,'03:00:00',15600,NULL,'jeonju','seoul','2022-12-12 00:15:00','2022-12-12 03:15:00'),(19838,1988,38,'seoul','p',28,0,'03:00:00',15600,NULL,'jeonju','seoul','2022-12-12 00:45:00','2022-12-12 03:45:00'),(19839,1191,37,'seoul','h',36,0,'03:00:00',15600,NULL,'jeonju','seoul','2022-12-12 01:15:00','2022-12-12 04:15:00'),(19840,1182,36,'seoul','h',36,0,'03:00:00',15600,NULL,'jeonju','seoul','2022-12-12 01:45:00','2022-12-12 04:45:00'),(19841,1175,35,'seoul','n',28,0,'03:00:00',15600,NULL,'jeonju','seoul','2022-12-12 02:15:00','2022-12-12 05:15:00'),(19842,1172,34,'seoul','n',28,0,'03:00:00',15600,NULL,'jeonju','seoul','2022-12-12 02:45:00','2022-12-12 05:45:00'),(19843,1160,33,'seoul','p',28,0,'03:00:00',15600,NULL,'jeonju','seoul','2022-12-12 03:15:00','2022-12-12 06:15:00'),(19844,1157,32,'seoul','h',36,0,'03:00:00',15600,NULL,'jeonju','seoul','2022-12-12 03:45:00','2022-12-12 06:45:00'),(19845,1151,31,'seoul','n',28,0,'03:00:00',15600,NULL,'jeonju','seoul','2022-12-12 04:15:00','2022-12-12 07:15:00'),(19846,1145,30,'seoul','p',28,0,'03:00:00',15600,NULL,'jeonju','seoul','2022-12-12 04:45:00','2022-12-12 07:45:00'),(19847,1121,29,'seoul','n',28,0,'03:00:00',15600,NULL,'jeonju','seoul','2022-12-12 05:15:00','2022-12-12 08:15:00'),(19848,1110,28,'seoul','n',28,0,'03:00:00',15600,NULL,'jeonju','seoul','2022-12-12 05:45:00','2022-12-12 08:45:00'),(19849,1108,27,'seoul','p',28,0,'03:00:00',15600,NULL,'jeonju','seoul','2022-12-12 06:15:00','2022-12-12 09:15:00'),(19850,1002,26,'seoul','n',28,0,'03:00:00',15600,NULL,'jeonju','seoul','2022-12-12 06:45:00','2022-12-12 09:45:00'),(19851,1093,25,'seoul','h',36,0,'03:00:00',15600,NULL,'jeonju','seoul','2022-12-12 07:15:00','2022-12-12 10:15:00'),(19852,1083,10,'seoul','p',28,0,'03:00:00',15600,NULL,'jeonju','seoul','2022-12-12 07:45:00','2022-12-12 10:45:00'),(19853,1080,23,'seoul','n',28,0,'03:00:00',15600,NULL,'jeonju','seoul','2022-12-12 08:15:00','2022-12-12 11:15:00'),(19854,1073,22,'seoul','h',36,0,'03:00:00',15600,NULL,'jeonju','seoul','2022-12-12 08:45:00','2022-12-12 11:45:00'),(19855,1064,21,'seoul','p',28,0,'03:00:00',15600,NULL,'jeonju','seoul','2022-12-12 09:15:00','2022-12-12 12:15:00'),(19856,1043,20,'seoul','n',28,0,'03:00:00',15600,NULL,'jeonju','seoul','2022-12-12 09:45:00','2022-12-12 12:45:00'),(19857,1033,19,'seoul','n',28,0,'03:00:00',15600,NULL,'jeonju','seoul','2022-12-12 10:15:00','2022-12-12 13:15:00'),(19858,1027,18,'seoul','h',36,0,'03:00:00',15600,NULL,'jeonju','seoul','2022-12-12 10:45:00','2022-12-12 13:45:00'),(19859,1023,17,'seoul','n',28,0,'03:00:00',15600,NULL,'jeonju','seoul','2022-12-12 11:15:00','2022-12-12 14:15:00'),(19860,1016,16,'seoul','n',28,0,'03:00:00',15600,NULL,'jeonju','seoul','2022-12-12 11:45:00','2022-12-12 14:45:00'),(19861,1096,24,'seoul','n',28,0,'03:00:00',15600,NULL,'jeonju','seoul','2022-12-12 12:15:00','2022-12-12 15:15:00'),(19862,1988,38,'seoul','p',28,0,'03:00:00',15600,NULL,'jeonju','seoul','2022-12-12 12:45:00','2022-12-12 15:45:00'),(19863,1191,37,'seoul','h',36,0,'03:00:00',15600,NULL,'jeonju','seoul','2022-12-12 13:15:00','2022-12-12 16:15:00'),(19864,1182,36,'seoul','h',36,0,'03:00:00',15600,NULL,'jeonju','seoul','2022-12-12 13:45:00','2022-12-12 16:45:00'),(19865,1175,35,'seoul','n',28,0,'03:00:00',15600,NULL,'jeonju','seoul','2022-12-12 14:15:00','2022-12-12 17:15:00'),(19866,1172,34,'seoul','n',28,0,'03:00:00',15600,NULL,'jeonju','seoul','2022-12-12 14:45:00','2022-12-12 17:45:00'),(19867,1160,33,'seoul','p',28,0,'03:00:00',15600,NULL,'jeonju','seoul','2022-12-12 15:15:00','2022-12-12 18:15:00'),(19868,1157,32,'seoul','h',36,0,'03:00:00',15600,NULL,'jeonju','seoul','2022-12-12 15:45:00','2022-12-12 18:45:00'),(19869,1151,31,'seoul','n',28,0,'03:00:00',15600,NULL,'jeonju','seoul','2022-12-12 16:15:00','2022-12-12 19:15:00'),(19870,1145,30,'seoul','p',28,0,'03:00:00',15600,NULL,'jeonju','seoul','2022-12-12 16:45:00','2022-12-12 19:45:00'),(19871,1121,29,'seoul','n',28,0,'03:00:00',15600,NULL,'jeonju','seoul','2022-12-12 17:15:00','2022-12-12 20:15:00'),(19872,1110,28,'seoul','n',28,0,'03:00:00',15600,NULL,'jeonju','seoul','2022-12-12 17:45:00','2022-12-12 20:45:00'),(19873,1108,27,'seoul','p',28,0,'03:00:00',15600,NULL,'jeonju','seoul','2022-12-12 18:15:00','2022-12-12 21:15:00'),(19874,1002,26,'seoul','n',28,0,'03:00:00',15600,NULL,'jeonju','seoul','2022-12-12 18:45:00','2022-12-12 21:45:00'),(19875,1093,25,'seoul','h',36,0,'03:00:00',15600,NULL,'jeonju','seoul','2022-12-12 19:15:00','2022-12-12 22:15:00'),(19876,1083,10,'seoul','p',28,0,'03:00:00',15600,NULL,'jeonju','seoul','2022-12-12 19:45:00','2022-12-12 22:45:00'),(19877,1080,23,'seoul','n',28,0,'03:00:00',15600,NULL,'jeonju','seoul','2022-12-12 20:15:00','2022-12-12 23:15:00'),(19878,1073,22,'seoul','h',36,0,'03:00:00',15600,NULL,'jeonju','seoul','2022-12-12 20:45:00','2022-12-12 23:45:00'),(19879,1064,21,'seoul','p',28,0,'03:00:00',15600,NULL,'jeonju','seoul','2022-12-12 21:15:00','2022-12-13 00:15:00'),(19880,1043,20,'seoul','n',28,0,'03:00:00',15600,NULL,'jeonju','seoul','2022-12-12 21:45:00','2022-12-13 00:45:00'),(19881,1033,19,'seoul','n',28,0,'03:00:00',15600,NULL,'jeonju','seoul','2022-12-12 22:15:00','2022-12-13 01:15:00'),(19882,1027,18,'seoul','h',36,0,'03:00:00',15600,NULL,'jeonju','seoul','2022-12-12 22:45:00','2022-12-13 01:45:00'),(19883,1023,17,'seoul','n',28,0,'03:00:00',15600,NULL,'jeonju','seoul','2022-12-12 23:15:00','2022-12-13 02:15:00'),(19884,1016,16,'seoul','n',28,0,'03:00:00',15600,NULL,'jeonju','seoul','2022-12-12 23:45:00','2022-12-13 02:45:00'),(19885,1096,24,'seoul','n',28,0,'03:00:00',15600,NULL,'jeonju','seoul','2022-12-13 00:00:00','2022-12-13 03:00:00'),(19886,1988,38,'seoul','p',28,0,'03:00:00',15600,NULL,'jeonju','seoul','2022-12-13 00:30:00','2022-12-13 03:30:00'),(19887,1191,37,'seoul','h',36,0,'03:00:00',15600,NULL,'jeonju','seoul','2022-12-13 01:00:00','2022-12-13 04:00:00'),(19888,1182,36,'seoul','h',36,0,'03:00:00',15600,NULL,'jeonju','seoul','2022-12-13 01:30:00','2022-12-13 04:30:00'),(19889,1175,35,'seoul','n',28,0,'03:00:00',15600,NULL,'jeonju','seoul','2022-12-13 02:00:00','2022-12-13 05:00:00'),(19890,1172,34,'seoul','n',28,0,'03:00:00',15600,NULL,'jeonju','seoul','2022-12-13 02:30:00','2022-12-13 05:30:00'),(19891,1160,33,'seoul','p',28,0,'03:00:00',15600,NULL,'jeonju','seoul','2022-12-13 03:00:00','2022-12-13 06:00:00'),(19892,1157,32,'seoul','h',36,0,'03:00:00',15600,NULL,'jeonju','seoul','2022-12-13 03:30:00','2022-12-13 06:30:00'),(19893,1151,31,'seoul','n',28,0,'03:00:00',15600,NULL,'jeonju','seoul','2022-12-13 04:00:00','2022-12-13 07:00:00'),(19894,1145,30,'seoul','p',28,0,'03:00:00',15600,NULL,'jeonju','seoul','2022-12-13 04:30:00','2022-12-13 07:30:00'),(19895,1121,29,'seoul','n',28,0,'03:00:00',15600,NULL,'jeonju','seoul','2022-12-13 05:00:00','2022-12-13 08:00:00'),(19896,1110,28,'seoul','n',28,0,'03:00:00',15600,NULL,'jeonju','seoul','2022-12-13 05:30:00','2022-12-13 08:30:00'),(19897,1108,27,'seoul','p',28,0,'03:00:00',15600,NULL,'jeonju','seoul','2022-12-13 06:00:00','2022-12-13 09:00:00'),(19898,1002,26,'seoul','n',28,0,'03:00:00',15600,NULL,'jeonju','seoul','2022-12-13 06:30:00','2022-12-13 09:30:00'),(19899,1093,25,'seoul','h',36,0,'03:00:00',15600,NULL,'jeonju','seoul','2022-12-13 07:00:00','2022-12-13 10:00:00'),(19900,1083,10,'seoul','p',28,0,'03:00:00',15600,NULL,'jeonju','seoul','2022-12-13 07:30:00','2022-12-13 10:30:00'),(19901,1080,23,'seoul','n',28,0,'03:00:00',15600,NULL,'jeonju','seoul','2022-12-13 08:00:00','2022-12-13 11:00:00'),(19902,1073,22,'seoul','h',36,0,'03:00:00',15600,NULL,'jeonju','seoul','2022-12-13 08:30:00','2022-12-13 11:30:00'),(19903,1064,21,'seoul','p',28,0,'03:00:00',15600,NULL,'jeonju','seoul','2022-12-13 09:00:00','2022-12-13 12:00:00'),(19904,1043,20,'seoul','n',28,0,'03:00:00',15600,NULL,'jeonju','seoul','2022-12-13 09:30:00','2022-12-13 12:30:00'),(19905,1033,19,'seoul','n',28,0,'03:00:00',15600,NULL,'jeonju','seoul','2022-12-13 10:00:00','2022-12-13 13:00:00'),(19906,1027,18,'seoul','h',36,0,'03:00:00',15600,NULL,'jeonju','seoul','2022-12-13 10:30:00','2022-12-13 13:30:00'),(19907,1023,17,'seoul','n',28,0,'03:00:00',15600,NULL,'jeonju','seoul','2022-12-13 11:00:00','2022-12-13 14:00:00'),(19908,1016,16,'seoul','n',28,0,'03:00:00',15600,NULL,'jeonju','seoul','2022-12-13 11:30:00','2022-12-13 14:30:00'),(19909,1096,24,'seoul','n',28,0,'03:00:00',15600,NULL,'jeonju','seoul','2022-12-13 12:00:00','2022-12-13 15:00:00'),(19910,1988,38,'seoul','p',28,0,'03:00:00',15600,NULL,'jeonju','seoul','2022-12-13 12:30:00','2022-12-13 15:30:00'),(19911,1191,37,'seoul','h',36,0,'03:00:00',15600,NULL,'jeonju','seoul','2022-12-13 13:00:00','2022-12-13 16:00:00'),(19912,1182,36,'seoul','h',36,0,'03:00:00',15600,NULL,'jeonju','seoul','2022-12-13 13:30:00','2022-12-13 16:30:00'),(19913,1175,35,'seoul','n',28,0,'03:00:00',15600,NULL,'jeonju','seoul','2022-12-13 14:00:00','2022-12-13 17:00:00'),(19914,1172,34,'seoul','n',28,0,'03:00:00',15600,NULL,'jeonju','seoul','2022-12-13 14:30:00','2022-12-13 17:30:00'),(19915,1160,33,'seoul','p',28,0,'03:00:00',15600,NULL,'jeonju','seoul','2022-12-13 15:00:00','2022-12-13 18:00:00'),(19916,1157,32,'seoul','h',36,0,'03:00:00',15600,NULL,'jeonju','seoul','2022-12-13 15:30:00','2022-12-13 18:30:00'),(19917,1151,31,'seoul','n',28,0,'03:00:00',15600,NULL,'jeonju','seoul','2022-12-13 16:00:00','2022-12-13 19:00:00'),(19918,1145,30,'seoul','p',28,0,'03:00:00',15600,NULL,'jeonju','seoul','2022-12-13 16:30:00','2022-12-13 19:30:00'),(19919,1121,29,'seoul','n',28,0,'03:00:00',15600,NULL,'jeonju','seoul','2022-12-13 17:00:00','2022-12-13 20:00:00'),(19920,1110,28,'seoul','n',28,0,'03:00:00',15600,NULL,'jeonju','seoul','2022-12-13 17:30:00','2022-12-13 20:30:00'),(19921,1108,27,'seoul','p',28,0,'03:00:00',15600,NULL,'jeonju','seoul','2022-12-13 18:00:00','2022-12-13 21:00:00'),(19922,1002,26,'seoul','n',28,0,'03:00:00',15600,NULL,'jeonju','seoul','2022-12-13 18:30:00','2022-12-13 21:30:00'),(19923,1093,25,'seoul','h',36,0,'03:00:00',15600,NULL,'jeonju','seoul','2022-12-13 19:00:00','2022-12-13 22:00:00'),(19924,1083,10,'seoul','p',28,0,'03:00:00',15600,NULL,'jeonju','seoul','2022-12-13 19:30:00','2022-12-13 22:30:00'),(19925,1080,23,'seoul','n',28,0,'03:00:00',15600,NULL,'jeonju','seoul','2022-12-13 20:00:00','2022-12-13 23:00:00'),(19926,1073,22,'seoul','h',36,0,'03:00:00',15600,NULL,'jeonju','seoul','2022-12-13 20:30:00','2022-12-13 23:30:00'),(19927,1064,21,'seoul','p',28,0,'03:00:00',15600,NULL,'jeonju','seoul','2022-12-13 21:00:00','2022-12-14 00:00:00'),(19928,1043,20,'seoul','n',28,0,'03:00:00',15600,NULL,'jeonju','seoul','2022-12-13 21:30:00','2022-12-14 00:30:00'),(19929,1033,19,'seoul','n',28,0,'03:00:00',15600,NULL,'jeonju','seoul','2022-12-13 22:00:00','2022-12-14 01:00:00'),(19930,1027,18,'seoul','h',36,0,'03:00:00',15600,NULL,'jeonju','seoul','2022-12-13 22:30:00','2022-12-14 01:30:00'),(19931,1023,17,'seoul','n',28,0,'03:00:00',15600,NULL,'jeonju','seoul','2022-12-13 23:00:00','2022-12-14 02:00:00'),(19932,1016,16,'seoul','n',28,0,'03:00:00',15600,NULL,'jeonju','seoul','2022-12-13 23:30:00','2022-12-14 02:30:00'),(19933,1096,24,'seoul','n',28,0,'03:00:00',15600,NULL,'jeonju','seoul','2022-12-14 00:15:00','2022-12-14 03:15:00'),(19934,1988,38,'seoul','p',28,0,'03:00:00',15600,NULL,'jeonju','seoul','2022-12-14 00:45:00','2022-12-14 03:45:00'),(19935,1191,37,'seoul','h',36,0,'03:00:00',15600,NULL,'jeonju','seoul','2022-12-14 01:15:00','2022-12-14 04:15:00'),(19936,1182,36,'seoul','h',36,0,'03:00:00',15600,NULL,'jeonju','seoul','2022-12-14 01:45:00','2022-12-14 04:45:00'),(19937,1175,35,'seoul','n',28,0,'03:00:00',15600,NULL,'jeonju','seoul','2022-12-14 02:15:00','2022-12-14 05:15:00'),(19938,1172,34,'seoul','n',28,0,'03:00:00',15600,NULL,'jeonju','seoul','2022-12-14 02:45:00','2022-12-14 05:45:00'),(19939,1160,33,'seoul','p',28,0,'03:00:00',15600,NULL,'jeonju','seoul','2022-12-14 03:15:00','2022-12-14 06:15:00'),(19940,1157,32,'seoul','h',36,0,'03:00:00',15600,NULL,'jeonju','seoul','2022-12-14 03:45:00','2022-12-14 06:45:00'),(19941,1151,31,'seoul','n',28,0,'03:00:00',15600,NULL,'jeonju','seoul','2022-12-14 04:15:00','2022-12-14 07:15:00'),(19942,1145,30,'seoul','p',28,0,'03:00:00',15600,NULL,'jeonju','seoul','2022-12-14 04:45:00','2022-12-14 07:45:00'),(19943,1121,29,'seoul','n',28,0,'03:00:00',15600,NULL,'jeonju','seoul','2022-12-14 05:15:00','2022-12-14 08:15:00'),(19944,1110,28,'seoul','n',28,0,'03:00:00',15600,NULL,'jeonju','seoul','2022-12-14 05:45:00','2022-12-14 08:45:00'),(19945,1108,27,'seoul','p',28,0,'03:00:00',15600,NULL,'jeonju','seoul','2022-12-14 06:15:00','2022-12-14 09:15:00'),(19946,1002,26,'seoul','n',28,0,'03:00:00',15600,NULL,'jeonju','seoul','2022-12-14 06:45:00','2022-12-14 09:45:00'),(19947,1093,25,'seoul','h',36,0,'03:00:00',15600,NULL,'jeonju','seoul','2022-12-14 07:15:00','2022-12-14 10:15:00'),(19948,1083,10,'seoul','p',28,0,'03:00:00',15600,NULL,'jeonju','seoul','2022-12-14 07:45:00','2022-12-14 10:45:00'),(19949,1080,23,'seoul','n',28,0,'03:00:00',15600,NULL,'jeonju','seoul','2022-12-14 08:15:00','2022-12-14 11:15:00'),(19950,1073,22,'seoul','h',36,0,'03:00:00',15600,NULL,'jeonju','seoul','2022-12-14 08:45:00','2022-12-14 11:45:00'),(19951,1064,21,'seoul','p',28,0,'03:00:00',15600,NULL,'jeonju','seoul','2022-12-14 09:15:00','2022-12-14 12:15:00'),(19952,1043,20,'seoul','n',28,0,'03:00:00',15600,NULL,'jeonju','seoul','2022-12-14 09:45:00','2022-12-14 12:45:00'),(19953,1033,19,'seoul','n',28,0,'03:00:00',15600,NULL,'jeonju','seoul','2022-12-14 10:15:00','2022-12-14 13:15:00'),(19954,1027,18,'seoul','h',36,0,'03:00:00',15600,NULL,'jeonju','seoul','2022-12-14 10:45:00','2022-12-14 13:45:00'),(19955,1023,17,'seoul','n',28,0,'03:00:00',15600,NULL,'jeonju','seoul','2022-12-14 11:15:00','2022-12-14 14:15:00'),(19956,1016,16,'seoul','n',28,0,'03:00:00',15600,NULL,'jeonju','seoul','2022-12-14 11:45:00','2022-12-14 14:45:00'),(19957,1096,24,'seoul','n',28,0,'03:00:00',15600,NULL,'jeonju','seoul','2022-12-14 12:15:00','2022-12-14 15:15:00'),(19958,1988,38,'seoul','p',28,0,'03:00:00',15600,NULL,'jeonju','seoul','2022-12-14 12:45:00','2022-12-14 15:45:00'),(19959,1191,37,'seoul','h',36,0,'03:00:00',15600,NULL,'jeonju','seoul','2022-12-14 13:15:00','2022-12-14 16:15:00'),(19960,1182,36,'seoul','h',36,0,'03:00:00',15600,NULL,'jeonju','seoul','2022-12-14 13:45:00','2022-12-14 16:45:00'),(19961,1175,35,'seoul','n',28,0,'03:00:00',15600,NULL,'jeonju','seoul','2022-12-14 14:15:00','2022-12-14 17:15:00'),(19962,1172,34,'seoul','n',28,0,'03:00:00',15600,NULL,'jeonju','seoul','2022-12-14 14:45:00','2022-12-14 17:45:00'),(19963,1160,33,'seoul','p',28,0,'03:00:00',15600,NULL,'jeonju','seoul','2022-12-14 15:15:00','2022-12-14 18:15:00'),(19964,1157,32,'seoul','h',36,0,'03:00:00',15600,NULL,'jeonju','seoul','2022-12-14 15:45:00','2022-12-14 18:45:00'),(19965,1151,31,'seoul','n',28,0,'03:00:00',15600,NULL,'jeonju','seoul','2022-12-14 16:15:00','2022-12-14 19:15:00'),(19966,1145,30,'seoul','p',28,0,'03:00:00',15600,NULL,'jeonju','seoul','2022-12-14 16:45:00','2022-12-14 19:45:00'),(19967,1121,29,'seoul','n',28,0,'03:00:00',15600,NULL,'jeonju','seoul','2022-12-14 17:15:00','2022-12-14 20:15:00'),(19968,1110,28,'seoul','n',28,0,'03:00:00',15600,NULL,'jeonju','seoul','2022-12-14 17:45:00','2022-12-14 20:45:00'),(19969,1108,27,'seoul','p',28,0,'03:00:00',15600,NULL,'jeonju','seoul','2022-12-14 18:15:00','2022-12-14 21:15:00'),(19970,1002,26,'seoul','n',28,0,'03:00:00',15600,NULL,'jeonju','seoul','2022-12-14 18:45:00','2022-12-14 21:45:00'),(19971,1093,25,'seoul','h',36,0,'03:00:00',15600,NULL,'jeonju','seoul','2022-12-14 19:15:00','2022-12-14 22:15:00'),(19972,1083,10,'seoul','p',28,0,'03:00:00',15600,NULL,'jeonju','seoul','2022-12-14 19:45:00','2022-12-14 22:45:00'),(19973,1080,23,'seoul','n',28,0,'03:00:00',15600,NULL,'jeonju','seoul','2022-12-14 20:15:00','2022-12-14 23:15:00'),(19974,1073,22,'seoul','h',36,0,'03:00:00',15600,NULL,'jeonju','seoul','2022-12-14 20:45:00','2022-12-14 23:45:00'),(19975,1064,21,'seoul','p',28,0,'03:00:00',15600,NULL,'jeonju','seoul','2022-12-14 21:15:00','2022-12-15 00:15:00'),(19976,1043,20,'seoul','n',28,0,'03:00:00',15600,NULL,'jeonju','seoul','2022-12-14 21:45:00','2022-12-15 00:45:00'),(19977,1033,19,'seoul','n',28,0,'03:00:00',15600,NULL,'jeonju','seoul','2022-12-14 22:15:00','2022-12-15 01:15:00'),(19978,1027,18,'seoul','h',36,0,'03:00:00',15600,NULL,'jeonju','seoul','2022-12-14 22:45:00','2022-12-15 01:45:00'),(19979,1023,17,'seoul','n',28,0,'03:00:00',15600,NULL,'jeonju','seoul','2022-12-14 23:15:00','2022-12-15 02:15:00'),(19980,1016,16,'seoul','n',28,0,'03:00:00',15600,NULL,'jeonju','seoul','2022-12-14 23:45:00','2022-12-15 02:45:00'),(19981,1096,24,'seoul','n',28,0,'03:00:00',15600,NULL,'jeonju','seoul','2022-12-15 00:00:00','2022-12-15 03:00:00'),(19982,1988,38,'seoul','p',28,0,'03:00:00',15600,NULL,'jeonju','seoul','2022-12-15 00:30:00','2022-12-15 03:30:00'),(19983,1191,37,'seoul','h',36,0,'03:00:00',15600,NULL,'jeonju','seoul','2022-12-15 01:00:00','2022-12-15 04:00:00'),(19984,1182,36,'seoul','h',36,0,'03:00:00',15600,NULL,'jeonju','seoul','2022-12-15 01:30:00','2022-12-15 04:30:00'),(19985,1175,35,'seoul','n',28,0,'03:00:00',15600,NULL,'jeonju','seoul','2022-12-15 02:00:00','2022-12-15 05:00:00'),(19986,1172,34,'seoul','n',28,0,'03:00:00',15600,NULL,'jeonju','seoul','2022-12-15 02:30:00','2022-12-15 05:30:00'),(19987,1160,33,'seoul','p',28,0,'03:00:00',15600,NULL,'jeonju','seoul','2022-12-15 03:00:00','2022-12-15 06:00:00'),(19988,1157,32,'seoul','h',36,0,'03:00:00',15600,NULL,'jeonju','seoul','2022-12-15 03:30:00','2022-12-15 06:30:00'),(19989,1151,31,'seoul','n',28,0,'03:00:00',15600,NULL,'jeonju','seoul','2022-12-15 04:00:00','2022-12-15 07:00:00'),(19990,1145,30,'seoul','p',28,0,'03:00:00',15600,NULL,'jeonju','seoul','2022-12-15 04:30:00','2022-12-15 07:30:00'),(19991,1121,29,'seoul','n',28,0,'03:00:00',15600,NULL,'jeonju','seoul','2022-12-15 05:00:00','2022-12-15 08:00:00'),(19992,1110,28,'seoul','n',28,0,'03:00:00',15600,NULL,'jeonju','seoul','2022-12-15 05:30:00','2022-12-15 08:30:00'),(19993,1108,27,'seoul','p',28,0,'03:00:00',15600,NULL,'jeonju','seoul','2022-12-15 06:00:00','2022-12-15 09:00:00'),(19994,1002,26,'seoul','n',28,0,'03:00:00',15600,NULL,'jeonju','seoul','2022-12-15 06:30:00','2022-12-15 09:30:00'),(19995,1093,25,'seoul','h',36,0,'03:00:00',15600,NULL,'jeonju','seoul','2022-12-15 07:00:00','2022-12-15 10:00:00'),(19996,1083,10,'seoul','p',28,0,'03:00:00',15600,NULL,'jeonju','seoul','2022-12-15 07:30:00','2022-12-15 10:30:00'),(19997,1080,23,'seoul','n',28,0,'03:00:00',15600,NULL,'jeonju','seoul','2022-12-15 08:00:00','2022-12-15 11:00:00'),(19998,1073,22,'seoul','h',36,0,'03:00:00',15600,NULL,'jeonju','seoul','2022-12-15 08:30:00','2022-12-15 11:30:00'),(19999,1064,21,'seoul','p',28,0,'03:00:00',15600,NULL,'jeonju','seoul','2022-12-15 09:00:00','2022-12-15 12:00:00'),(20000,1043,20,'seoul','n',28,0,'03:00:00',15600,NULL,'jeonju','seoul','2022-12-15 09:30:00','2022-12-15 12:30:00'),(20001,1033,19,'seoul','n',28,0,'03:00:00',15600,NULL,'jeonju','seoul','2022-12-15 10:00:00','2022-12-15 13:00:00'),(20002,1027,18,'seoul','h',36,0,'03:00:00',15600,NULL,'jeonju','seoul','2022-12-15 10:30:00','2022-12-15 13:30:00'),(20003,1023,17,'seoul','n',28,0,'03:00:00',15600,NULL,'jeonju','seoul','2022-12-15 11:00:00','2022-12-15 14:00:00'),(20004,1016,16,'seoul','n',28,0,'03:00:00',15600,NULL,'jeonju','seoul','2022-12-15 11:30:00','2022-12-15 14:30:00'),(20005,1096,24,'seoul','n',28,0,'03:00:00',15600,NULL,'jeonju','seoul','2022-12-15 12:00:00','2022-12-15 15:00:00'),(20006,1988,38,'seoul','p',28,0,'03:00:00',15600,NULL,'jeonju','seoul','2022-12-15 12:30:00','2022-12-15 15:30:00'),(20007,1191,37,'seoul','h',36,0,'03:00:00',15600,NULL,'jeonju','seoul','2022-12-15 13:00:00','2022-12-15 16:00:00'),(20008,1182,36,'seoul','h',36,0,'03:00:00',15600,NULL,'jeonju','seoul','2022-12-15 13:30:00','2022-12-15 16:30:00'),(20009,1175,35,'seoul','n',28,0,'03:00:00',15600,NULL,'jeonju','seoul','2022-12-15 14:00:00','2022-12-15 17:00:00'),(20010,1172,34,'seoul','n',28,0,'03:00:00',15600,NULL,'jeonju','seoul','2022-12-15 14:30:00','2022-12-15 17:30:00'),(20011,1160,33,'seoul','p',28,0,'03:00:00',15600,NULL,'jeonju','seoul','2022-12-15 15:00:00','2022-12-15 18:00:00'),(20012,1157,32,'seoul','h',36,0,'03:00:00',15600,NULL,'jeonju','seoul','2022-12-15 15:30:00','2022-12-15 18:30:00'),(20013,1151,31,'seoul','n',28,0,'03:00:00',15600,NULL,'jeonju','seoul','2022-12-15 16:00:00','2022-12-15 19:00:00'),(20014,1145,30,'seoul','p',28,0,'03:00:00',15600,NULL,'jeonju','seoul','2022-12-15 16:30:00','2022-12-15 19:30:00'),(20015,1121,29,'seoul','n',28,0,'03:00:00',15600,NULL,'jeonju','seoul','2022-12-15 17:00:00','2022-12-15 20:00:00'),(20016,1110,28,'seoul','n',28,0,'03:00:00',15600,NULL,'jeonju','seoul','2022-12-15 17:30:00','2022-12-15 20:30:00'),(20017,1108,27,'seoul','p',28,0,'03:00:00',15600,NULL,'jeonju','seoul','2022-12-15 18:00:00','2022-12-15 21:00:00'),(20018,1002,26,'seoul','n',28,0,'03:00:00',15600,NULL,'jeonju','seoul','2022-12-15 18:30:00','2022-12-15 21:30:00'),(20019,1093,25,'seoul','h',36,0,'03:00:00',15600,NULL,'jeonju','seoul','2022-12-15 19:00:00','2022-12-15 22:00:00'),(20020,1083,10,'seoul','p',28,0,'03:00:00',15600,NULL,'jeonju','seoul','2022-12-15 19:30:00','2022-12-15 22:30:00'),(20021,1080,23,'seoul','n',28,0,'03:00:00',15600,NULL,'jeonju','seoul','2022-12-15 20:00:00','2022-12-15 23:00:00'),(20022,1073,22,'seoul','h',36,0,'03:00:00',15600,NULL,'jeonju','seoul','2022-12-15 20:30:00','2022-12-15 23:30:00'),(20023,1064,21,'seoul','p',28,0,'03:00:00',15600,NULL,'jeonju','seoul','2022-12-15 21:00:00','2022-12-16 00:00:00');
/*!40000 ALTER TABLE `bus_move_info` ENABLE KEYS */;
UNLOCK TABLES;

--
-- Table structure for table `bus_price`
--

DROP TABLE IF EXISTS `bus_price`;
/*!40101 SET @saved_cs_client     = @@character_set_client */;
/*!50503 SET character_set_client = utf8mb4 */;
CREATE TABLE `bus_price` (
  `leave_location` varchar(20) NOT NULL COMMENT '전주-서울 일반버스',
  `arrive_location` varchar(20) NOT NULL,
  `class` char(1) NOT NULL COMMENT 'n= 일반, p=프리미엄, h=우등',
  `price` int unsigned NOT NULL DEFAULT '0',
  PRIMARY KEY (`leave_location`,`arrive_location`,`class`)
) ENGINE=InnoDB DEFAULT CHARSET=utf8mb4 COLLATE=utf8mb4_0900_ai_ci;
/*!40101 SET character_set_client = @saved_cs_client */;

--
-- Dumping data for table `bus_price`
--

LOCK TABLES `bus_price` WRITE;
/*!40000 ALTER TABLE `bus_price` DISABLE KEYS */;
INSERT INTO `bus_price` VALUES ('서울','전주','h',15600),('서울','전주','n',15600),('서울','전주','p',15600),('인천','전주','h',15900),('인천','전주','n',15900),('인천','전주','p',15900),('전주','서울','h',15600),('전주','서울','n',15600),('전주','서울','p',15600),('전주','인천','h',15900),('전주','인천','n',15900),('전주','인천','p',15900);
/*!40000 ALTER TABLE `bus_price` ENABLE KEYS */;
UNLOCK TABLES;

--
-- Table structure for table `customers`
--

DROP TABLE IF EXISTS `customers`;
/*!40101 SET @saved_cs_client     = @@character_set_client */;
/*!50503 SET character_set_client = utf8mb4 */;
CREATE TABLE `customers` (
  `customerID` int unsigned NOT NULL AUTO_INCREMENT,
  `name` char(50) NOT NULL,
  `address` char(100) NOT NULL,
  `city` char(30) NOT NULL,
  PRIMARY KEY (`customerID`),
  CONSTRAINT `customers_ibfk_1` FOREIGN KEY (`customerID`) REFERENCES `ordersf` (`customerID`)
) ENGINE=InnoDB AUTO_INCREMENT=10 DEFAULT CHARSET=utf8mb4 COLLATE=utf8mb4_0900_ai_ci;
/*!40101 SET character_set_client = @saved_cs_client */;

--
-- Dumping data for table `customers`
--

LOCK TABLES `customers` WRITE;
/*!40000 ALTER TABLE `customers` DISABLE KEYS */;
/*!40000 ALTER TABLE `customers` ENABLE KEYS */;
UNLOCK TABLES;

--
-- Table structure for table `dev_account_book`
--

DROP TABLE IF EXISTS `dev_account_book`;
/*!40101 SET @saved_cs_client     = @@character_set_client */;
/*!50503 SET character_set_client = utf8mb4 */;
CREATE TABLE `dev_account_book` (
  `trade_id` int unsigned NOT NULL AUTO_INCREMENT COMMENT '거래번호',
  `seller_id` varchar(10) NOT NULL COMMENT '판매자ID',
  `buyer_id` varchar(10) NOT NULL COMMENT '구매자ID',
  `quantity` int unsigned NOT NULL COMMENT '거래수량',
  `money` int unsigned NOT NULL COMMENT '거래금액',
  `reg_date` datetime NOT NULL COMMENT '거래일',
  PRIMARY KEY (`trade_id`),
  KEY `seller_id` (`seller_id`),
  KEY `buyer_id` (`buyer_id`),
  KEY `quantity` (`quantity`),
  KEY `money` (`money`),
  KEY `reg_date` (`reg_date`)
) ENGINE=InnoDB AUTO_INCREMENT=100000 DEFAULT CHARSET=utf8mb4 COLLATE=utf8mb4_0900_ai_ci;
/*!40101 SET character_set_client = @saved_cs_client */;

--
-- Dumping data for table `dev_account_book`
--

LOCK TABLES `dev_account_book` WRITE;
/*!40000 ALTER TABLE `dev_account_book` DISABLE KEYS */;
/*!40000 ALTER TABLE `dev_account_book` ENABLE KEYS */;
UNLOCK TABLES;

--
-- Table structure for table `dev_user_info`
--

DROP TABLE IF EXISTS `dev_user_info`;
/*!40101 SET @saved_cs_client     = @@character_set_client */;
/*!50503 SET character_set_client = utf8mb4 */;
CREATE TABLE `dev_user_info` (
  `user_no` int unsigned NOT NULL AUTO_INCREMENT COMMENT '회원번호',
  `user_id` varchar(10) NOT NULL COMMENT '회원아이디',
  `user_passwd` varchar(50) NOT NULL COMMENT '회원비밀번호',
  `user_birth` char(6) NOT NULL COMMENT '회원생일',
  `user_gender` char(1) NOT NULL COMMENT '회원성별(1:남/2:여)',
  `user_city` char(2) NOT NULL COMMENT '회원 거주지',
  `user_reg_date` datetime NOT NULL COMMENT '가입일',
  PRIMARY KEY (`user_no`),
  KEY `idx_user_id` (`user_id`)
) ENGINE=InnoDB AUTO_INCREMENT=11 DEFAULT CHARSET=utf8mb4 COLLATE=utf8mb4_0900_ai_ci;
/*!40101 SET character_set_client = @saved_cs_client */;

--
-- Dumping data for table `dev_user_info`
--

LOCK TABLES `dev_user_info` WRITE;
/*!40000 ALTER TABLE `dev_user_info` DISABLE KEYS */;
/*!40000 ALTER TABLE `dev_user_info` ENABLE KEYS */;
UNLOCK TABLES;

--
-- Table structure for table `driver_info`
--

DROP TABLE IF EXISTS `driver_info`;
/*!40101 SET @saved_cs_client     = @@character_set_client */;
/*!50503 SET character_set_client = utf8mb4 */;
CREATE TABLE `driver_info` (
  `driver_num` int unsigned NOT NULL AUTO_INCREMENT COMMENT '기사번호',
  `driver_id` varchar(20) NOT NULL COMMENT '기사 아이디',
  `driver_pw` varchar(20) NOT NULL COMMENT '기사 패스워드',
  `driver_name` varchar(20) NOT NULL COMMENT '기사 이름',
  `driver_phone` int NOT NULL COMMENT '전화번호',
  `driver_email` varchar(50) NOT NULL COMMENT '기사 이메일',
  `driver_location` varchar(45) NOT NULL COMMENT '위치',
  `driver_check` char(1) NOT NULL COMMENT '운행여부 y=yes, n=no',
  `reg_day` datetime NOT NULL COMMENT '등록일',
  `change_day` datetime NOT NULL DEFAULT '0000-00-00 00:00:00',
  PRIMARY KEY (`driver_num`),
  UNIQUE KEY `driver_id_UNIQUE` (`driver_id`)
) ENGINE=InnoDB AUTO_INCREMENT=82 DEFAULT CHARSET=utf8mb4 COLLATE=utf8mb4_0900_ai_ci COMMENT='기사 정보';
/*!40101 SET character_set_client = @saved_cs_client */;

--
-- Dumping data for table `driver_info`
--

LOCK TABLES `driver_info` WRITE;
/*!40000 ALTER TABLE `driver_info` DISABLE KEYS */;
INSERT INTO `driver_info` VALUES (1,'dirver1','123','김민혁',3213,'driver1@driver.com','jeonju','n','2022-12-12 09:07:52','0000-00-00 00:00:00'),(2,'dirver2','123','김수민',3213,'driver1@driver.com','jeonju','n','2022-12-12 09:08:54','0000-00-00 00:00:00'),(10,'dirver3','123','김주현',3213,'driver1@driver.com','jeonju','n','2022-12-12 09:27:58','0000-00-00 00:00:00'),(11,'dirver4','123','김정혁',3213,'driver1@driver.com','jeonju','n','2022-12-12 09:27:58','0000-00-00 00:00:00'),(12,'dirver5','123','이전민',3213,'driver1@driver.com','jeonju','n','2022-12-12 09:27:58','0000-00-00 00:00:00'),(13,'dirver6','123','이주혁',3213,'driver1@driver.com','jeonju','n','2022-12-12 09:27:58','0000-00-00 00:00:00'),(14,'dirver7','123','김범',3213,'driver1@driver.com','jeonju','n','2022-12-12 09:27:58','0000-00-00 00:00:00'),(15,'dirver8','123','김범수',3213,'driver1@driver.com','jeonju','n','2022-12-12 09:27:58','0000-00-00 00:00:00'),(16,'dirver9','123','김지훈',3213,'driver1@driver.com','jeonju','n','2022-12-12 09:27:58','0000-00-00 00:00:00'),(17,'dirver10','123','박빈',3213,'driver1@driver.com','jeonju','n','2022-12-12 09:27:58','0000-00-00 00:00:00'),(18,'dirver11','123','박혁',3213,'driver1@driver.com','jeonju','n','2022-12-12 09:27:58','0000-00-00 00:00:00'),(19,'dirver12','123','김혁',3213,'driver1@driver.com','jeonju','n','2022-12-12 09:27:58','0000-00-00 00:00:00'),(20,'dirver13','123','서정민',3213,'driver1@driver.com','jeonju','n','2022-12-12 09:27:58','0000-00-00 00:00:00'),(21,'dirver14','123','김소라',3213,'driver1@driver.com','jeonju','n','2022-12-12 09:27:58','0000-00-00 00:00:00'),(22,'dirver15','123','김수정',3213,'driver1@driver.com','jeonju','n','2022-12-12 09:27:58','0000-00-00 00:00:00'),(23,'dirver16','123','조정혁',3213,'driver1@driver.com','jeonju','n','2022-12-12 09:27:58','0000-00-00 00:00:00'),(24,'dirver17','123','조주영',3213,'driver1@driver.com','jeonju','n','2022-12-12 09:27:58','0000-00-00 00:00:00'),(25,'dirver18','123','주수민',3213,'driver1@driver.com','jeonju','n','2022-12-12 09:27:58','0000-00-00 00:00:00'),(26,'dirver19','123','주수혁',3213,'driver1@driver.com','jeonju','n','2022-12-12 09:27:58','0000-00-00 00:00:00'),(27,'dirver20','123','이혁',3213,'driver1@driver.com','jeonju','n','2022-12-12 09:27:58','0000-00-00 00:00:00'),(28,'dirver21','123','오정훈',3213,'driver1@driver.com','jeonju','n','2022-12-12 09:27:58','0000-00-00 00:00:00'),(29,'dirver22','123','정훈',3213,'driver1@driver.com','jeonju','n','2022-12-12 09:27:58','0000-00-00 00:00:00'),(30,'dirver23','123','김수현',3213,'driver1@driver.com','jeonju','n','2022-12-12 09:27:58','0000-00-00 00:00:00'),(31,'dirver24','123','현정혁',3213,'driver1@driver.com','jeonju','n','2022-12-12 09:27:58','0000-00-00 00:00:00'),(32,'dirver25','123','설정수',3213,'driver1@driver.com','jeonju','n','2022-12-12 09:27:58','0000-00-00 00:00:00'),(33,'dirver26','123','설정민',3213,'driver1@driver.com','jeonju','n','2022-12-12 09:27:58','0000-00-00 00:00:00'),(34,'dirver27','123','김수민',3213,'driver1@driver.com','jeonju','n','2022-12-12 09:27:58','0000-00-00 00:00:00'),(35,'dirver28','123','김수민',3213,'driver1@driver.com','jeonju','n','2022-12-12 09:27:58','0000-00-00 00:00:00'),(36,'dirver29','123','김수민',3213,'driver1@driver.com','jeonju','n','2022-12-12 09:27:58','0000-00-00 00:00:00'),(37,'dirver30','123','김수민',3213,'driver1@driver.com','jeonju','n','2022-12-12 09:27:58','0000-00-00 00:00:00'),(38,'dirver31','123','김수민',3213,'driver1@driver.com','jeonju','n','2022-12-12 09:27:58','0000-00-00 00:00:00'),(39,'dirver32','123','김수민',3213,'driver1@driver.com','seoul','n','2022-12-12 09:27:58','0000-00-00 00:00:00'),(40,'dirver33','123','김수민',3213,'driver1@driver.com','seoul','n','2022-12-12 09:27:58','0000-00-00 00:00:00'),(41,'dirver34','123','김수민',3213,'driver1@driver.com','seoul','n','2022-12-12 09:27:58','0000-00-00 00:00:00'),(42,'dirver35','123','김수민',3213,'driver1@driver.com','seoul','n','2022-12-12 09:27:58','0000-00-00 00:00:00'),(43,'dirver36','123','김수민',3213,'driver1@driver.com','seoul','n','2022-12-12 09:27:58','0000-00-00 00:00:00'),(44,'dirver37','123','김수민',3213,'driver1@driver.com','seoul','n','2022-12-12 09:27:58','0000-00-00 00:00:00'),(45,'dirver38','123','김수민',3213,'driver1@driver.com','seoul','n','2022-12-12 09:27:58','0000-00-00 00:00:00'),(46,'dirver39','123','김수민',3213,'driver1@driver.com','seoul','n','2022-12-12 09:27:58','0000-00-00 00:00:00'),(47,'dirver40','123','김수민',3213,'driver1@driver.com','seoul','n','2022-12-12 09:27:58','0000-00-00 00:00:00'),(48,'dirver41','123','김수민',3213,'driver1@driver.com','seoul','n','2022-12-12 09:27:58','0000-00-00 00:00:00'),(49,'dirver42','123','김수민',3213,'driver1@driver.com','seoul','n','2022-12-12 09:27:58','0000-00-00 00:00:00'),(50,'dirver43','123','김수민',3213,'driver1@driver.com','seoul','n','2022-12-12 09:27:58','0000-00-00 00:00:00'),(51,'dirver44','123','김수민',3213,'driver1@driver.com','seoul','n','2022-12-12 09:27:58','0000-00-00 00:00:00'),(52,'dirver45','123','김수민',3213,'driver1@driver.com','seoul','n','2022-12-12 09:27:58','0000-00-00 00:00:00'),(53,'dirver46','123','김수민',3213,'driver1@driver.com','seoul','n','2022-12-12 09:27:58','0000-00-00 00:00:00'),(54,'dirver47','123','김수민',3213,'driver1@driver.com','seoul','n','2022-12-12 09:27:58','0000-00-00 00:00:00'),(55,'dirver48','123','김수민',3213,'driver1@driver.com','seoul','n','2022-12-12 09:27:58','0000-00-00 00:00:00'),(56,'dirver49','123','김수민',3213,'driver1@driver.com','seoul','n','2022-12-12 09:27:58','0000-00-00 00:00:00'),(57,'dirver50','123','김수민',3213,'driver1@driver.com','seoul','n','2022-12-12 09:27:58','0000-00-00 00:00:00'),(58,'dirver51','123','김수민',3213,'driver1@driver.com','seoul','n','2022-12-12 09:27:58','0000-00-00 00:00:00'),(59,'dirver52','123','김수민',3213,'driver1@driver.com','seoul','n','2022-12-12 09:27:58','0000-00-00 00:00:00'),(60,'dirver53','123','김수민',3213,'driver1@driver.com','seoul','n','2022-12-12 09:27:58','0000-00-00 00:00:00'),(61,'dirver54','123','김수민',3213,'driver1@driver.com','seoul','n','2022-12-12 09:27:58','0000-00-00 00:00:00'),(62,'dirver55','123','김수민',3213,'driver1@driver.com','seoul','n','2022-12-12 09:27:58','0000-00-00 00:00:00'),(63,'dirver56','123','김수민',3213,'driver1@driver.com','seoul','n','2022-12-12 09:27:58','0000-00-00 00:00:00'),(64,'dirver57','123','김수민',3213,'driver1@driver.com','seoul','n','2022-12-12 09:27:58','0000-00-00 00:00:00'),(65,'dirver58','123','김수민',3213,'driver1@driver.com','seoul','n','2022-12-12 09:27:58','0000-00-00 00:00:00'),(66,'dirver59','123','김수민',3213,'driver1@driver.com','seoul','n','2022-12-12 09:27:58','0000-00-00 00:00:00'),(67,'dirver60','123','김수민',3213,'driver1@driver.com','seoul','n','2022-12-12 09:27:58','0000-00-00 00:00:00'),(68,'dirver61','123','김수민',3213,'driver1@driver.com','seoul','n','2022-12-12 09:27:58','0000-00-00 00:00:00'),(69,'dirver62','123','김수민',3213,'driver1@driver.com','seoul','n','2022-12-12 09:27:58','0000-00-00 00:00:00'),(70,'dirver63','123','김수민',3213,'driver1@driver.com','seoul','n','2022-12-12 09:27:58','0000-00-00 00:00:00'),(71,'dirver64','123','김수민',3213,'driver1@driver.com','seoul','n','2022-12-12 09:27:58','0000-00-00 00:00:00'),(72,'dirver65','123','김수민',3213,'driver1@driver.com','seoul','n','2022-12-12 09:27:58','0000-00-00 00:00:00'),(73,'dirver66','123','김수민',3213,'driver1@driver.com','seoul','n','2022-12-12 09:27:59','0000-00-00 00:00:00'),(77,'dirver67','123','김수민',3213,'driver1@driver.com','seoul','n','2022-12-12 09:28:28','0000-00-00 00:00:00'),(78,'dirver68','123','김수민',3213,'driver1@driver.com','seoul','n','2022-12-12 09:28:29','0000-00-00 00:00:00'),(79,'dirver69','123','김수민',3213,'driver1@driver.com','seoul','n','2022-12-12 09:28:30','0000-00-00 00:00:00'),(80,'dirver70','123','김수민',3213,'driver1@driver.com','seoul','n','2022-12-12 09:28:30','0000-00-00 00:00:00');
/*!40000 ALTER TABLE `driver_info` ENABLE KEYS */;
UNLOCK TABLES;

--
-- Table structure for table `login_list`
--

DROP TABLE IF EXISTS `login_list`;
/*!40101 SET @saved_cs_client     = @@character_set_client */;
/*!50503 SET character_set_client = utf8mb4 */;
CREATE TABLE `login_list` (
  `seq` int unsigned NOT NULL AUTO_INCREMENT COMMENT '시퀀스',
  `user_num` int unsigned NOT NULL COMMENT '유저번호',
  `success_flag` char(1) NOT NULL COMMENT '성공 여부 t=true, f=flase',
  `login_day` datetime NOT NULL COMMENT '로그인 날짜',
  PRIMARY KEY (`seq`),
  KEY `fk_login_list_user_info1_idx` (`user_num`),
  CONSTRAINT `fk_login_list_user_info1` FOREIGN KEY (`user_num`) REFERENCES `user_info` (`user_num`)
) ENGINE=InnoDB AUTO_INCREMENT=10 DEFAULT CHARSET=utf8mb4 COLLATE=utf8mb4_0900_ai_ci COMMENT='로그인 리스트';
/*!40101 SET character_set_client = @saved_cs_client */;

--
-- Dumping data for table `login_list`
--

LOCK TABLES `login_list` WRITE;
/*!40000 ALTER TABLE `login_list` DISABLE KEYS */;
INSERT INTO `login_list` VALUES (1,1,'t','2022-12-09 15:02:54'),(2,2,'t','2022-12-09 15:31:45'),(3,1,'t','2022-12-11 15:49:42'),(4,3,'t','2022-12-11 16:21:56'),(5,1,'t','2022-12-11 16:51:41'),(6,2,'t','2022-12-11 16:51:54'),(7,3,'t','2022-12-11 16:58:26'),(8,4,'t','2022-12-11 17:01:02'),(9,1,'t','2022-12-12 10:52:33');
/*!40000 ALTER TABLE `login_list` ENABLE KEYS */;
UNLOCK TABLES;

--
-- Table structure for table `mile_charge_list`
--

DROP TABLE IF EXISTS `mile_charge_list`;
/*!40101 SET @saved_cs_client     = @@character_set_client */;
/*!50503 SET character_set_client = utf8mb4 */;
CREATE TABLE `mile_charge_list` (
  `seq` int unsigned NOT NULL AUTO_INCREMENT COMMENT '시퀀스',
  `user_num` int unsigned NOT NULL,
  `account_code` char(5) NOT NULL COMMENT '장부코드',
  `trade_code` varchar(20) NOT NULL COMMENT '거래번호',
  `charge_mile` int unsigned NOT NULL DEFAULT '0' COMMENT '충전금액',
  `charge_route` varchar(6) NOT NULL COMMENT '충전 경로 (A=계좌이체 , M=모바일 등)',
  `charge_day` datetime NOT NULL COMMENT '충전일',
  PRIMARY KEY (`seq`)
) ENGINE=InnoDB DEFAULT CHARSET=utf8mb4 COLLATE=utf8mb4_0900_ai_ci COMMENT='마일리지 충전 리스트';
/*!40101 SET character_set_client = @saved_cs_client */;

--
-- Dumping data for table `mile_charge_list`
--

LOCK TABLES `mile_charge_list` WRITE;
/*!40000 ALTER TABLE `mile_charge_list` DISABLE KEYS */;
/*!40000 ALTER TABLE `mile_charge_list` ENABLE KEYS */;
UNLOCK TABLES;

--
-- Table structure for table `mile_withdraw_list`
--

DROP TABLE IF EXISTS `mile_withdraw_list`;
/*!40101 SET @saved_cs_client     = @@character_set_client */;
/*!50503 SET character_set_client = utf8mb4 */;
CREATE TABLE `mile_withdraw_list` (
  `seq` int unsigned NOT NULL AUTO_INCREMENT COMMENT '시퀀스',
  `user_num` int unsigned NOT NULL,
  `account_code` char(5) NOT NULL COMMENT '장부코드',
  `trade_code` varchar(20) NOT NULL COMMENT '거래번호',
  `withdraw_mile` int unsigned NOT NULL COMMENT '출금 마일리지',
  `withdraw_route` varchar(20) NOT NULL COMMENT '출금 경로(계좌)',
  `withdraw_day` datetime NOT NULL COMMENT '출금일',
  PRIMARY KEY (`seq`)
) ENGINE=InnoDB DEFAULT CHARSET=utf8mb4 COLLATE=utf8mb4_0900_ai_ci COMMENT='마일리지 출금 리스트';
/*!40101 SET character_set_client = @saved_cs_client */;

--
-- Dumping data for table `mile_withdraw_list`
--

LOCK TABLES `mile_withdraw_list` WRITE;
/*!40000 ALTER TABLE `mile_withdraw_list` DISABLE KEYS */;
/*!40000 ALTER TABLE `mile_withdraw_list` ENABLE KEYS */;
UNLOCK TABLES;

--
-- Table structure for table `order_items`
--

DROP TABLE IF EXISTS `order_items`;
/*!40101 SET @saved_cs_client     = @@character_set_client */;
/*!50503 SET character_set_client = utf8mb4 */;
CREATE TABLE `order_items` (
  `orderID` int unsigned NOT NULL,
  `isbn` char(13) NOT NULL,
  `quantity` tinyint unsigned DEFAULT NULL,
  PRIMARY KEY (`orderID`,`isbn`)
) ENGINE=InnoDB DEFAULT CHARSET=utf8mb4 COLLATE=utf8mb4_0900_ai_ci;
/*!40101 SET character_set_client = @saved_cs_client */;

--
-- Dumping data for table `order_items`
--

LOCK TABLES `order_items` WRITE;
/*!40000 ALTER TABLE `order_items` DISABLE KEYS */;
/*!40000 ALTER TABLE `order_items` ENABLE KEYS */;
UNLOCK TABLES;

--
-- Table structure for table `orders`
--

DROP TABLE IF EXISTS `orders`;
/*!40101 SET @saved_cs_client     = @@character_set_client */;
/*!50503 SET character_set_client = utf8mb4 */;
CREATE TABLE `orders` (
  `orderID` int unsigned NOT NULL AUTO_INCREMENT,
  `customerID` int unsigned NOT NULL,
  `amount` float NOT NULL,
  `date` date NOT NULL,
  PRIMARY KEY (`orderID`),
  KEY `customerID` (`customerID`),
  CONSTRAINT `orders_ibfk_1` FOREIGN KEY (`customerID`) REFERENCES `ordersf` (`customerID`)
) ENGINE=InnoDB AUTO_INCREMENT=5 DEFAULT CHARSET=utf8mb4 COLLATE=utf8mb4_0900_ai_ci;
/*!40101 SET character_set_client = @saved_cs_client */;

--
-- Dumping data for table `orders`
--

LOCK TABLES `orders` WRITE;
/*!40000 ALTER TABLE `orders` DISABLE KEYS */;
/*!40000 ALTER TABLE `orders` ENABLE KEYS */;
UNLOCK TABLES;

--
-- Table structure for table `ordersf`
--

DROP TABLE IF EXISTS `ordersf`;
/*!40101 SET @saved_cs_client     = @@character_set_client */;
/*!50503 SET character_set_client = utf8mb4 */;
CREATE TABLE `ordersf` (
  `customerID` int unsigned NOT NULL,
  `orderID` int unsigned NOT NULL,
  `ordernumber` int NOT NULL,
  PRIMARY KEY (`customerID`),
  KEY `orderID` (`orderID`)
) ENGINE=InnoDB DEFAULT CHARSET=utf8mb4 COLLATE=utf8mb4_0900_ai_ci;
/*!40101 SET character_set_client = @saved_cs_client */;

--
-- Dumping data for table `ordersf`
--

LOCK TABLES `ordersf` WRITE;
/*!40000 ALTER TABLE `ordersf` DISABLE KEYS */;
/*!40000 ALTER TABLE `ordersf` ENABLE KEYS */;
UNLOCK TABLES;

--
-- Table structure for table `reservation`
--

DROP TABLE IF EXISTS `reservation`;
/*!40101 SET @saved_cs_client     = @@character_set_client */;
/*!50503 SET character_set_client = utf8mb4 */;
CREATE TABLE `reservation` (
  `seq` int unsigned NOT NULL AUTO_INCREMENT COMMENT '시퀀스',
  `trade_code` varchar(20) NOT NULL COMMENT '예매번호',
  `user_num` int unsigned NOT NULL COMMENT '유저번호\n',
  `bus_move_info_seq` int unsigned NOT NULL COMMENT '운행 정보 시퀀스',
  `status` char(1) NOT NULL COMMENT '예매상태 y=성공, n=취소, e=예약, f=예약취소',
  `account_code` char(5) NOT NULL COMMENT '장부코드',
  `bus_num` int unsigned NOT NULL COMMENT '버스번호',
  `bus_class` char(1) NOT NULL COMMENT '버스등급',
  `price` int unsigned NOT NULL COMMENT '금액',
  `seat_num` int unsigned NOT NULL COMMENT '좌석 번호',
  `route` varchar(20) NOT NULL COMMENT '예매경로',
  `trade_type` varchar(20) NOT NULL COMMENT '예매 = y, 예매취소 = n, , 충전 = c, 출금 = w',
  `start_day` datetime NOT NULL COMMENT '출발일시',
  `buy_day` datetime NOT NULL COMMENT '구매일시',
  `change_day` datetime NOT NULL DEFAULT '0000-00-00 00:00:00' COMMENT '예매변경일시',
  PRIMARY KEY (`seq`),
  KEY `fk_reservation_userinfo1_idx` (`user_num`),
  KEY `fk_reservation_bus_move_info1_idx` (`bus_move_info_seq`),
  KEY `fk_reservation_bus_info1_idx` (`bus_num`),
  CONSTRAINT `fk_reservation_bus_info1` FOREIGN KEY (`bus_num`) REFERENCES `bus_info` (`bus_num`),
  CONSTRAINT `fk_reservation_bus_move_info1` FOREIGN KEY (`bus_move_info_seq`) REFERENCES `bus_move_info` (`seq`),
  CONSTRAINT `fk_reservation_userinfo1` FOREIGN KEY (`user_num`) REFERENCES `user_info` (`user_num`)
) ENGINE=InnoDB DEFAULT CHARSET=utf8mb4 COLLATE=utf8mb4_0900_ai_ci COMMENT='예매정보';
/*!40101 SET character_set_client = @saved_cs_client */;

--
-- Dumping data for table `reservation`
--

LOCK TABLES `reservation` WRITE;
/*!40000 ALTER TABLE `reservation` DISABLE KEYS */;
/*!40000 ALTER TABLE `reservation` ENABLE KEYS */;
UNLOCK TABLES;

--
-- Table structure for table `thistory`
--

DROP TABLE IF EXISTS `thistory`;
/*!40101 SET @saved_cs_client     = @@character_set_client */;
/*!50503 SET character_set_client = utf8mb4 */;
CREATE TABLE `thistory` (
  `id` int NOT NULL AUTO_INCREMENT,
  `1_id` int NOT NULL,
  `2_id` int NOT NULL,
  `amount` decimal(19,4) NOT NULL,
  `date` datetime DEFAULT NULL,
  PRIMARY KEY (`id`)
) ENGINE=InnoDB AUTO_INCREMENT=2 DEFAULT CHARSET=utf8mb4 COLLATE=utf8mb4_0900_ai_ci;
/*!40101 SET character_set_client = @saved_cs_client */;

--
-- Dumping data for table `thistory`
--

LOCK TABLES `thistory` WRITE;
/*!40000 ALTER TABLE `thistory` DISABLE KEYS */;
/*!40000 ALTER TABLE `thistory` ENABLE KEYS */;
UNLOCK TABLES;

--
-- Table structure for table `user_account`
--

DROP TABLE IF EXISTS `user_account`;
/*!40101 SET @saved_cs_client     = @@character_set_client */;
/*!50503 SET character_set_client = utf8mb4 */;
CREATE TABLE `user_account` (
  `number` varchar(8) NOT NULL,
  `user_name` varchar(20) DEFAULT NULL,
  `balance` int DEFAULT NULL,
  PRIMARY KEY (`number`)
) ENGINE=InnoDB DEFAULT CHARSET=utf8mb4 COLLATE=utf8mb4_0900_ai_ci;
/*!40101 SET character_set_client = @saved_cs_client */;

--
-- Dumping data for table `user_account`
--

LOCK TABLES `user_account` WRITE;
/*!40000 ALTER TABLE `user_account` DISABLE KEYS */;
/*!40000 ALTER TABLE `user_account` ENABLE KEYS */;
UNLOCK TABLES;

--
-- Table structure for table `user_bank`
--

DROP TABLE IF EXISTS `user_bank`;
/*!40101 SET @saved_cs_client     = @@character_set_client */;
/*!50503 SET character_set_client = utf8mb4 */;
CREATE TABLE `user_bank` (
  `number` varchar(8) NOT NULL,
  `order_no` int NOT NULL,
  `date` date DEFAULT NULL,
  `bank_gb` varchar(1) DEFAULT NULL,
  `bankmoney` int DEFAULT NULL,
  `bank_info` varchar(20) DEFAULT NULL,
  PRIMARY KEY (`number`,`order_no`)
) ENGINE=InnoDB DEFAULT CHARSET=utf8mb4 COLLATE=utf8mb4_0900_ai_ci;
/*!40101 SET character_set_client = @saved_cs_client */;

--
-- Dumping data for table `user_bank`
--

LOCK TABLES `user_bank` WRITE;
/*!40000 ALTER TABLE `user_bank` DISABLE KEYS */;
/*!40000 ALTER TABLE `user_bank` ENABLE KEYS */;
UNLOCK TABLES;

--
-- Table structure for table `user_info`
--

DROP TABLE IF EXISTS `user_info`;
/*!40101 SET @saved_cs_client     = @@character_set_client */;
/*!50503 SET character_set_client = utf8mb4 */;
CREATE TABLE `user_info` (
  `user_num` int unsigned NOT NULL AUTO_INCREMENT COMMENT '유저번호\n',
  `user_name` varchar(20) NOT NULL,
  `user_id` varchar(20) NOT NULL COMMENT '유저 아이디',
  `user_pw` varchar(20) NOT NULL COMMENT '유저 비밀번호',
  `user_phone` int NOT NULL COMMENT '전화번호',
  `user_email` varchar(50) NOT NULL COMMENT '이메일',
  `user_birth` date NOT NULL COMMENT '생일',
  `user_account` varchar(20) NOT NULL,
  `user_account_num` int NOT NULL,
  `last_login_day` datetime NOT NULL COMMENT '마지막 로그인 날짜',
  `reg_day` datetime NOT NULL COMMENT '가입 날짜',
  `status` char(1) DEFAULT 'n' COMMENT '회원 탈퇴 체크  y=탈퇴',
  PRIMARY KEY (`user_num`)
) ENGINE=InnoDB AUTO_INCREMENT=5 DEFAULT CHARSET=utf8mb4 COLLATE=utf8mb4_0900_ai_ci COMMENT='회원정보\n';
/*!40101 SET character_set_client = @saved_cs_client */;

--
-- Dumping data for table `user_info`
--

LOCK TABLES `user_info` WRITE;
/*!40000 ALTER TABLE `user_info` DISABLE KEYS */;
INSERT INTO `user_info` VALUES (1,'이현민','item1','123',231,'item1@item.com','1999-09-09','농협',4158641,'2022-12-12 10:52:33','2022-12-09 15:02:48','n'),(2,'김현우','item2','123',1312,'item2@item.com','1999-05-02','농협',4586,'2022-12-11 16:51:54','2022-12-09 15:31:37','n'),(3,'관리자','admin','123',1,'admin@admin.com','2000-09-09','농협',8456416,'2022-12-11 16:58:26','2022-12-11 16:21:46','n'),(4,'버스기사','driver','123',11,'driver@driver.com','2000-02-02','농협',12313,'2022-12-11 17:01:02','2022-12-11 17:00:56','n');
/*!40000 ALTER TABLE `user_info` ENABLE KEYS */;
UNLOCK TABLES;

--
-- Table structure for table `user_mile_change_list`
--

DROP TABLE IF EXISTS `user_mile_change_list`;
/*!40101 SET @saved_cs_client     = @@character_set_client */;
/*!50503 SET character_set_client = utf8mb4 */;
CREATE TABLE `user_mile_change_list` (
  `seq` int unsigned NOT NULL AUTO_INCREMENT COMMENT '시퀀스',
  `user_num` int unsigned NOT NULL,
  `account_code` char(5) NOT NULL COMMENT '장부코드',
  `trade_code` varchar(20) NOT NULL COMMENT '결제번호',
  `before_mile` int NOT NULL DEFAULT '0' COMMENT '이전 보유 마일리지',
  `change_mile` int NOT NULL DEFAULT '0' COMMENT '변동금액',
  `after_mile` int unsigned NOT NULL DEFAULT '0' COMMENT '현재 보유 마일리지',
  `change_text` varchar(50) DEFAULT '' COMMENT '변동이유',
  `chagne_day` datetime NOT NULL COMMENT '변동날짜',
  PRIMARY KEY (`seq`)
) ENGINE=InnoDB AUTO_INCREMENT=113 DEFAULT CHARSET=utf8mb4 COLLATE=utf8mb4_0900_ai_ci COMMENT='마일리지 변동내역';
/*!40101 SET character_set_client = @saved_cs_client */;

--
-- Dumping data for table `user_mile_change_list`
--

LOCK TABLES `user_mile_change_list` WRITE;
/*!40000 ALTER TABLE `user_mile_change_list` DISABLE KEYS */;
INSERT INTO `user_mile_change_list` VALUES (104,2,'ca01t','20221209175125ca01t2',0,4500,4500,'','2022-12-09 17:51:25'),(105,2,'ca01t','20221209175129ca01t2',4500,6300,10800,'','2022-12-09 17:51:29'),(106,2,'ca01t','20221209175132ca01t2',4500,8100,12600,'','2022-12-09 17:51:32'),(107,2,'ca03t','20221209175135ca03t2',4500,7200,11700,'','2022-12-09 17:51:35'),(108,2,'ca01t','20221209175139ca01t2',4500,8100,12600,'','2022-12-09 17:51:39'),(109,2,'wa01t','20221209185203wa01t2',4500,2213,2287,'','2022-12-09 18:52:03'),(110,2,'wa01t','20221209185326wa01t2',4500,1222,3278,'','2022-12-09 18:53:26'),(111,1,'ca02t','20221212105445ca02t1',0,900,900,'','2022-12-12 10:54:45'),(112,1,'ca02t','20221212105615ca02t1',900,4500,5400,'','2022-12-12 10:56:15');
/*!40000 ALTER TABLE `user_mile_change_list` ENABLE KEYS */;
UNLOCK TABLES;

--
-- Table structure for table `user_mileage`
--

DROP TABLE IF EXISTS `user_mileage`;
/*!40101 SET @saved_cs_client     = @@character_set_client */;
/*!50503 SET character_set_client = utf8mb4 */;
CREATE TABLE `user_mileage` (
  `user_num` int NOT NULL,
  `account_code` char(5) NOT NULL,
  `own_mile` int unsigned NOT NULL DEFAULT '0' COMMENT '보유중인 마일리지',
  `change_day` datetime NOT NULL COMMENT '마지막 변동일',
  PRIMARY KEY (`user_num`,`account_code`)
) ENGINE=InnoDB DEFAULT CHARSET=utf8mb4 COLLATE=utf8mb4_0900_ai_ci COMMENT='사용자 마일리지';
/*!40101 SET character_set_client = @saved_cs_client */;

--
-- Dumping data for table `user_mileage`
--

LOCK TABLES `user_mileage` WRITE;
/*!40000 ALTER TABLE `user_mileage` DISABLE KEYS */;
INSERT INTO `user_mileage` VALUES (1,'ca02t',5400,'2022-12-12 10:56:15'),(2,'ca01t',23565,'2022-12-09 18:53:26'),(2,'ca03t',7200,'2022-12-09 17:51:35');
/*!40000 ALTER TABLE `user_mileage` ENABLE KEYS */;
UNLOCK TABLES;
/*!40103 SET TIME_ZONE=@OLD_TIME_ZONE */;

/*!40101 SET SQL_MODE=@OLD_SQL_MODE */;
/*!40014 SET FOREIGN_KEY_CHECKS=@OLD_FOREIGN_KEY_CHECKS */;
/*!40014 SET UNIQUE_CHECKS=@OLD_UNIQUE_CHECKS */;
/*!40101 SET CHARACTER_SET_CLIENT=@OLD_CHARACTER_SET_CLIENT */;
/*!40101 SET CHARACTER_SET_RESULTS=@OLD_CHARACTER_SET_RESULTS */;
/*!40101 SET COLLATION_CONNECTION=@OLD_COLLATION_CONNECTION */;
/*!40111 SET SQL_NOTES=@OLD_SQL_NOTES */;

-- Dump completed on 2022-12-12 21:50:28
