-- MySQL dump 10.13  Distrib 8.0.30, for Linux (x86_64)
--
-- Host: localhost    Database: dev_test
-- ------------------------------------------------------
-- Server version	8.0.30

/*!40101 SET @OLD_CHARACTER_SET_CLIENT=@@CHARACTER_SET_CLIENT */;
/*!40101 SET @OLD_CHARACTER_SET_RESULTS=@@CHARACTER_SET_RESULTS */;
/*!40101 SET @OLD_COLLATION_CONNECTION=@@COLLATION_CONNECTION */;
/*!50503 SET NAMES utf8mb4 */;
/*!40103 SET @OLD_TIME_ZONE=@@TIME_ZONE */;
/*!40103 SET TIME_ZONE='+00:00' */;
/*!40014 SET @OLD_UNIQUE_CHECKS=@@UNIQUE_CHECKS, UNIQUE_CHECKS=0 */;
/*!40014 SET @OLD_FOREIGN_KEY_CHECKS=@@FOREIGN_KEY_CHECKS, FOREIGN_KEY_CHECKS=0 */;
/*!40101 SET @OLD_SQL_MODE=@@SQL_MODE, SQL_MODE='NO_AUTO_VALUE_ON_ZERO' */;
/*!40111 SET @OLD_SQL_NOTES=@@SQL_NOTES, SQL_NOTES=0 */;

--
-- Table structure for table `account_book`
--

DROP TABLE IF EXISTS `account_book`;
/*!40101 SET @saved_cs_client     = @@character_set_client */;
/*!50503 SET character_set_client = utf8mb4 */;
CREATE TABLE `account_book` (
  `trade_code` varchar(30) NOT NULL,
  `user_num` int unsigned NOT NULL COMMENT '유저번호',
  `user_id` varchar(20) NOT NULL COMMENT '유저아이디',
  `user_name` varchar(20) NOT NULL COMMENT '유저이름',
  `account_code` char(5) NOT NULL COMMENT '장부코드\n',
  `trade_type` char(1) NOT NULL COMMENT '예매 = y, 예매취소 = n, , 충전 = c, 출금 = w',
  `summary_text` varchar(100) DEFAULT NULL,
  `payment_type` char(1) NOT NULL COMMENT '결제 방법 a=계좌 m=마일리지, p=모바일',
  `before_mile` int NOT NULL DEFAULT '0' COMMENT '변동 전 마일리지',
  `change_mile` int unsigned NOT NULL DEFAULT '0' COMMENT '변동 마일리지',
  `after_mile` int unsigned NOT NULL DEFAULT '0' COMMENT '변동 후 마일리지',
  `commission` int unsigned NOT NULL DEFAULT '0' COMMENT '수수료',
  `reg_day` datetime NOT NULL COMMENT '등록일',
  PRIMARY KEY (`trade_code`)
) ENGINE=InnoDB DEFAULT CHARSET=utf8mb4 COLLATE=utf8mb4_0900_ai_ci COMMENT='매출 장부';
/*!40101 SET character_set_client = @saved_cs_client */;

--
-- Dumping data for table `account_book`
--

LOCK TABLES `account_book` WRITE;
/*!40000 ALTER TABLE `account_book` DISABLE KEYS */;
INSERT INTO `account_book` VALUES ('20221214192853ca01t1',1,'item1','이현민','ca01t','c',NULL,'a',0,45000,45000,5000,'2022-12-14 19:28:53'),('20221214192856ca01t1',1,'item1','이현민','ca01t','c',NULL,'a',45000,2700,47700,300,'2022-12-14 19:28:56'),('20221214192859ca03t1',1,'item1','이현민','ca03t','c',NULL,'a',47700,8100,55800,900,'2022-12-14 19:28:59'),('20221214192903ca02t1',1,'item1','이현민','ca02t','c',NULL,'a',55800,27000,82800,3000,'2022-12-14 19:29:03'),('20221214192907ca03t1',1,'item1','이현민','ca03t','c',NULL,'a',82800,18000,100800,2000,'2022-12-14 19:29:07'),('20221214193016rm00t10',1,'item1','이현민','rm00t','w',NULL,'m',100800,15600,85200,4680,'2022-12-14 19:30:16'),('20221214193016rm00t11',1,'item1','이현민','rm00t','w',NULL,'m',85200,15600,69600,4680,'2022-12-14 19:30:16'),('20221214193016rm00t12',1,'item1','이현민','rm00t','w',NULL,'m',69600,15600,54000,4680,'2022-12-14 19:30:16');
/*!40000 ALTER TABLE `account_book` ENABLE KEYS */;
UNLOCK TABLES;

--
-- Table structure for table `account_code_info`
--

DROP TABLE IF EXISTS `account_code_info`;
/*!40101 SET @saved_cs_client     = @@character_set_client */;
/*!50503 SET character_set_client = utf8mb4 */;
CREATE TABLE `account_code_info` (
  `type1` char(1) NOT NULL COMMENT 'step1 - c=충전, w=출금, r=예매, e=예매예약\n\n',
  `type2` char(1) NOT NULL COMMENT 'a=계좌, m=마일리지, p=핸드폰',
  `type3` char(2) NOT NULL COMMENT 'step3 00=일반, 01=농협, 02=우리은행 03=카카오뱅크, 05=이벤트',
  `type4` char(1) NOT NULL COMMENT 'a=완료 c=취소',
  `type1_comment` varchar(30) NOT NULL COMMENT 'type1 코멘트',
  `type2_comment` varchar(30) NOT NULL COMMENT 'type2 코멘트',
  `type3_comment` varchar(30) NOT NULL COMMENT 'type3 코멘트',
  `type4_comment` varchar(30) NOT NULL COMMENT 'tpye4 코멘트',
  PRIMARY KEY (`type1`,`type2`,`type3`,`type4`)
) ENGINE=InnoDB DEFAULT CHARSET=utf8mb4 COLLATE=utf8mb4_0900_ai_ci COMMENT='장부 코드';
/*!40101 SET character_set_client = @saved_cs_client */;

--
-- Dumping data for table `account_code_info`
--

LOCK TABLES `account_code_info` WRITE;
/*!40000 ALTER TABLE `account_code_info` DISABLE KEYS */;
INSERT INTO `account_code_info` VALUES ('c','a','01','t','충전','계좌','농협','완료'),('c','a','02','t','충전','계좌','우리은행','완료'),('c','a','03','t','충전','계좌','카카오뱅크','완료'),('c','m','00','t','충전','마일리지','일반','완료'),('c','m','05','t','충전','마일리지','이벤트','완료'),('c','p','00','t','충전','핸드폰','일반','완료'),('e','a','01','f','예약','계좌','농협','취소'),('e','a','01','t','예약','계좌','농협','완료'),('e','a','02','f','예약','계좌','우리은행','취소'),('e','a','02','t','예약','계좌','우리은행','완료'),('e','a','03','f','예약','계좌','카카오뱅크','취소'),('e','a','03','t','예약','계좌','카카오뱅크','완료'),('e','m','00','f','예약','마일리지','일반','취소'),('e','m','00','t','예약','마일리지','일반','완료'),('e','m','05','f','예약','마일리지','이벤트','취소'),('e','m','05','t','예약','마일리지','이벤트','완료'),('r','a','01','f','예매','계좌','농협','취소'),('r','a','01','t','예매','계좌','농협','완료'),('r','a','02','f','예매','계좌','우리은행','취소'),('r','a','02','t','예매','계좌','우리은행','완료'),('r','a','03','f','예매','계좌','카카오뱅크','취소'),('r','a','03','t','예매','계좌','카카오뱅크','완료'),('r','m','00','f','예매','마일리지','일반','취소'),('r','m','00','t','예매','마일리지','일반','완료'),('r','m','05','f','예매','마일리지','이벤트','취소'),('r','m','05','t','예매','마일리지','이벤트','완료'),('w','a','01','t','출금','계좌','농협','완료'),('w','a','02','t','출금','계좌','우리은행','완료'),('w','a','03','t','출금','계좌','카카오뱅크','완료');
/*!40000 ALTER TABLE `account_code_info` ENABLE KEYS */;
UNLOCK TABLES;

--
-- Table structure for table `accum_mile`
--

DROP TABLE IF EXISTS `accum_mile`;
/*!40101 SET @saved_cs_client     = @@character_set_client */;
/*!50503 SET character_set_client = utf8mb4 */;
CREATE TABLE `accum_mile` (
  `seq` int unsigned NOT NULL AUTO_INCREMENT,
  `user_num` int NOT NULL,
  `account_code` char(5) NOT NULL COMMENT '장부코드',
  `accum_mile` int unsigned NOT NULL DEFAULT '0' COMMENT '적립 마일리지',
  `after_mile` int unsigned NOT NULL DEFAULT '0' COMMENT '적립 후 마일리지',
  `reg_day` datetime NOT NULL COMMENT '첫 등록일',
  `change_day` datetime DEFAULT '0000-00-00 00:00:00' COMMENT '마지막 변동일',
  PRIMARY KEY (`seq`)
) ENGINE=InnoDB AUTO_INCREMENT=127 DEFAULT CHARSET=utf8mb4 COLLATE=utf8mb4_0900_ai_ci COMMENT='적립 테이블';
/*!40101 SET character_set_client = @saved_cs_client */;

--
-- Dumping data for table `accum_mile`
--

LOCK TABLES `accum_mile` WRITE;
/*!40000 ALTER TABLE `accum_mile` DISABLE KEYS */;
INSERT INTO `accum_mile` VALUES (122,1,'ca01t',45000,0,'2022-12-14 19:28:53','2022-12-14 19:30:16'),(123,1,'ca01t',2700,900,'2022-12-14 19:28:56','2022-12-14 19:30:16'),(124,1,'ca03t',8100,8100,'2022-12-14 19:28:59','0000-00-00 00:00:00'),(125,1,'ca02t',27000,27000,'2022-12-14 19:29:03','0000-00-00 00:00:00'),(126,1,'ca03t',18000,18000,'2022-12-14 19:29:07','0000-00-00 00:00:00');
/*!40000 ALTER TABLE `accum_mile` ENABLE KEYS */;
UNLOCK TABLES;

--
-- Table structure for table `accum_mile_log`
--

DROP TABLE IF EXISTS `accum_mile_log`;
/*!40101 SET @saved_cs_client     = @@character_set_client */;
/*!50503 SET character_set_client = utf8mb4 */;
CREATE TABLE `accum_mile_log` (
  `seq` int unsigned NOT NULL AUTO_INCREMENT COMMENT '시퀀스',
  `accum_mile_seq` int unsigned NOT NULL,
  `user_num` int NOT NULL,
  `account_code` char(5) NOT NULL COMMENT '장부코드\n',
  `trade_code` varchar(30) DEFAULT NULL,
  `accum_mile` int unsigned NOT NULL COMMENT '적립 마일리지',
  `trade_type` char(1) DEFAULT NULL COMMENT 'c=충전, e=예약, r=예매, w=출금',
  `reg_day` datetime NOT NULL COMMENT '마일리지 적립일',
  PRIMARY KEY (`seq`)
) ENGINE=InnoDB AUTO_INCREMENT=949 DEFAULT CHARSET=utf8mb4 COLLATE=utf8mb4_0900_ai_ci COMMENT='적립 로그';
/*!40101 SET character_set_client = @saved_cs_client */;

--
-- Dumping data for table `accum_mile_log`
--

LOCK TABLES `accum_mile_log` WRITE;
/*!40000 ALTER TABLE `accum_mile_log` DISABLE KEYS */;
INSERT INTO `accum_mile_log` VALUES (938,122,1,'ca01t','20221214192853ca01t1',45000,'c','2022-12-14 19:28:53'),(939,123,1,'ca01t','20221214192856ca01t1',2700,'c','2022-12-14 19:28:56'),(940,124,1,'ca03t','20221214192859ca03t1',8100,'c','2022-12-14 19:28:59'),(941,125,1,'ca02t','20221214192903ca02t1',27000,'c','2022-12-14 19:29:03'),(942,126,1,'ca03t','20221214192907ca03t1',18000,'c','2022-12-14 19:29:07'),(945,122,1,'rm00t','20221214193016rm00t10',15600,'w','2022-12-14 19:30:16'),(946,122,1,'rm00t','20221214193016rm00t11',15600,'w','2022-12-14 19:30:16'),(947,122,1,'rm00t','20221214193016rm00t12',13800,'w','2022-12-14 19:30:16'),(948,123,1,'rm00t','20221214193016rm00t12',1800,'w','2022-12-14 19:30:16');
/*!40000 ALTER TABLE `accum_mile_log` ENABLE KEYS */;
UNLOCK TABLES;

--
-- Table structure for table `books`
--

DROP TABLE IF EXISTS `books`;
/*!40101 SET @saved_cs_client     = @@character_set_client */;
/*!50503 SET character_set_client = utf8mb4 */;
CREATE TABLE `books` (
  `isbn` char(13) NOT NULL,
  `author` char(50) DEFAULT NULL,
  `title` char(100) DEFAULT NULL,
  `price` float DEFAULT NULL,
  PRIMARY KEY (`isbn`)
) ENGINE=InnoDB DEFAULT CHARSET=utf8mb4 COLLATE=utf8mb4_0900_ai_ci;
/*!40101 SET character_set_client = @saved_cs_client */;

--
-- Dumping data for table `books`
--

LOCK TABLES `books` WRITE;
/*!40000 ALTER TABLE `books` DISABLE KEYS */;
/*!40000 ALTER TABLE `books` ENABLE KEYS */;
UNLOCK TABLES;

--
-- Table structure for table `bus_info`
--

DROP TABLE IF EXISTS `bus_info`;
/*!40101 SET @saved_cs_client     = @@character_set_client */;
/*!50503 SET character_set_client = utf8mb4 */;
CREATE TABLE `bus_info` (
  `bus_num` int unsigned NOT NULL COMMENT '버스번호',
  `bus_class` char(1) NOT NULL COMMENT '버스등급',
  `seat_cnt` int unsigned NOT NULL COMMENT '좌석 수',
  `used_flag` char(1) NOT NULL DEFAULT 'n' COMMENT '운행 유무(y= yes, n=no)',
  `bus_location` varchar(20) NOT NULL COMMENT '버스 위치',
  `reg_day` datetime NOT NULL COMMENT '등록일',
  `change_day` datetime NOT NULL DEFAULT '0000-00-00 00:00:00' COMMENT '변동일',
  PRIMARY KEY (`bus_num`)
) ENGINE=InnoDB DEFAULT CHARSET=utf8mb4 COLLATE=utf8mb4_0900_ai_ci COMMENT='버스정보';
/*!40101 SET character_set_client = @saved_cs_client */;

--
-- Dumping data for table `bus_info`
--

LOCK TABLES `bus_info` WRITE;
/*!40000 ALTER TABLE `bus_info` DISABLE KEYS */;
INSERT INTO `bus_info` VALUES (1001,'p',28,'n','seoul','2022-12-13 10:24:28','0000-00-00 00:00:00'),(1003,'p',28,'n','jeonju','2022-12-13 10:24:20','0000-00-00 00:00:00'),(1004,'p',28,'n','incheon','2022-12-13 10:24:23','0000-00-00 00:00:00'),(1018,'p',28,'n','seoul','2022-12-13 10:24:29','0000-00-00 00:00:00'),(1022,'n',28,'n','incheon','2022-12-13 10:24:20','0000-00-00 00:00:00'),(1027,'n',28,'n','incheon','2022-12-13 10:24:23','0000-00-00 00:00:00'),(1029,'p',28,'n','incheon','2022-12-13 10:24:26','0000-00-00 00:00:00'),(1031,'n',28,'n','jeonju','2022-12-13 10:24:26','0000-00-00 00:00:00'),(1032,'h',36,'n','jeonju','2022-12-13 10:24:22','0000-00-00 00:00:00'),(1035,'h',36,'n','seoul','2022-12-13 10:24:22','0000-00-00 00:00:00'),(1038,'p',28,'n','seoul','2022-12-13 10:24:52','0000-00-00 00:00:00'),(1041,'n',28,'n','jeonju','2022-12-13 10:24:22','0000-00-00 00:00:00'),(1042,'n',28,'n','incheon','2022-12-13 10:24:22','0000-00-00 00:00:00'),(1044,'n',28,'n','seoul','2022-12-13 10:24:31','0000-00-00 00:00:00'),(1046,'p',28,'n','seoul','2022-12-13 10:26:02','0000-00-00 00:00:00'),(1049,'n',28,'n','jeonju','2022-12-13 10:24:23','0000-00-00 00:00:00'),(1050,'p',28,'n','seoul','2022-12-13 10:24:22','0000-00-00 00:00:00'),(1054,'p',28,'n','seoul','2022-12-13 10:24:27','0000-00-00 00:00:00'),(1059,'n',28,'n','seoul','2022-12-13 10:24:22','0000-00-00 00:00:00'),(1064,'p',28,'n','jeonju','2022-12-13 10:24:47','0000-00-00 00:00:00'),(1069,'p',28,'n','jeonju','2022-12-13 10:24:23','0000-00-00 00:00:00'),(1071,'n',28,'n','jeonju','2022-12-13 10:24:16','0000-00-00 00:00:00'),(1072,'n',28,'n','incheon','2022-12-13 10:24:18','0000-00-00 00:00:00'),(1074,'n',28,'n','seoul','2022-12-13 10:24:25','0000-00-00 00:00:00'),(1075,'p',28,'n','jeonju','2022-12-13 10:24:19','0000-00-00 00:00:00'),(1077,'h',36,'n','incheon','2022-12-13 10:24:17','0000-00-00 00:00:00'),(1078,'h',36,'n','incheon','2022-12-13 10:24:22','0000-00-00 00:00:00'),(1080,'h',36,'n','incheon','2022-12-13 10:24:18','0000-00-00 00:00:00'),(1082,'p',28,'n','jeonju','2022-12-13 10:24:53','0000-00-00 00:00:00'),(1085,'p',28,'n','seoul','2022-12-13 10:24:52','0000-00-00 00:00:00'),(1087,'h',36,'n','seoul','2022-12-13 10:24:28','0000-00-00 00:00:00'),(1088,'n',28,'n','incheon','2022-12-13 10:24:28','0000-00-00 00:00:00'),(1090,'p',28,'n','jeonju','2022-12-13 10:24:32','0000-00-00 00:00:00'),(1093,'p',28,'n','jeonju','2022-12-13 10:24:29','0000-00-00 00:00:00'),(1099,'h',36,'n','jeonju','2022-12-13 10:24:17','0000-00-00 00:00:00'),(1103,'p',28,'n','jeonju','2022-12-13 10:24:33','0000-00-00 00:00:00'),(1107,'h',36,'n','seoul','2022-12-13 10:24:16','0000-00-00 00:00:00'),(1108,'n',28,'n','seoul','2022-12-13 10:24:35','0000-00-00 00:00:00'),(1112,'p',28,'n','incheon','2022-12-13 10:24:48','0000-00-00 00:00:00'),(1116,'p',28,'n','jeonju','2022-12-13 10:24:25','0000-00-00 00:00:00'),(1118,'p',28,'n','incheon','2022-12-13 10:24:20','0000-00-00 00:00:00'),(1119,'p',28,'n','incheon','2022-12-13 10:24:17','0000-00-00 00:00:00'),(1123,'p',28,'n','incheon','2022-12-13 10:24:47','0000-00-00 00:00:00'),(1126,'p',28,'n','incheon','2022-12-13 10:24:22','0000-00-00 00:00:00'),(1127,'p',28,'n','seoul','2022-12-13 10:24:53','0000-00-00 00:00:00'),(1131,'p',28,'n','seoul','2022-12-13 10:24:23','0000-00-00 00:00:00'),(1133,'p',28,'n','jeonju','2022-12-13 10:24:48','0000-00-00 00:00:00'),(1135,'h',36,'n','incheon','2022-12-13 10:24:17','0000-00-00 00:00:00'),(1136,'p',28,'n','seoul','2022-12-13 10:24:19','0000-00-00 00:00:00'),(1138,'p',28,'n','incheon','2022-12-13 10:24:27','0000-00-00 00:00:00'),(1144,'p',28,'n','jeonju','2022-12-13 10:24:33','0000-00-00 00:00:00'),(1152,'p',28,'n','jeonju','2022-12-13 10:24:25','0000-00-00 00:00:00'),(1161,'p',28,'n','seoul','2022-12-13 10:24:31','0000-00-00 00:00:00'),(1167,'n',28,'n','jeonju','2022-12-13 10:24:31','0000-00-00 00:00:00'),(1168,'p',28,'n','seoul','2022-12-13 10:24:24','0000-00-00 00:00:00'),(1169,'n',28,'n','seoul','2022-12-13 10:24:20','0000-00-00 00:00:00'),(1189,'p',28,'n','jeonju','2022-12-13 10:24:52','0000-00-00 00:00:00'),(1197,'p',28,'n','seoul','2022-12-13 10:24:22','0000-00-00 00:00:00'),(1198,'p',28,'n','jeonju','2022-12-13 10:24:31','0000-00-00 00:00:00'),(1200,'h',36,'n','seoul','2022-12-13 10:24:27','0000-00-00 00:00:00'),(1201,'n',28,'n','seoul','2022-12-13 10:24:17','0000-00-00 00:00:00'),(1206,'p',28,'n','jeonju','2022-12-13 10:24:17','0000-00-00 00:00:00'),(1211,'p',28,'n','incheon','2022-12-13 10:24:34','0000-00-00 00:00:00'),(1218,'n',28,'n','jeonju','2022-12-13 10:24:28','0000-00-00 00:00:00'),(1221,'h',36,'n','jeonju','2022-12-13 10:24:24','0000-00-00 00:00:00'),(1224,'h',36,'n','incheon','2022-12-13 10:24:27','0000-00-00 00:00:00'),(1227,'p',28,'n','jeonju','2022-12-13 10:24:35','0000-00-00 00:00:00'),(1235,'n',28,'n','seoul','2022-12-13 10:24:23','0000-00-00 00:00:00'),(1242,'p',28,'n','seoul','2022-12-13 10:24:26','0000-00-00 00:00:00'),(1244,'p',28,'n','incheon','2022-12-13 10:24:28','0000-00-00 00:00:00'),(1246,'p',28,'n','incheon','2022-12-13 10:24:28','0000-00-00 00:00:00'),(1247,'p',28,'n','jeonju','2022-12-13 10:24:48','0000-00-00 00:00:00'),(1250,'p',28,'n','jeonju','2022-12-13 10:24:51','0000-00-00 00:00:00'),(1252,'p',28,'n','jeonju','2022-12-13 10:24:27','0000-00-00 00:00:00'),(1257,'n',28,'n','seoul','2022-12-13 10:24:28','0000-00-00 00:00:00'),(1258,'h',36,'n','jeonju','2022-12-13 10:24:27','0000-00-00 00:00:00'),(1263,'p',28,'n','seoul','2022-12-13 10:24:46','0000-00-00 00:00:00'),(1264,'p',28,'n','seoul','2022-12-13 10:24:35','0000-00-00 00:00:00'),(1275,'p',28,'n','jeonju','2022-12-13 10:24:21','0000-00-00 00:00:00'),(1276,'p',28,'n','incheon','2022-12-13 10:24:31','0000-00-00 00:00:00'),(1282,'n',28,'n','incheon','2022-12-13 10:24:20','0000-00-00 00:00:00'),(1286,'p',28,'n','jeonju','2022-12-13 10:24:22','0000-00-00 00:00:00'),(1288,'n',28,'n','jeonju','2022-12-13 10:24:21','0000-00-00 00:00:00'),(1289,'p',28,'n','incheon','2022-12-13 10:24:50','0000-00-00 00:00:00'),(1290,'p',28,'n','incheon','2022-12-13 10:24:32','0000-00-00 00:00:00'),(1292,'p',28,'n','jeonju','2022-12-13 10:24:31','0000-00-00 00:00:00'),(1293,'p',28,'n','incheon','2022-12-13 10:24:52','0000-00-00 00:00:00'),(1294,'n',28,'n','seoul','2022-12-13 10:24:20','0000-00-00 00:00:00'),(1299,'p',28,'n','jeonju','2022-12-13 10:24:25','0000-00-00 00:00:00'),(1302,'p',28,'n','seoul','2022-12-13 10:24:48','0000-00-00 00:00:00'),(1303,'h',36,'n','jeonju','2022-12-13 10:24:35','0000-00-00 00:00:00'),(1314,'p',28,'n','incheon','2022-12-13 10:24:26','0000-00-00 00:00:00'),(1321,'n',28,'n','jeonju','2022-12-13 10:24:51','0000-00-00 00:00:00'),(1323,'p',28,'n','jeonju','2022-12-13 10:24:16','0000-00-00 00:00:00'),(1325,'n',28,'n','incheon','2022-12-13 10:24:35','0000-00-00 00:00:00'),(1327,'p',28,'n','jeonju','2022-12-13 10:24:50','0000-00-00 00:00:00'),(1328,'p',28,'n','seoul','2022-12-13 10:24:46','0000-00-00 00:00:00'),(1330,'p',28,'n','incheon','2022-12-13 10:24:16','0000-00-00 00:00:00'),(1334,'n',28,'n','jeonju','2022-12-13 10:24:25','0000-00-00 00:00:00'),(1340,'p',28,'n','seoul','2022-12-13 10:24:21','0000-00-00 00:00:00'),(1341,'n',28,'n','jeonju','2022-12-13 10:24:50','0000-00-00 00:00:00'),(1344,'p',28,'n','incheon','2022-12-13 10:24:22','0000-00-00 00:00:00'),(1352,'n',28,'n','jeonju','2022-12-13 10:24:52','0000-00-00 00:00:00'),(1353,'n',28,'n','jeonju','2022-12-13 10:24:17','0000-00-00 00:00:00'),(1358,'n',28,'n','seoul','2022-12-13 10:24:28','0000-00-00 00:00:00'),(1362,'h',36,'n','incheon','2022-12-13 10:24:17','0000-00-00 00:00:00'),(1363,'n',28,'n','seoul','2022-12-13 10:24:24','0000-00-00 00:00:00'),(1364,'n',28,'n','incheon','2022-12-13 10:24:27','0000-00-00 00:00:00'),(1366,'n',28,'n','seoul','2022-12-13 10:24:16','0000-00-00 00:00:00'),(1369,'n',28,'n','incheon','2022-12-13 10:24:25','0000-00-00 00:00:00'),(1371,'n',28,'n','seoul','2022-12-13 10:24:48','0000-00-00 00:00:00'),(1372,'p',28,'n','seoul','2022-12-13 10:24:26','0000-00-00 00:00:00'),(1380,'p',28,'n','jeonju','2022-12-13 10:24:32','0000-00-00 00:00:00'),(1382,'h',36,'n','incheon','2022-12-13 10:24:20','0000-00-00 00:00:00'),(1393,'p',28,'n','seoul','2022-12-13 10:24:20','0000-00-00 00:00:00'),(1399,'n',28,'n','jeonju','2022-12-13 10:24:28','0000-00-00 00:00:00'),(1400,'p',28,'n','incheon','2022-12-13 10:24:48','0000-00-00 00:00:00'),(1402,'n',28,'n','seoul','2022-12-13 10:24:17','0000-00-00 00:00:00'),(1403,'p',28,'n','jeonju','2022-12-13 10:24:24','0000-00-00 00:00:00'),(1405,'n',28,'n','jeonju','2022-12-13 10:24:35','0000-00-00 00:00:00'),(1413,'n',28,'n','jeonju','2022-12-13 10:24:27','0000-00-00 00:00:00'),(1414,'n',28,'n','seoul','2022-12-13 10:24:18','0000-00-00 00:00:00'),(1418,'n',28,'n','jeonju','2022-12-13 10:24:22','0000-00-00 00:00:00'),(1423,'h',36,'n','incheon','2022-12-13 10:24:28','0000-00-00 00:00:00'),(1428,'p',28,'n','seoul','2022-12-13 10:24:48','0000-00-00 00:00:00'),(1430,'h',36,'n','jeonju','2022-12-13 10:24:23','0000-00-00 00:00:00'),(1433,'p',28,'n','incheon','2022-12-13 10:24:18','0000-00-00 00:00:00'),(1434,'p',28,'n','seoul','2022-12-13 10:24:22','0000-00-00 00:00:00'),(1442,'p',28,'n','jeonju','2022-12-13 10:24:19','0000-00-00 00:00:00'),(1448,'n',28,'n','jeonju','2022-12-13 10:24:21','0000-00-00 00:00:00'),(1449,'p',28,'n','incheon','2022-12-13 10:24:23','0000-00-00 00:00:00'),(1451,'n',28,'n','incheon','2022-12-13 10:24:21','0000-00-00 00:00:00'),(1455,'p',28,'n','incheon','2022-12-13 10:24:46','0000-00-00 00:00:00'),(1457,'p',28,'n','incheon','2022-12-13 10:24:19','0000-00-00 00:00:00'),(1466,'n',28,'n','seoul','2022-12-13 10:24:18','0000-00-00 00:00:00'),(1470,'p',28,'n','jeonju','2022-12-13 10:24:17','0000-00-00 00:00:00'),(1472,'p',28,'n','seoul','2022-12-13 10:24:18','0000-00-00 00:00:00'),(1474,'p',28,'n','incheon','2022-12-13 10:24:18','0000-00-00 00:00:00'),(1476,'n',28,'n','incheon','2022-12-13 10:24:17','0000-00-00 00:00:00'),(1486,'p',28,'n','seoul','2022-12-13 10:24:32','0000-00-00 00:00:00'),(1512,'p',28,'n','seoul','2022-12-13 10:24:21','0000-00-00 00:00:00'),(1515,'p',28,'n','incheon','2022-12-13 10:24:27','0000-00-00 00:00:00'),(1516,'p',28,'n','incheon','2022-12-13 10:24:29','0000-00-00 00:00:00'),(1519,'h',36,'n','seoul','2022-12-13 10:24:24','0000-00-00 00:00:00'),(1520,'n',28,'n','seoul','2022-12-13 10:24:27','0000-00-00 00:00:00'),(1523,'p',28,'n','jeonju','2022-12-13 10:24:27','0000-00-00 00:00:00'),(1528,'h',36,'n','jeonju','2022-12-13 10:24:20','0000-00-00 00:00:00'),(1531,'p',28,'n','jeonju','2022-12-13 10:24:21','0000-00-00 00:00:00'),(1532,'p',28,'n','incheon','2022-12-13 10:24:25','0000-00-00 00:00:00'),(1540,'n',28,'n','incheon','2022-12-13 10:24:17','0000-00-00 00:00:00'),(1544,'h',36,'n','seoul','2022-12-13 10:24:21','0000-00-00 00:00:00'),(1545,'n',28,'n','seoul','2022-12-13 10:24:50','0000-00-00 00:00:00'),(1547,'n',28,'n','seoul','2022-12-13 10:24:21','0000-00-00 00:00:00'),(1558,'h',36,'n','incheon','2022-12-13 10:24:16','0000-00-00 00:00:00'),(1559,'n',28,'n','seoul','2022-12-13 10:24:21','0000-00-00 00:00:00'),(1565,'h',36,'n','jeonju','2022-12-13 10:24:17','0000-00-00 00:00:00'),(1566,'h',36,'n','seoul','2022-12-13 10:24:17','0000-00-00 00:00:00'),(1574,'p',28,'n','seoul','2022-12-13 10:24:31','0000-00-00 00:00:00'),(1579,'h',36,'n','jeonju','2022-12-13 10:24:21','0000-00-00 00:00:00'),(1580,'n',28,'n','seoul','2022-12-13 10:24:51','0000-00-00 00:00:00'),(1581,'p',28,'n','seoul','2022-12-13 10:24:17','0000-00-00 00:00:00'),(1582,'p',28,'n','seoul','2022-12-13 10:24:50','0000-00-00 00:00:00'),(1590,'p',28,'n','incheon','2022-12-13 10:24:47','0000-00-00 00:00:00'),(1593,'h',36,'n','seoul','2022-12-13 10:24:18','0000-00-00 00:00:00'),(1601,'h',36,'n','jeonju','2022-12-13 10:24:20','0000-00-00 00:00:00'),(1602,'h',36,'n','jeonju','2022-12-13 10:24:18','0000-00-00 00:00:00'),(1603,'p',28,'n','jeonju','2022-12-13 10:24:28','0000-00-00 00:00:00'),(1608,'n',28,'n','jeonju','2022-12-13 10:24:20','0000-00-00 00:00:00'),(1610,'p',28,'n','jeonju','2022-12-13 10:24:26','0000-00-00 00:00:00'),(1611,'p',28,'n','seoul','2022-12-13 10:24:28','0000-00-00 00:00:00'),(1617,'p',28,'n','incheon','2022-12-13 10:24:50','0000-00-00 00:00:00'),(1618,'n',28,'n','incheon','2022-12-13 10:24:16','0000-00-00 00:00:00'),(1619,'p',28,'n','incheon','2022-12-13 10:24:17','0000-00-00 00:00:00'),(1620,'p',28,'n','seoul','2022-12-13 10:24:20','0000-00-00 00:00:00'),(1621,'p',28,'n','jeonju','2022-12-13 10:24:18','0000-00-00 00:00:00'),(1622,'h',36,'n','jeonju','2022-12-13 10:24:25','0000-00-00 00:00:00'),(1623,'p',28,'n','jeonju','2022-12-13 10:24:22','0000-00-00 00:00:00'),(1630,'p',28,'n','incheon','2022-12-13 10:24:46','0000-00-00 00:00:00'),(1631,'p',28,'n','incheon','2022-12-13 10:24:24','0000-00-00 00:00:00'),(1633,'p',28,'n','jeonju','2022-12-13 10:24:52','0000-00-00 00:00:00'),(1635,'p',28,'n','incheon','2022-12-13 10:24:49','0000-00-00 00:00:00'),(1639,'p',28,'n','incheon','2022-12-13 10:24:35','0000-00-00 00:00:00'),(1642,'h',36,'n','jeonju','2022-12-13 10:24:49','0000-00-00 00:00:00'),(1651,'n',28,'n','jeonju','2022-12-13 10:24:24','0000-00-00 00:00:00'),(1653,'p',28,'n','jeonju','2022-12-13 10:24:53','0000-00-00 00:00:00'),(1655,'n',28,'n','jeonju','2022-12-13 10:24:48','0000-00-00 00:00:00'),(1657,'p',28,'n','seoul','2022-12-13 10:24:23','0000-00-00 00:00:00'),(1659,'h',36,'n','jeonju','2022-12-13 10:24:17','0000-00-00 00:00:00'),(1660,'n',28,'n','jeonju','2022-12-13 10:24:31','0000-00-00 00:00:00'),(1662,'p',28,'n','jeonju','2022-12-13 10:24:20','0000-00-00 00:00:00'),(1668,'p',28,'n','jeonju','2022-12-13 10:24:34','0000-00-00 00:00:00'),(1669,'p',28,'n','jeonju','2022-12-13 10:24:46','0000-00-00 00:00:00'),(1670,'h',36,'n','jeonju','2022-12-13 10:24:28','0000-00-00 00:00:00'),(1675,'p',28,'n','incheon','2022-12-13 10:24:51','0000-00-00 00:00:00'),(1676,'p',28,'n','seoul','2022-12-13 10:24:17','0000-00-00 00:00:00'),(1685,'p',28,'n','seoul','2022-12-13 10:24:51','0000-00-00 00:00:00'),(1703,'h',36,'n','seoul','2022-12-13 10:24:18','0000-00-00 00:00:00'),(1710,'h',36,'n','incheon','2022-12-13 10:24:18','0000-00-00 00:00:00'),(1713,'n',28,'n','incheon','2022-12-13 10:24:48','0000-00-00 00:00:00'),(1714,'n',28,'n','jeonju','2022-12-13 10:24:48','0000-00-00 00:00:00'),(1721,'h',36,'n','jeonju','2022-12-13 10:24:21','0000-00-00 00:00:00'),(1730,'n',28,'n','jeonju','2022-12-13 10:24:20','0000-00-00 00:00:00'),(1732,'p',28,'n','seoul','2022-12-13 10:24:34','0000-00-00 00:00:00'),(1735,'p',28,'n','jeonju','2022-12-13 10:24:49','0000-00-00 00:00:00'),(1741,'n',28,'n','jeonju','2022-12-13 10:24:34','0000-00-00 00:00:00'),(1743,'n',28,'n','jeonju','2022-12-13 10:24:49','0000-00-00 00:00:00'),(1751,'n',28,'n','jeonju','2022-12-13 10:24:17','0000-00-00 00:00:00'),(1753,'n',28,'n','jeonju','2022-12-13 10:24:18','0000-00-00 00:00:00'),(1754,'n',28,'n','incheon','2022-12-13 10:24:17','0000-00-00 00:00:00'),(1761,'p',28,'n','jeonju','2022-12-13 10:24:23','0000-00-00 00:00:00'),(1762,'p',28,'n','seoul','2022-12-13 10:24:34','0000-00-00 00:00:00'),(1763,'p',28,'n','jeonju','2022-12-13 10:24:17','0000-00-00 00:00:00'),(1764,'p',28,'n','jeonju','2022-12-13 10:24:50','0000-00-00 00:00:00'),(1767,'n',28,'n','jeonju','2022-12-13 10:24:18','0000-00-00 00:00:00'),(1768,'n',28,'n','incheon','2022-12-13 10:24:18','0000-00-00 00:00:00'),(1771,'h',36,'n','seoul','2022-12-13 10:24:49','0000-00-00 00:00:00'),(1773,'p',28,'n','jeonju','2022-12-13 10:24:47','0000-00-00 00:00:00'),(1776,'p',28,'n','seoul','2022-12-13 10:24:25','0000-00-00 00:00:00'),(1780,'h',36,'n','incheon','2022-12-13 10:24:21','0000-00-00 00:00:00'),(1781,'p',28,'n','jeonju','2022-12-13 10:26:02','0000-00-00 00:00:00'),(1782,'p',28,'n','seoul','2022-12-13 10:24:47','0000-00-00 00:00:00'),(1793,'h',36,'n','seoul','2022-12-13 10:24:20','0000-00-00 00:00:00'),(1805,'p',28,'n','incheon','2022-12-13 10:24:34','0000-00-00 00:00:00'),(1807,'p',28,'n','jeonju','2022-12-13 10:24:49','0000-00-00 00:00:00'),(1808,'n',28,'n','seoul','2022-12-13 10:24:49','0000-00-00 00:00:00'),(1811,'p',28,'n','seoul','2022-12-13 10:24:49','0000-00-00 00:00:00'),(1813,'n',28,'n','incheon','2022-12-13 10:24:49','0000-00-00 00:00:00'),(1816,'p',28,'n','jeonju','2022-12-13 10:24:34','0000-00-00 00:00:00'),(1822,'n',28,'n','jeonju','2022-12-13 10:24:17','0000-00-00 00:00:00'),(1829,'n',28,'n','seoul','2022-12-13 10:24:22','0000-00-00 00:00:00'),(1846,'n',28,'n','jeonju','2022-12-13 10:24:26','0000-00-00 00:00:00'),(1852,'n',28,'n','jeonju','2022-12-13 10:24:23','0000-00-00 00:00:00'),(1854,'p',28,'n','seoul','2022-12-13 10:24:50','0000-00-00 00:00:00'),(1856,'p',28,'n','seoul','2022-12-13 10:24:49','0000-00-00 00:00:00'),(1857,'p',28,'n','jeonju','2022-12-13 10:24:29','0000-00-00 00:00:00'),(1859,'p',28,'n','incheon','2022-12-13 10:24:52','0000-00-00 00:00:00'),(1860,'p',28,'n','seoul','2022-12-13 10:24:16','0000-00-00 00:00:00'),(1862,'n',28,'n','incheon','2022-12-13 10:24:24','0000-00-00 00:00:00'),(1863,'p',28,'n','seoul','2022-12-13 10:24:47','0000-00-00 00:00:00'),(1867,'p',28,'n','seoul','2022-12-13 10:24:18','0000-00-00 00:00:00'),(1868,'h',36,'n','seoul','2022-12-13 10:24:17','0000-00-00 00:00:00'),(1872,'n',28,'n','incheon','2022-12-13 10:24:21','0000-00-00 00:00:00'),(1875,'h',36,'n','seoul','2022-12-13 10:24:17','0000-00-00 00:00:00'),(1879,'p',28,'n','seoul','2022-12-13 10:24:29','0000-00-00 00:00:00'),(1880,'n',28,'n','seoul','2022-12-13 10:24:52','0000-00-00 00:00:00'),(1882,'n',28,'n','jeonju','2022-12-13 10:24:50','0000-00-00 00:00:00'),(1885,'p',28,'n','incheon','2022-12-13 10:26:02','0000-00-00 00:00:00'),(1894,'p',28,'n','incheon','2022-12-13 10:24:21','0000-00-00 00:00:00'),(1896,'h',36,'n','incheon','2022-12-13 10:24:20','0000-00-00 00:00:00'),(1907,'n',28,'n','seoul','2022-12-13 10:24:17','0000-00-00 00:00:00'),(1912,'n',28,'n','seoul','2022-12-13 10:24:23','0000-00-00 00:00:00'),(1916,'h',36,'n','seoul','2022-12-13 10:24:51','0000-00-00 00:00:00'),(1920,'p',28,'n','jeonju','2022-12-13 10:24:28','0000-00-00 00:00:00'),(1928,'h',36,'n','incheon','2022-12-13 10:24:49','0000-00-00 00:00:00'),(1930,'p',28,'n','incheon','2022-12-13 10:24:31','0000-00-00 00:00:00'),(1935,'h',36,'n','incheon','2022-12-13 10:24:24','0000-00-00 00:00:00'),(1936,'p',28,'n','jeonju','2022-12-13 10:24:21','0000-00-00 00:00:00'),(1937,'n',28,'n','incheon','2022-12-13 10:24:51','0000-00-00 00:00:00'),(1940,'h',36,'n','seoul','2022-12-13 10:24:20','0000-00-00 00:00:00'),(1941,'p',28,'n','seoul','2022-12-13 10:24:27','0000-00-00 00:00:00'),(1945,'h',36,'n','jeonju','2022-12-13 10:24:51','0000-00-00 00:00:00'),(1947,'p',28,'n','seoul','2022-12-13 10:24:17','0000-00-00 00:00:00'),(1954,'p',28,'n','jeonju','2022-12-13 10:24:46','0000-00-00 00:00:00'),(1958,'p',28,'n','incheon','2022-12-13 10:24:20','0000-00-00 00:00:00'),(1962,'h',36,'n','jeonju','2022-12-13 10:24:18','0000-00-00 00:00:00'),(1964,'p',28,'n','incheon','2022-12-13 10:24:21','0000-00-00 00:00:00'),(1970,'p',28,'n','incheon','2022-12-13 10:24:17','0000-00-00 00:00:00'),(1975,'p',28,'n','jeonju','2022-12-13 10:24:18','0000-00-00 00:00:00'),(1981,'h',36,'n','incheon','2022-12-13 10:24:21','0000-00-00 00:00:00'),(1989,'h',36,'n','seoul','2022-12-13 10:24:21','0000-00-00 00:00:00'),(1992,'h',36,'n','jeonju','2022-12-13 10:24:16','0000-00-00 00:00:00'),(1996,'p',28,'n','jeonju','2022-12-13 10:26:02','0000-00-00 00:00:00');
/*!40000 ALTER TABLE `bus_info` ENABLE KEYS */;
UNLOCK TABLES;

--
-- Table structure for table `bus_move_info`
--

DROP TABLE IF EXISTS `bus_move_info`;
/*!40101 SET @saved_cs_client     = @@character_set_client */;
/*!50503 SET character_set_client = utf8mb4 */;
CREATE TABLE `bus_move_info` (
  `seq` int unsigned NOT NULL AUTO_INCREMENT COMMENT '시퀀스',
  `bus_num` int unsigned NOT NULL COMMENT '버스번호',
  `driver_num` int unsigned NOT NULL COMMENT '기사정보',
  `bus_route` varchar(20) NOT NULL COMMENT '버스경로',
  `bus_class` varchar(20) NOT NULL COMMENT '버스등급',
  `seat_cnt` int unsigned NOT NULL COMMENT '좌석 수',
  `people_cnt` int unsigned NOT NULL DEFAULT '0' COMMENT '승객 수',
  `move_time` time NOT NULL DEFAULT '00:00:00' COMMENT '운행시간',
  `price` int unsigned NOT NULL COMMENT '금액',
  `drive_memo` text COMMENT '운행 중 이슈',
  `bus_leave_location` varchar(20) NOT NULL COMMENT '출발지',
  `bus_arrive_location` varchar(20) NOT NULL COMMENT '도착지',
  `leave_day` datetime NOT NULL COMMENT '출발시간',
  `arrive_time` datetime NOT NULL COMMENT '도착시간',
  PRIMARY KEY (`seq`),
  KEY `fk_busmoveinfo_driverinfo1_idx` (`driver_num`),
  KEY `fk_busmoveinfo_businfo1_idx` (`bus_num`),
  CONSTRAINT `fk_busmoveinfo_businfo1` FOREIGN KEY (`bus_num`) REFERENCES `bus_info` (`bus_num`),
  CONSTRAINT `fk_busmoveinfo_driverinfo1` FOREIGN KEY (`driver_num`) REFERENCES `driver_info` (`driver_num`)
) ENGINE=InnoDB AUTO_INCREMENT=39303 DEFAULT CHARSET=utf8mb4 COLLATE=utf8mb4_0900_ai_ci COMMENT='버스 운행 정보';
/*!40101 SET character_set_client = @saved_cs_client */;

--
-- Dumping data for table `bus_move_info`
--

LOCK TABLES `bus_move_info` WRITE;
/*!40000 ALTER TABLE `bus_move_info` DISABLE KEYS */;
INSERT INTO `bus_move_info` VALUES (38607,1099,20,'seoul','h',36,0,'03:00:00',20600,NULL,'jeonju','seoul','2022-12-13 00:00:00','2022-12-13 03:00:00'),(38608,1996,38,'seoul','p',28,0,'03:00:00',25600,NULL,'jeonju','seoul','2022-12-13 00:30:00','2022-12-13 03:30:00'),(38609,1221,31,'seoul','h',36,0,'03:00:00',20600,NULL,'jeonju','seoul','2022-12-13 01:00:00','2022-12-13 04:00:00'),(38610,1218,30,'seoul','n',28,0,'03:00:00',15600,NULL,'jeonju','seoul','2022-12-13 01:30:00','2022-12-13 04:30:00'),(38611,1206,29,'seoul','p',28,0,'03:00:00',25600,NULL,'jeonju','seoul','2022-12-13 02:00:00','2022-12-13 05:00:00'),(38612,1198,28,'seoul','p',28,0,'03:00:00',25600,NULL,'jeonju','seoul','2022-12-13 02:30:00','2022-12-13 05:30:00'),(38613,1189,27,'seoul','p',28,0,'03:00:00',25600,NULL,'jeonju','seoul','2022-12-13 03:00:00','2022-12-13 06:00:00'),(38614,1167,26,'seoul','n',28,0,'03:00:00',15600,NULL,'jeonju','seoul','2022-12-13 03:30:00','2022-12-13 06:30:00'),(38615,1152,25,'seoul','p',28,0,'03:00:00',25600,NULL,'jeonju','seoul','2022-12-13 04:00:00','2022-12-13 07:00:00'),(38616,1144,24,'seoul','p',28,0,'03:00:00',25600,NULL,'jeonju','seoul','2022-12-13 04:30:00','2022-12-13 07:30:00'),(38617,1133,23,'seoul','p',28,0,'03:00:00',25600,NULL,'jeonju','seoul','2022-12-13 05:00:00','2022-12-13 08:00:00'),(38618,1116,22,'seoul','p',28,0,'03:00:00',25600,NULL,'jeonju','seoul','2022-12-13 05:30:00','2022-12-13 08:30:00'),(38619,1103,21,'seoul','p',28,0,'03:00:00',25600,NULL,'jeonju','seoul','2022-12-13 06:00:00','2022-12-13 09:00:00'),(38620,1003,1,'seoul','p',28,0,'03:00:00',25600,NULL,'jeonju','seoul','2022-12-13 06:30:00','2022-12-13 09:30:00'),(38621,1093,19,'seoul','p',28,0,'03:00:00',25600,NULL,'jeonju','seoul','2022-12-13 07:00:00','2022-12-13 10:00:00'),(38622,1090,18,'seoul','p',28,0,'03:00:00',25600,NULL,'jeonju','seoul','2022-12-13 07:30:00','2022-12-13 10:30:00'),(38623,1082,17,'seoul','p',28,0,'03:00:00',25600,NULL,'jeonju','seoul','2022-12-13 08:00:00','2022-12-13 11:00:00'),(38624,1075,16,'seoul','p',28,0,'03:00:00',25600,NULL,'jeonju','seoul','2022-12-13 08:30:00','2022-12-13 11:30:00'),(38625,1071,15,'seoul','n',28,0,'03:00:00',15600,NULL,'jeonju','seoul','2022-12-13 09:00:00','2022-12-13 12:00:00'),(38626,1069,14,'seoul','p',28,0,'03:00:00',25600,NULL,'jeonju','seoul','2022-12-13 09:30:00','2022-12-13 12:30:00'),(38627,1064,13,'seoul','p',28,0,'03:00:00',25600,NULL,'jeonju','seoul','2022-12-13 10:00:00','2022-12-13 13:00:00'),(38628,1049,12,'seoul','n',28,0,'03:00:00',15600,NULL,'jeonju','seoul','2022-12-13 10:30:00','2022-12-13 13:30:00'),(38629,1041,11,'seoul','n',28,0,'03:00:00',15600,NULL,'jeonju','seoul','2022-12-13 11:00:00','2022-12-13 14:00:00'),(38630,1032,10,'seoul','h',36,0,'03:00:00',20600,NULL,'jeonju','seoul','2022-12-13 11:30:00','2022-12-13 14:30:00'),(38631,1099,20,'seoul','h',36,0,'03:00:00',15600,NULL,'jeonju','seoul','2022-12-13 12:00:00','2022-12-13 15:00:00'),(38632,1996,38,'seoul','p',28,0,'03:00:00',15600,NULL,'jeonju','seoul','2022-12-13 12:30:00','2022-12-13 15:30:00'),(38633,1221,31,'seoul','h',36,0,'03:00:00',15600,NULL,'jeonju','seoul','2022-12-13 13:00:00','2022-12-13 16:00:00'),(38634,1218,30,'seoul','n',28,0,'03:00:00',15600,NULL,'jeonju','seoul','2022-12-13 13:30:00','2022-12-13 16:30:00'),(38635,1206,29,'seoul','p',28,0,'03:00:00',15600,NULL,'jeonju','seoul','2022-12-13 14:00:00','2022-12-13 17:00:00'),(38636,1198,28,'seoul','p',28,0,'03:00:00',15600,NULL,'jeonju','seoul','2022-12-13 14:30:00','2022-12-13 17:30:00'),(38637,1189,27,'seoul','p',28,0,'03:00:00',15600,NULL,'jeonju','seoul','2022-12-13 15:00:00','2022-12-13 18:00:00'),(38638,1167,26,'seoul','n',28,0,'03:00:00',15600,NULL,'jeonju','seoul','2022-12-13 15:30:00','2022-12-13 18:30:00'),(38639,1152,25,'seoul','p',28,0,'03:00:00',15600,NULL,'jeonju','seoul','2022-12-13 16:00:00','2022-12-13 19:00:00'),(38640,1144,24,'seoul','p',28,0,'03:00:00',15600,NULL,'jeonju','seoul','2022-12-13 16:30:00','2022-12-13 19:30:00'),(38641,1133,23,'seoul','p',28,0,'03:00:00',15600,NULL,'jeonju','seoul','2022-12-13 17:00:00','2022-12-13 20:00:00'),(38642,1116,22,'seoul','p',28,0,'03:00:00',15600,NULL,'jeonju','seoul','2022-12-13 17:30:00','2022-12-13 20:30:00'),(38643,1103,21,'seoul','p',28,0,'03:00:00',15600,NULL,'jeonju','seoul','2022-12-13 18:00:00','2022-12-13 21:00:00'),(38644,1003,1,'seoul','p',28,0,'03:00:00',15600,NULL,'jeonju','seoul','2022-12-13 18:30:00','2022-12-13 21:30:00'),(38645,1093,19,'seoul','p',28,0,'03:00:00',15600,NULL,'jeonju','seoul','2022-12-13 19:00:00','2022-12-13 22:00:00'),(38646,1090,18,'seoul','p',28,0,'03:00:00',15600,NULL,'jeonju','seoul','2022-12-13 19:30:00','2022-12-13 22:30:00'),(38647,1082,17,'seoul','p',28,0,'03:00:00',15600,NULL,'jeonju','seoul','2022-12-13 20:00:00','2022-12-13 23:00:00'),(38648,1075,16,'seoul','p',28,0,'03:00:00',15600,NULL,'jeonju','seoul','2022-12-13 20:30:00','2022-12-13 23:30:00'),(38649,1071,15,'seoul','n',28,0,'03:00:00',15600,NULL,'jeonju','seoul','2022-12-13 21:00:00','2022-12-14 00:00:00'),(38650,1069,14,'seoul','p',28,0,'03:00:00',15600,NULL,'jeonju','seoul','2022-12-13 21:30:00','2022-12-14 00:30:00'),(38651,1064,13,'seoul','p',28,0,'03:00:00',15600,NULL,'jeonju','seoul','2022-12-13 22:00:00','2022-12-14 01:00:00'),(38652,1049,12,'seoul','n',28,0,'03:00:00',15600,NULL,'jeonju','seoul','2022-12-13 22:30:00','2022-12-14 01:30:00'),(38653,1041,11,'seoul','n',28,0,'03:00:00',15600,NULL,'jeonju','seoul','2022-12-13 23:00:00','2022-12-14 02:00:00'),(38654,1032,10,'seoul','h',36,0,'03:00:00',15600,NULL,'jeonju','seoul','2022-12-13 23:30:00','2022-12-14 02:30:00'),(38655,1099,20,'seoul','h',36,0,'03:00:00',15600,NULL,'jeonju','seoul','2022-12-14 00:15:00','2022-12-14 03:15:00'),(38656,1996,38,'seoul','p',28,0,'03:00:00',15600,NULL,'jeonju','seoul','2022-12-14 00:45:00','2022-12-14 03:45:00'),(38657,1221,31,'seoul','h',36,0,'03:00:00',15600,NULL,'jeonju','seoul','2022-12-14 01:15:00','2022-12-14 04:15:00'),(38658,1218,30,'seoul','n',28,0,'03:00:00',15600,NULL,'jeonju','seoul','2022-12-14 01:45:00','2022-12-14 04:45:00'),(38659,1206,29,'seoul','p',28,0,'03:00:00',15600,NULL,'jeonju','seoul','2022-12-14 02:15:00','2022-12-14 05:15:00'),(38660,1198,28,'seoul','p',28,0,'03:00:00',15600,NULL,'jeonju','seoul','2022-12-14 02:45:00','2022-12-14 05:45:00'),(38661,1189,27,'seoul','p',28,0,'03:00:00',15600,NULL,'jeonju','seoul','2022-12-14 03:15:00','2022-12-14 06:15:00'),(38662,1167,26,'seoul','n',28,0,'03:00:00',15600,NULL,'jeonju','seoul','2022-12-14 03:45:00','2022-12-14 06:45:00'),(38663,1152,25,'seoul','p',28,0,'03:00:00',15600,NULL,'jeonju','seoul','2022-12-14 04:15:00','2022-12-14 07:15:00'),(38664,1144,24,'seoul','p',28,0,'03:00:00',15600,NULL,'jeonju','seoul','2022-12-14 04:45:00','2022-12-14 07:45:00'),(38665,1133,23,'seoul','p',28,0,'03:00:00',15600,NULL,'jeonju','seoul','2022-12-14 05:15:00','2022-12-14 08:15:00'),(38666,1116,22,'seoul','p',28,0,'03:00:00',15600,NULL,'jeonju','seoul','2022-12-14 05:45:00','2022-12-14 08:45:00'),(38667,1103,21,'seoul','p',28,0,'03:00:00',15600,NULL,'jeonju','seoul','2022-12-14 06:15:00','2022-12-14 09:15:00'),(38668,1003,1,'seoul','p',28,0,'03:00:00',15600,NULL,'jeonju','seoul','2022-12-14 06:45:00','2022-12-14 09:45:00'),(38669,1093,19,'seoul','p',28,0,'03:00:00',15600,NULL,'jeonju','seoul','2022-12-14 07:15:00','2022-12-14 10:15:00'),(38670,1090,18,'seoul','p',28,0,'03:00:00',15600,NULL,'jeonju','seoul','2022-12-14 07:45:00','2022-12-14 10:45:00'),(38671,1082,17,'seoul','p',28,0,'03:00:00',15600,NULL,'jeonju','seoul','2022-12-14 08:15:00','2022-12-14 11:15:00'),(38672,1075,16,'seoul','p',28,0,'03:00:00',15600,NULL,'jeonju','seoul','2022-12-14 08:45:00','2022-12-14 11:45:00'),(38673,1071,15,'seoul','n',28,0,'03:00:00',15600,NULL,'jeonju','seoul','2022-12-14 09:15:00','2022-12-14 12:15:00'),(38674,1069,14,'seoul','p',28,0,'03:00:00',15600,NULL,'jeonju','seoul','2022-12-14 09:45:00','2022-12-14 12:45:00'),(38675,1064,13,'seoul','p',28,0,'03:00:00',15600,NULL,'jeonju','seoul','2022-12-14 10:15:00','2022-12-14 13:15:00'),(38676,1049,12,'seoul','n',28,0,'03:00:00',15600,NULL,'jeonju','seoul','2022-12-14 10:45:00','2022-12-14 13:45:00'),(38677,1041,11,'seoul','n',28,0,'03:00:00',15600,NULL,'jeonju','seoul','2022-12-14 11:15:00','2022-12-14 14:15:00'),(38678,1032,10,'seoul','h',36,0,'03:00:00',15600,NULL,'jeonju','seoul','2022-12-14 11:45:00','2022-12-14 14:45:00'),(38679,1099,20,'seoul','h',36,0,'03:00:00',15600,NULL,'jeonju','seoul','2022-12-14 12:15:00','2022-12-14 15:15:00'),(38680,1996,38,'seoul','p',28,0,'03:00:00',15600,NULL,'jeonju','seoul','2022-12-14 12:45:00','2022-12-14 15:45:00'),(38681,1221,31,'seoul','h',36,0,'03:00:00',15600,NULL,'jeonju','seoul','2022-12-14 13:15:00','2022-12-14 16:15:00'),(38682,1218,30,'seoul','n',28,0,'03:00:00',15600,NULL,'jeonju','seoul','2022-12-14 13:45:00','2022-12-14 16:45:00'),(38683,1206,29,'seoul','p',28,0,'03:00:00',15600,NULL,'jeonju','seoul','2022-12-14 14:15:00','2022-12-14 17:15:00'),(38684,1198,28,'seoul','p',28,0,'03:00:00',15600,NULL,'jeonju','seoul','2022-12-14 14:45:00','2022-12-14 17:45:00'),(38685,1189,27,'seoul','p',28,0,'03:00:00',15600,NULL,'jeonju','seoul','2022-12-14 15:15:00','2022-12-14 18:15:00'),(38686,1167,26,'seoul','n',28,0,'03:00:00',15600,NULL,'jeonju','seoul','2022-12-14 15:45:00','2022-12-14 18:45:00'),(38687,1152,25,'seoul','p',28,0,'03:00:00',15600,NULL,'jeonju','seoul','2022-12-14 16:15:00','2022-12-14 19:15:00'),(38688,1144,24,'seoul','p',28,0,'03:00:00',15600,NULL,'jeonju','seoul','2022-12-14 16:45:00','2022-12-14 19:45:00'),(38689,1133,23,'seoul','p',28,0,'03:00:00',15600,NULL,'jeonju','seoul','2022-12-14 17:15:00','2022-12-14 20:15:00'),(38690,1116,22,'seoul','p',28,0,'03:00:00',15600,NULL,'jeonju','seoul','2022-12-14 17:45:00','2022-12-14 20:45:00'),(38691,1103,21,'seoul','p',28,0,'03:00:00',15600,NULL,'jeonju','seoul','2022-12-14 18:15:00','2022-12-14 21:15:00'),(38692,1003,1,'seoul','p',28,0,'03:00:00',15600,NULL,'jeonju','seoul','2022-12-14 18:45:00','2022-12-14 21:45:00'),(38693,1093,19,'seoul','p',28,0,'03:00:00',15600,NULL,'jeonju','seoul','2022-12-14 19:15:00','2022-12-14 22:15:00'),(38694,1090,18,'seoul','p',28,0,'03:00:00',15600,NULL,'jeonju','seoul','2022-12-14 19:45:00','2022-12-14 22:45:00'),(38695,1082,17,'seoul','p',28,0,'03:00:00',15600,NULL,'jeonju','seoul','2022-12-14 20:15:00','2022-12-14 23:15:00'),(38696,1075,16,'seoul','p',28,0,'03:00:00',15600,NULL,'jeonju','seoul','2022-12-14 20:45:00','2022-12-14 23:45:00'),(38697,1071,15,'seoul','n',28,0,'03:00:00',15600,NULL,'jeonju','seoul','2022-12-14 21:15:00','2022-12-15 00:15:00'),(38698,1069,14,'seoul','p',28,0,'03:00:00',15600,NULL,'jeonju','seoul','2022-12-14 21:45:00','2022-12-15 00:45:00'),(38699,1064,13,'seoul','p',28,0,'03:00:00',15600,NULL,'jeonju','seoul','2022-12-14 22:15:00','2022-12-15 01:15:00'),(38700,1049,12,'seoul','n',28,0,'03:00:00',15600,NULL,'jeonju','seoul','2022-12-14 22:45:00','2022-12-15 01:45:00'),(38701,1041,11,'seoul','n',28,0,'03:00:00',15600,NULL,'jeonju','seoul','2022-12-14 23:15:00','2022-12-15 02:15:00'),(38702,1032,10,'seoul','h',36,0,'03:00:00',15600,NULL,'jeonju','seoul','2022-12-14 23:45:00','2022-12-15 02:45:00'),(38703,1099,20,'seoul','h',36,0,'03:00:00',15600,NULL,'jeonju','seoul','2022-12-15 00:00:00','2022-12-15 03:00:00'),(38704,1996,38,'seoul','p',28,0,'03:00:00',15600,NULL,'jeonju','seoul','2022-12-15 00:30:00','2022-12-15 03:30:00'),(38705,1221,31,'seoul','h',36,0,'03:00:00',15600,NULL,'jeonju','seoul','2022-12-15 01:00:00','2022-12-15 04:00:00'),(38706,1218,30,'seoul','n',28,0,'03:00:00',15600,NULL,'jeonju','seoul','2022-12-15 01:30:00','2022-12-15 04:30:00'),(38707,1206,29,'seoul','p',28,0,'03:00:00',15600,NULL,'jeonju','seoul','2022-12-15 02:00:00','2022-12-15 05:00:00'),(38708,1198,28,'seoul','p',28,0,'03:00:00',15600,NULL,'jeonju','seoul','2022-12-15 02:30:00','2022-12-15 05:30:00'),(38709,1189,27,'seoul','p',28,0,'03:00:00',15600,NULL,'jeonju','seoul','2022-12-15 03:00:00','2022-12-15 06:00:00'),(38710,1167,26,'seoul','n',28,0,'03:00:00',15600,NULL,'jeonju','seoul','2022-12-15 03:30:00','2022-12-15 06:30:00'),(38711,1152,25,'seoul','p',28,0,'03:00:00',15600,NULL,'jeonju','seoul','2022-12-15 04:00:00','2022-12-15 07:00:00'),(38712,1144,24,'seoul','p',28,0,'03:00:00',15600,NULL,'jeonju','seoul','2022-12-15 04:30:00','2022-12-15 07:30:00'),(38713,1133,23,'seoul','p',28,0,'03:00:00',15600,NULL,'jeonju','seoul','2022-12-15 05:00:00','2022-12-15 08:00:00'),(38714,1116,22,'seoul','p',28,0,'03:00:00',15600,NULL,'jeonju','seoul','2022-12-15 05:30:00','2022-12-15 08:30:00'),(38715,1103,21,'seoul','p',28,0,'03:00:00',15600,NULL,'jeonju','seoul','2022-12-15 06:00:00','2022-12-15 09:00:00'),(38716,1003,1,'seoul','p',28,0,'03:00:00',15600,NULL,'jeonju','seoul','2022-12-15 06:30:00','2022-12-15 09:30:00'),(38717,1093,19,'seoul','p',28,0,'03:00:00',15600,NULL,'jeonju','seoul','2022-12-15 07:00:00','2022-12-15 10:00:00'),(38718,1090,18,'seoul','p',28,0,'03:00:00',15600,NULL,'jeonju','seoul','2022-12-15 07:30:00','2022-12-15 10:30:00'),(38719,1082,17,'seoul','p',28,0,'03:00:00',15600,NULL,'jeonju','seoul','2022-12-15 08:00:00','2022-12-15 11:00:00'),(38720,1075,16,'seoul','p',28,0,'03:00:00',15600,NULL,'jeonju','seoul','2022-12-15 08:30:00','2022-12-15 11:30:00'),(38721,1071,15,'seoul','n',28,0,'03:00:00',15600,NULL,'jeonju','seoul','2022-12-15 09:00:00','2022-12-15 12:00:00'),(38722,1069,14,'seoul','p',28,0,'03:00:00',15600,NULL,'jeonju','seoul','2022-12-15 09:30:00','2022-12-15 12:30:00'),(38723,1064,13,'seoul','p',28,0,'03:00:00',15600,NULL,'jeonju','seoul','2022-12-15 10:00:00','2022-12-15 13:00:00'),(38724,1049,12,'seoul','n',28,0,'03:00:00',15600,NULL,'jeonju','seoul','2022-12-15 10:30:00','2022-12-15 13:30:00'),(38725,1041,11,'seoul','n',28,0,'03:00:00',15600,NULL,'jeonju','seoul','2022-12-15 11:00:00','2022-12-15 14:00:00'),(38726,1032,10,'seoul','h',36,0,'03:00:00',15600,NULL,'jeonju','seoul','2022-12-15 11:30:00','2022-12-15 14:30:00'),(38727,1099,20,'seoul','h',36,0,'03:00:00',15600,NULL,'jeonju','seoul','2022-12-15 12:00:00','2022-12-15 15:00:00'),(38728,1996,38,'seoul','p',28,0,'03:00:00',15600,NULL,'jeonju','seoul','2022-12-15 12:30:00','2022-12-15 15:30:00'),(38729,1221,31,'seoul','h',36,0,'03:00:00',15600,NULL,'jeonju','seoul','2022-12-15 13:00:00','2022-12-15 16:00:00'),(38730,1218,30,'seoul','n',28,0,'03:00:00',15600,NULL,'jeonju','seoul','2022-12-15 13:30:00','2022-12-15 16:30:00'),(38731,1206,29,'seoul','p',28,0,'03:00:00',15600,NULL,'jeonju','seoul','2022-12-15 14:00:00','2022-12-15 17:00:00'),(38732,1198,28,'seoul','p',28,0,'03:00:00',15600,NULL,'jeonju','seoul','2022-12-15 14:30:00','2022-12-15 17:30:00'),(38733,1189,27,'seoul','p',28,0,'03:00:00',15600,NULL,'jeonju','seoul','2022-12-15 15:00:00','2022-12-15 18:00:00'),(38734,1167,26,'seoul','n',28,0,'03:00:00',15600,NULL,'jeonju','seoul','2022-12-15 15:30:00','2022-12-15 18:30:00'),(38735,1152,25,'seoul','p',28,0,'03:00:00',15600,NULL,'jeonju','seoul','2022-12-15 16:00:00','2022-12-15 19:00:00'),(38736,1144,24,'seoul','p',28,0,'03:00:00',15600,NULL,'jeonju','seoul','2022-12-15 16:30:00','2022-12-15 19:30:00'),(38737,1133,23,'seoul','p',28,0,'03:00:00',15600,NULL,'jeonju','seoul','2022-12-15 17:00:00','2022-12-15 20:00:00'),(38738,1116,22,'seoul','p',28,0,'03:00:00',15600,NULL,'jeonju','seoul','2022-12-15 17:30:00','2022-12-15 20:30:00'),(38739,1103,21,'seoul','p',28,0,'03:00:00',15600,NULL,'jeonju','seoul','2022-12-15 18:00:00','2022-12-15 21:00:00'),(38740,1003,1,'seoul','p',28,0,'03:00:00',15600,NULL,'jeonju','seoul','2022-12-15 18:30:00','2022-12-15 21:30:00'),(38741,1093,19,'seoul','p',28,0,'03:00:00',15600,NULL,'jeonju','seoul','2022-12-15 19:00:00','2022-12-15 22:00:00'),(38742,1090,18,'seoul','p',28,0,'03:00:00',15600,NULL,'jeonju','seoul','2022-12-15 19:30:00','2022-12-15 22:30:00'),(38743,1082,17,'seoul','p',28,0,'03:00:00',15600,NULL,'jeonju','seoul','2022-12-15 20:00:00','2022-12-15 23:00:00'),(38744,1075,16,'seoul','p',28,0,'03:00:00',15600,NULL,'jeonju','seoul','2022-12-15 20:30:00','2022-12-15 23:30:00'),(38745,1071,15,'seoul','n',28,0,'03:00:00',15600,NULL,'jeonju','seoul','2022-12-15 21:00:00','2022-12-16 00:00:00'),(38746,1069,14,'seoul','p',28,0,'03:00:00',15600,NULL,'jeonju','seoul','2022-12-15 21:30:00','2022-12-16 00:30:00'),(38747,1064,13,'seoul','p',28,0,'03:00:00',15600,NULL,'jeonju','seoul','2022-12-15 22:00:00','2022-12-16 01:00:00'),(38748,1049,12,'seoul','n',28,0,'03:00:00',15600,NULL,'jeonju','seoul','2022-12-15 22:30:00','2022-12-16 01:30:00'),(38749,1041,11,'seoul','n',28,1,'03:00:00',15600,NULL,'jeonju','seoul','2022-12-15 23:00:00','2022-12-16 02:00:00'),(38750,1032,10,'seoul','h',36,0,'03:00:00',15600,NULL,'jeonju','seoul','2022-12-15 23:30:00','2022-12-16 02:30:00'),(38751,1099,20,'seoul','h',36,0,'03:00:00',15600,NULL,'jeonju','seoul','2022-12-16 00:15:00','2022-12-16 03:15:00'),(38752,1996,38,'seoul','p',28,0,'03:00:00',15600,NULL,'jeonju','seoul','2022-12-16 00:45:00','2022-12-16 03:45:00'),(38753,1221,31,'seoul','h',36,0,'03:00:00',15600,NULL,'jeonju','seoul','2022-12-16 01:15:00','2022-12-16 04:15:00'),(38754,1218,30,'seoul','n',28,0,'03:00:00',15600,NULL,'jeonju','seoul','2022-12-16 01:45:00','2022-12-16 04:45:00'),(38755,1206,29,'seoul','p',28,0,'03:00:00',15600,NULL,'jeonju','seoul','2022-12-16 02:15:00','2022-12-16 05:15:00'),(38756,1198,28,'seoul','p',28,0,'03:00:00',15600,NULL,'jeonju','seoul','2022-12-16 02:45:00','2022-12-16 05:45:00'),(38757,1189,27,'seoul','p',28,0,'03:00:00',15600,NULL,'jeonju','seoul','2022-12-16 03:15:00','2022-12-16 06:15:00'),(38758,1167,26,'seoul','n',28,0,'03:00:00',15600,NULL,'jeonju','seoul','2022-12-16 03:45:00','2022-12-16 06:45:00'),(38759,1152,25,'seoul','p',28,0,'03:00:00',15600,NULL,'jeonju','seoul','2022-12-16 04:15:00','2022-12-16 07:15:00'),(38760,1144,24,'seoul','p',28,0,'03:00:00',15600,NULL,'jeonju','seoul','2022-12-16 04:45:00','2022-12-16 07:45:00'),(38761,1133,23,'seoul','p',28,0,'03:00:00',15600,NULL,'jeonju','seoul','2022-12-16 05:15:00','2022-12-16 08:15:00'),(38762,1116,22,'seoul','p',28,0,'03:00:00',15600,NULL,'jeonju','seoul','2022-12-16 05:45:00','2022-12-16 08:45:00'),(38763,1103,21,'seoul','p',28,0,'03:00:00',15600,NULL,'jeonju','seoul','2022-12-16 06:15:00','2022-12-16 09:15:00'),(38764,1003,1,'seoul','p',28,0,'03:00:00',15600,NULL,'jeonju','seoul','2022-12-16 06:45:00','2022-12-16 09:45:00'),(38765,1093,19,'seoul','p',28,0,'03:00:00',15600,NULL,'jeonju','seoul','2022-12-16 07:15:00','2022-12-16 10:15:00'),(38766,1090,18,'seoul','p',28,0,'03:00:00',15600,NULL,'jeonju','seoul','2022-12-16 07:45:00','2022-12-16 10:45:00'),(38767,1082,17,'seoul','p',28,0,'03:00:00',15600,NULL,'jeonju','seoul','2022-12-16 08:15:00','2022-12-16 11:15:00'),(38768,1075,16,'seoul','p',28,0,'03:00:00',15600,NULL,'jeonju','seoul','2022-12-16 08:45:00','2022-12-16 11:45:00'),(38769,1071,15,'seoul','n',28,0,'03:00:00',15600,NULL,'jeonju','seoul','2022-12-16 09:15:00','2022-12-16 12:15:00'),(38770,1069,14,'seoul','p',28,0,'03:00:00',15600,NULL,'jeonju','seoul','2022-12-16 09:45:00','2022-12-16 12:45:00'),(38771,1064,13,'seoul','p',28,0,'03:00:00',15600,NULL,'jeonju','seoul','2022-12-16 10:15:00','2022-12-16 13:15:00'),(38772,1049,12,'seoul','n',28,0,'03:00:00',15600,NULL,'jeonju','seoul','2022-12-16 10:45:00','2022-12-16 13:45:00'),(38773,1041,11,'seoul','n',28,0,'03:00:00',15600,NULL,'jeonju','seoul','2022-12-16 11:15:00','2022-12-16 14:15:00'),(38774,1032,10,'seoul','h',36,0,'03:00:00',15600,NULL,'jeonju','seoul','2022-12-16 11:45:00','2022-12-16 14:45:00'),(38775,1099,20,'seoul','h',36,0,'03:00:00',15600,NULL,'jeonju','seoul','2022-12-16 12:15:00','2022-12-16 15:15:00'),(38776,1996,38,'seoul','p',28,0,'03:00:00',15600,NULL,'jeonju','seoul','2022-12-16 12:45:00','2022-12-16 15:45:00'),(38777,1221,31,'seoul','h',36,0,'03:00:00',15600,NULL,'jeonju','seoul','2022-12-16 13:15:00','2022-12-16 16:15:00'),(38778,1218,30,'seoul','n',28,0,'03:00:00',15600,NULL,'jeonju','seoul','2022-12-16 13:45:00','2022-12-16 16:45:00'),(38779,1206,29,'seoul','p',28,0,'03:00:00',15600,NULL,'jeonju','seoul','2022-12-16 14:15:00','2022-12-16 17:15:00'),(38780,1198,28,'seoul','p',28,0,'03:00:00',15600,NULL,'jeonju','seoul','2022-12-16 14:45:00','2022-12-16 17:45:00'),(38781,1107,51,'jeonju','h',36,0,'03:00:00',20600,NULL,'seoul','jeonju','2022-12-13 00:00:00','2022-12-13 03:00:00'),(38782,1989,80,'jeonju','h',36,0,'03:00:00',20600,NULL,'seoul','jeonju','2022-12-13 00:30:00','2022-12-13 03:30:00'),(38783,1235,62,'jeonju','n',28,0,'03:00:00',15600,NULL,'seoul','jeonju','2022-12-13 01:00:00','2022-12-13 04:00:00'),(38784,1201,61,'jeonju','n',28,0,'03:00:00',15600,NULL,'seoul','jeonju','2022-12-13 01:30:00','2022-12-13 04:30:00'),(38785,1200,60,'jeonju','h',36,0,'03:00:00',20600,NULL,'seoul','jeonju','2022-12-13 02:00:00','2022-12-13 05:00:00'),(38786,1197,59,'jeonju','p',28,0,'03:00:00',25600,NULL,'seoul','jeonju','2022-12-13 02:30:00','2022-12-13 05:30:00'),(38787,1169,58,'jeonju','n',28,0,'03:00:00',15600,NULL,'seoul','jeonju','2022-12-13 03:00:00','2022-12-13 06:00:00'),(38788,1168,57,'jeonju','p',28,0,'03:00:00',25600,NULL,'seoul','jeonju','2022-12-13 03:30:00','2022-12-13 06:30:00'),(38789,1161,56,'jeonju','p',28,0,'03:00:00',25600,NULL,'seoul','jeonju','2022-12-13 04:00:00','2022-12-13 07:00:00'),(38790,1136,55,'jeonju','p',28,0,'03:00:00',25600,NULL,'seoul','jeonju','2022-12-13 04:30:00','2022-12-13 07:30:00'),(38791,1131,54,'jeonju','p',28,0,'03:00:00',25600,NULL,'seoul','jeonju','2022-12-13 05:00:00','2022-12-13 08:00:00'),(38792,1127,53,'jeonju','p',28,0,'03:00:00',25600,NULL,'seoul','jeonju','2022-12-13 05:30:00','2022-12-13 08:30:00'),(38793,1108,52,'jeonju','n',28,0,'03:00:00',15600,NULL,'seoul','jeonju','2022-12-13 06:00:00','2022-12-13 09:00:00'),(38794,1001,39,'jeonju','p',28,0,'03:00:00',25600,NULL,'seoul','jeonju','2022-12-13 06:30:00','2022-12-13 09:30:00'),(38795,1087,50,'jeonju','h',36,0,'03:00:00',20600,NULL,'seoul','jeonju','2022-12-13 07:00:00','2022-12-13 10:00:00'),(38796,1085,49,'jeonju','p',28,0,'03:00:00',25600,NULL,'seoul','jeonju','2022-12-13 07:30:00','2022-12-13 10:30:00'),(38797,1074,48,'jeonju','n',28,0,'03:00:00',15600,NULL,'seoul','jeonju','2022-12-13 08:00:00','2022-12-13 11:00:00'),(38798,1059,47,'jeonju','n',28,0,'03:00:00',15600,NULL,'seoul','jeonju','2022-12-13 08:30:00','2022-12-13 11:30:00'),(38799,1054,46,'jeonju','p',28,0,'03:00:00',25600,NULL,'seoul','jeonju','2022-12-13 09:00:00','2022-12-13 12:00:00'),(38800,1050,45,'jeonju','p',28,0,'03:00:00',25600,NULL,'seoul','jeonju','2022-12-13 09:30:00','2022-12-13 12:30:00'),(38801,1046,44,'jeonju','p',28,0,'03:00:00',25600,NULL,'seoul','jeonju','2022-12-13 10:00:00','2022-12-13 13:00:00'),(38802,1044,43,'jeonju','n',28,0,'03:00:00',15600,NULL,'seoul','jeonju','2022-12-13 10:30:00','2022-12-13 13:30:00'),(38803,1038,42,'jeonju','p',28,0,'03:00:00',25600,NULL,'seoul','jeonju','2022-12-13 11:00:00','2022-12-13 14:00:00'),(38804,1035,41,'jeonju','h',36,0,'03:00:00',20600,NULL,'seoul','jeonju','2022-12-13 11:30:00','2022-12-13 14:30:00'),(38805,1107,51,'jeonju','h',36,0,'03:00:00',15600,NULL,'seoul','jeonju','2022-12-13 12:00:00','2022-12-13 15:00:00'),(38806,1989,80,'jeonju','h',36,0,'03:00:00',15600,NULL,'seoul','jeonju','2022-12-13 12:30:00','2022-12-13 15:30:00'),(38807,1235,62,'jeonju','n',28,0,'03:00:00',15600,NULL,'seoul','jeonju','2022-12-13 13:00:00','2022-12-13 16:00:00'),(38808,1201,61,'jeonju','n',28,0,'03:00:00',15600,NULL,'seoul','jeonju','2022-12-13 13:30:00','2022-12-13 16:30:00'),(38809,1200,60,'jeonju','h',36,0,'03:00:00',15600,NULL,'seoul','jeonju','2022-12-13 14:00:00','2022-12-13 17:00:00'),(38810,1197,59,'jeonju','p',28,0,'03:00:00',15600,NULL,'seoul','jeonju','2022-12-13 14:30:00','2022-12-13 17:30:00'),(38811,1169,58,'jeonju','n',28,0,'03:00:00',15600,NULL,'seoul','jeonju','2022-12-13 15:00:00','2022-12-13 18:00:00'),(38812,1168,57,'jeonju','p',28,0,'03:00:00',15600,NULL,'seoul','jeonju','2022-12-13 15:30:00','2022-12-13 18:30:00'),(38813,1161,56,'jeonju','p',28,0,'03:00:00',15600,NULL,'seoul','jeonju','2022-12-13 16:00:00','2022-12-13 19:00:00'),(38814,1136,55,'jeonju','p',28,0,'03:00:00',15600,NULL,'seoul','jeonju','2022-12-13 16:30:00','2022-12-13 19:30:00'),(38815,1131,54,'jeonju','p',28,0,'03:00:00',15600,NULL,'seoul','jeonju','2022-12-13 17:00:00','2022-12-13 20:00:00'),(38816,1127,53,'jeonju','p',28,0,'03:00:00',15600,NULL,'seoul','jeonju','2022-12-13 17:30:00','2022-12-13 20:30:00'),(38817,1108,52,'jeonju','n',28,0,'03:00:00',15600,NULL,'seoul','jeonju','2022-12-13 18:00:00','2022-12-13 21:00:00'),(38818,1001,39,'jeonju','p',28,0,'03:00:00',15600,NULL,'seoul','jeonju','2022-12-13 18:30:00','2022-12-13 21:30:00'),(38819,1087,50,'jeonju','h',36,0,'03:00:00',15600,NULL,'seoul','jeonju','2022-12-13 19:00:00','2022-12-13 22:00:00'),(38820,1085,49,'jeonju','p',28,0,'03:00:00',15600,NULL,'seoul','jeonju','2022-12-13 19:30:00','2022-12-13 22:30:00'),(38821,1074,48,'jeonju','n',28,0,'03:00:00',15600,NULL,'seoul','jeonju','2022-12-13 20:00:00','2022-12-13 23:00:00'),(38822,1059,47,'jeonju','n',28,0,'03:00:00',15600,NULL,'seoul','jeonju','2022-12-13 20:30:00','2022-12-13 23:30:00'),(38823,1054,46,'jeonju','p',28,0,'03:00:00',15600,NULL,'seoul','jeonju','2022-12-13 21:00:00','2022-12-14 00:00:00'),(38824,1050,45,'jeonju','p',28,0,'03:00:00',15600,NULL,'seoul','jeonju','2022-12-13 21:30:00','2022-12-14 00:30:00'),(38825,1046,44,'jeonju','p',28,0,'03:00:00',15600,NULL,'seoul','jeonju','2022-12-13 22:00:00','2022-12-14 01:00:00'),(38826,1044,43,'jeonju','n',28,0,'03:00:00',15600,NULL,'seoul','jeonju','2022-12-13 22:30:00','2022-12-14 01:30:00'),(38827,1038,42,'jeonju','p',28,0,'03:00:00',15600,NULL,'seoul','jeonju','2022-12-13 23:00:00','2022-12-14 02:00:00'),(38828,1035,41,'jeonju','h',36,0,'03:00:00',15600,NULL,'seoul','jeonju','2022-12-13 23:30:00','2022-12-14 02:30:00'),(38829,1107,51,'jeonju','h',36,0,'03:00:00',15600,NULL,'seoul','jeonju','2022-12-14 00:15:00','2022-12-14 03:15:00'),(38830,1989,80,'jeonju','h',36,0,'03:00:00',15600,NULL,'seoul','jeonju','2022-12-14 00:45:00','2022-12-14 03:45:00'),(38831,1235,62,'jeonju','n',28,0,'03:00:00',15600,NULL,'seoul','jeonju','2022-12-14 01:15:00','2022-12-14 04:15:00'),(38832,1201,61,'jeonju','n',28,0,'03:00:00',15600,NULL,'seoul','jeonju','2022-12-14 01:45:00','2022-12-14 04:45:00'),(38833,1200,60,'jeonju','h',36,0,'03:00:00',15600,NULL,'seoul','jeonju','2022-12-14 02:15:00','2022-12-14 05:15:00'),(38834,1197,59,'jeonju','p',28,0,'03:00:00',15600,NULL,'seoul','jeonju','2022-12-14 02:45:00','2022-12-14 05:45:00'),(38835,1169,58,'jeonju','n',28,0,'03:00:00',15600,NULL,'seoul','jeonju','2022-12-14 03:15:00','2022-12-14 06:15:00'),(38836,1168,57,'jeonju','p',28,0,'03:00:00',15600,NULL,'seoul','jeonju','2022-12-14 03:45:00','2022-12-14 06:45:00'),(38837,1161,56,'jeonju','p',28,0,'03:00:00',15600,NULL,'seoul','jeonju','2022-12-14 04:15:00','2022-12-14 07:15:00'),(38838,1136,55,'jeonju','p',28,0,'03:00:00',15600,NULL,'seoul','jeonju','2022-12-14 04:45:00','2022-12-14 07:45:00'),(38839,1131,54,'jeonju','p',28,0,'03:00:00',15600,NULL,'seoul','jeonju','2022-12-14 05:15:00','2022-12-14 08:15:00'),(38840,1127,53,'jeonju','p',28,0,'03:00:00',15600,NULL,'seoul','jeonju','2022-12-14 05:45:00','2022-12-14 08:45:00'),(38841,1108,52,'jeonju','n',28,0,'03:00:00',15600,NULL,'seoul','jeonju','2022-12-14 06:15:00','2022-12-14 09:15:00'),(38842,1001,39,'jeonju','p',28,0,'03:00:00',15600,NULL,'seoul','jeonju','2022-12-14 06:45:00','2022-12-14 09:45:00'),(38843,1087,50,'jeonju','h',36,0,'03:00:00',15600,NULL,'seoul','jeonju','2022-12-14 07:15:00','2022-12-14 10:15:00'),(38844,1085,49,'jeonju','p',28,0,'03:00:00',15600,NULL,'seoul','jeonju','2022-12-14 07:45:00','2022-12-14 10:45:00'),(38845,1074,48,'jeonju','n',28,0,'03:00:00',15600,NULL,'seoul','jeonju','2022-12-14 08:15:00','2022-12-14 11:15:00'),(38846,1059,47,'jeonju','n',28,0,'03:00:00',15600,NULL,'seoul','jeonju','2022-12-14 08:45:00','2022-12-14 11:45:00'),(38847,1054,46,'jeonju','p',28,0,'03:00:00',15600,NULL,'seoul','jeonju','2022-12-14 09:15:00','2022-12-14 12:15:00'),(38848,1050,45,'jeonju','p',28,0,'03:00:00',15600,NULL,'seoul','jeonju','2022-12-14 09:45:00','2022-12-14 12:45:00'),(38849,1046,44,'jeonju','p',28,0,'03:00:00',15600,NULL,'seoul','jeonju','2022-12-14 10:15:00','2022-12-14 13:15:00'),(38850,1044,43,'jeonju','n',28,0,'03:00:00',15600,NULL,'seoul','jeonju','2022-12-14 10:45:00','2022-12-14 13:45:00'),(38851,1038,42,'jeonju','p',28,0,'03:00:00',15600,NULL,'seoul','jeonju','2022-12-14 11:15:00','2022-12-14 14:15:00'),(38852,1035,41,'jeonju','h',36,0,'03:00:00',15600,NULL,'seoul','jeonju','2022-12-14 11:45:00','2022-12-14 14:45:00'),(38853,1107,51,'jeonju','h',36,0,'03:00:00',15600,NULL,'seoul','jeonju','2022-12-14 12:15:00','2022-12-14 15:15:00'),(38854,1989,80,'jeonju','h',36,0,'03:00:00',15600,NULL,'seoul','jeonju','2022-12-14 12:45:00','2022-12-14 15:45:00'),(38855,1235,62,'jeonju','n',28,0,'03:00:00',15600,NULL,'seoul','jeonju','2022-12-14 13:15:00','2022-12-14 16:15:00'),(38856,1201,61,'jeonju','n',28,0,'03:00:00',15600,NULL,'seoul','jeonju','2022-12-14 13:45:00','2022-12-14 16:45:00'),(38857,1200,60,'jeonju','h',36,0,'03:00:00',15600,NULL,'seoul','jeonju','2022-12-14 14:15:00','2022-12-14 17:15:00'),(38858,1197,59,'jeonju','p',28,0,'03:00:00',15600,NULL,'seoul','jeonju','2022-12-14 14:45:00','2022-12-14 17:45:00'),(38859,1169,58,'jeonju','n',28,0,'03:00:00',15600,NULL,'seoul','jeonju','2022-12-14 15:15:00','2022-12-14 18:15:00'),(38860,1168,57,'jeonju','p',28,0,'03:00:00',15600,NULL,'seoul','jeonju','2022-12-14 15:45:00','2022-12-14 18:45:00'),(38861,1161,56,'jeonju','p',28,0,'03:00:00',15600,NULL,'seoul','jeonju','2022-12-14 16:15:00','2022-12-14 19:15:00'),(38862,1136,55,'jeonju','p',28,0,'03:00:00',15600,NULL,'seoul','jeonju','2022-12-14 16:45:00','2022-12-14 19:45:00'),(38863,1131,54,'jeonju','p',28,0,'03:00:00',15600,NULL,'seoul','jeonju','2022-12-14 17:15:00','2022-12-14 20:15:00'),(38864,1127,53,'jeonju','p',28,0,'03:00:00',15600,NULL,'seoul','jeonju','2022-12-14 17:45:00','2022-12-14 20:45:00'),(38865,1108,52,'jeonju','n',28,0,'03:00:00',15600,NULL,'seoul','jeonju','2022-12-14 18:15:00','2022-12-14 21:15:00'),(38866,1001,39,'jeonju','p',28,0,'03:00:00',15600,NULL,'seoul','jeonju','2022-12-14 18:45:00','2022-12-14 21:45:00'),(38867,1087,50,'jeonju','h',36,0,'03:00:00',15600,NULL,'seoul','jeonju','2022-12-14 19:15:00','2022-12-14 22:15:00'),(38868,1085,49,'jeonju','p',28,0,'03:00:00',15600,NULL,'seoul','jeonju','2022-12-14 19:45:00','2022-12-14 22:45:00'),(38869,1074,48,'jeonju','n',28,0,'03:00:00',15600,NULL,'seoul','jeonju','2022-12-14 20:15:00','2022-12-14 23:15:00'),(38870,1059,47,'jeonju','n',28,0,'03:00:00',15600,NULL,'seoul','jeonju','2022-12-14 20:45:00','2022-12-14 23:45:00'),(38871,1054,46,'jeonju','p',28,0,'03:00:00',15600,NULL,'seoul','jeonju','2022-12-14 21:15:00','2022-12-15 00:15:00'),(38872,1050,45,'jeonju','p',28,0,'03:00:00',15600,NULL,'seoul','jeonju','2022-12-14 21:45:00','2022-12-15 00:45:00'),(38873,1046,44,'jeonju','p',28,0,'03:00:00',15600,NULL,'seoul','jeonju','2022-12-14 22:15:00','2022-12-15 01:15:00'),(38874,1044,43,'jeonju','n',28,0,'03:00:00',15600,NULL,'seoul','jeonju','2022-12-14 22:45:00','2022-12-15 01:45:00'),(38875,1038,42,'jeonju','p',28,0,'03:00:00',15600,NULL,'seoul','jeonju','2022-12-14 23:15:00','2022-12-15 02:15:00'),(38876,1035,41,'jeonju','h',36,0,'03:00:00',15600,NULL,'seoul','jeonju','2022-12-14 23:45:00','2022-12-15 02:45:00'),(38877,1107,51,'jeonju','h',36,0,'03:00:00',15600,NULL,'seoul','jeonju','2022-12-15 00:00:00','2022-12-15 03:00:00'),(38878,1989,80,'jeonju','h',36,0,'03:00:00',15600,NULL,'seoul','jeonju','2022-12-15 00:30:00','2022-12-15 03:30:00'),(38879,1235,62,'jeonju','n',28,0,'03:00:00',15600,NULL,'seoul','jeonju','2022-12-15 01:00:00','2022-12-15 04:00:00'),(38880,1201,61,'jeonju','n',28,0,'03:00:00',15600,NULL,'seoul','jeonju','2022-12-15 01:30:00','2022-12-15 04:30:00'),(38881,1200,60,'jeonju','h',36,0,'03:00:00',15600,NULL,'seoul','jeonju','2022-12-15 02:00:00','2022-12-15 05:00:00'),(38882,1197,59,'jeonju','p',28,0,'03:00:00',15600,NULL,'seoul','jeonju','2022-12-15 02:30:00','2022-12-15 05:30:00'),(38883,1169,58,'jeonju','n',28,0,'03:00:00',15600,NULL,'seoul','jeonju','2022-12-15 03:00:00','2022-12-15 06:00:00'),(38884,1168,57,'jeonju','p',28,0,'03:00:00',15600,NULL,'seoul','jeonju','2022-12-15 03:30:00','2022-12-15 06:30:00'),(38885,1161,56,'jeonju','p',28,0,'03:00:00',15600,NULL,'seoul','jeonju','2022-12-15 04:00:00','2022-12-15 07:00:00'),(38886,1136,55,'jeonju','p',28,0,'03:00:00',15600,NULL,'seoul','jeonju','2022-12-15 04:30:00','2022-12-15 07:30:00'),(38887,1131,54,'jeonju','p',28,0,'03:00:00',15600,NULL,'seoul','jeonju','2022-12-15 05:00:00','2022-12-15 08:00:00'),(38888,1127,53,'jeonju','p',28,0,'03:00:00',15600,NULL,'seoul','jeonju','2022-12-15 05:30:00','2022-12-15 08:30:00'),(38889,1108,52,'jeonju','n',28,0,'03:00:00',15600,NULL,'seoul','jeonju','2022-12-15 06:00:00','2022-12-15 09:00:00'),(38890,1001,39,'jeonju','p',28,0,'03:00:00',15600,NULL,'seoul','jeonju','2022-12-15 06:30:00','2022-12-15 09:30:00'),(38891,1087,50,'jeonju','h',36,0,'03:00:00',15600,NULL,'seoul','jeonju','2022-12-15 07:00:00','2022-12-15 10:00:00'),(38892,1085,49,'jeonju','p',28,0,'03:00:00',15600,NULL,'seoul','jeonju','2022-12-15 07:30:00','2022-12-15 10:30:00'),(38893,1074,48,'jeonju','n',28,0,'03:00:00',15600,NULL,'seoul','jeonju','2022-12-15 08:00:00','2022-12-15 11:00:00'),(38894,1059,47,'jeonju','n',28,0,'03:00:00',15600,NULL,'seoul','jeonju','2022-12-15 08:30:00','2022-12-15 11:30:00'),(38895,1054,46,'jeonju','p',28,0,'03:00:00',15600,NULL,'seoul','jeonju','2022-12-15 09:00:00','2022-12-15 12:00:00'),(38896,1050,45,'jeonju','p',28,0,'03:00:00',15600,NULL,'seoul','jeonju','2022-12-15 09:30:00','2022-12-15 12:30:00'),(38897,1046,44,'jeonju','p',28,0,'03:00:00',15600,NULL,'seoul','jeonju','2022-12-15 10:00:00','2022-12-15 13:00:00'),(38898,1044,43,'jeonju','n',28,0,'03:00:00',15600,NULL,'seoul','jeonju','2022-12-15 10:30:00','2022-12-15 13:30:00'),(38899,1038,42,'jeonju','p',28,0,'03:00:00',15600,NULL,'seoul','jeonju','2022-12-15 11:00:00','2022-12-15 14:00:00'),(38900,1035,41,'jeonju','h',36,0,'03:00:00',15600,NULL,'seoul','jeonju','2022-12-15 11:30:00','2022-12-15 14:30:00'),(38901,1107,51,'jeonju','h',36,0,'03:00:00',15600,NULL,'seoul','jeonju','2022-12-15 12:00:00','2022-12-15 15:00:00'),(38902,1989,80,'jeonju','h',36,0,'03:00:00',15600,NULL,'seoul','jeonju','2022-12-15 12:30:00','2022-12-15 15:30:00'),(38903,1235,62,'jeonju','n',28,0,'03:00:00',15600,NULL,'seoul','jeonju','2022-12-15 13:00:00','2022-12-15 16:00:00'),(38904,1201,61,'jeonju','n',28,0,'03:00:00',15600,NULL,'seoul','jeonju','2022-12-15 13:30:00','2022-12-15 16:30:00'),(38905,1200,60,'jeonju','h',36,0,'03:00:00',15600,NULL,'seoul','jeonju','2022-12-15 14:00:00','2022-12-15 17:00:00'),(38906,1197,59,'jeonju','p',28,0,'03:00:00',15600,NULL,'seoul','jeonju','2022-12-15 14:30:00','2022-12-15 17:30:00'),(38907,1169,58,'jeonju','n',28,0,'03:00:00',15600,NULL,'seoul','jeonju','2022-12-15 15:00:00','2022-12-15 18:00:00'),(38908,1168,57,'jeonju','p',28,0,'03:00:00',15600,NULL,'seoul','jeonju','2022-12-15 15:30:00','2022-12-15 18:30:00'),(38909,1161,56,'jeonju','p',28,0,'03:00:00',15600,NULL,'seoul','jeonju','2022-12-15 16:00:00','2022-12-15 19:00:00'),(38910,1136,55,'jeonju','p',28,0,'03:00:00',15600,NULL,'seoul','jeonju','2022-12-15 16:30:00','2022-12-15 19:30:00'),(38911,1131,54,'jeonju','p',28,0,'03:00:00',15600,NULL,'seoul','jeonju','2022-12-15 17:00:00','2022-12-15 20:00:00'),(38912,1127,53,'jeonju','p',28,0,'03:00:00',15600,NULL,'seoul','jeonju','2022-12-15 17:30:00','2022-12-15 20:30:00'),(38913,1108,52,'jeonju','n',28,0,'03:00:00',15600,NULL,'seoul','jeonju','2022-12-15 18:00:00','2022-12-15 21:00:00'),(38914,1001,39,'jeonju','p',28,0,'03:00:00',15600,NULL,'seoul','jeonju','2022-12-15 18:30:00','2022-12-15 21:30:00'),(38915,1087,50,'jeonju','h',36,0,'03:00:00',15600,NULL,'seoul','jeonju','2022-12-15 19:00:00','2022-12-15 22:00:00'),(38916,1085,49,'jeonju','p',28,0,'03:00:00',15600,NULL,'seoul','jeonju','2022-12-15 19:30:00','2022-12-15 22:30:00'),(38917,1074,48,'jeonju','n',28,0,'03:00:00',15600,NULL,'seoul','jeonju','2022-12-15 20:00:00','2022-12-15 23:00:00'),(38918,1059,47,'jeonju','n',28,0,'03:00:00',15600,NULL,'seoul','jeonju','2022-12-15 20:30:00','2022-12-15 23:30:00'),(38919,1054,46,'jeonju','p',28,0,'03:00:00',15600,NULL,'seoul','jeonju','2022-12-15 21:00:00','2022-12-16 00:00:00'),(38920,1050,45,'jeonju','p',28,0,'03:00:00',15600,NULL,'seoul','jeonju','2022-12-15 21:30:00','2022-12-16 00:30:00'),(38921,1046,44,'jeonju','p',28,0,'03:00:00',15600,NULL,'seoul','jeonju','2022-12-15 22:00:00','2022-12-16 01:00:00'),(38922,1044,43,'jeonju','n',28,0,'03:00:00',15600,NULL,'seoul','jeonju','2022-12-15 22:30:00','2022-12-16 01:30:00'),(38923,1038,42,'jeonju','p',28,0,'03:00:00',15600,NULL,'seoul','jeonju','2022-12-15 23:00:00','2022-12-16 02:00:00'),(38924,1035,41,'jeonju','h',36,0,'03:00:00',15600,NULL,'seoul','jeonju','2022-12-15 23:30:00','2022-12-16 02:30:00'),(38925,1107,51,'jeonju','h',36,0,'03:00:00',15600,NULL,'seoul','jeonju','2022-12-16 00:15:00','2022-12-16 03:15:00'),(38926,1989,80,'jeonju','h',36,0,'03:00:00',15600,NULL,'seoul','jeonju','2022-12-16 00:45:00','2022-12-16 03:45:00'),(38927,1235,62,'jeonju','n',28,0,'03:00:00',15600,NULL,'seoul','jeonju','2022-12-16 01:15:00','2022-12-16 04:15:00'),(38928,1201,61,'jeonju','n',28,0,'03:00:00',15600,NULL,'seoul','jeonju','2022-12-16 01:45:00','2022-12-16 04:45:00'),(38929,1200,60,'jeonju','h',36,0,'03:00:00',15600,NULL,'seoul','jeonju','2022-12-16 02:15:00','2022-12-16 05:15:00'),(38930,1197,59,'jeonju','p',28,0,'03:00:00',15600,NULL,'seoul','jeonju','2022-12-16 02:45:00','2022-12-16 05:45:00'),(38931,1169,58,'jeonju','n',28,0,'03:00:00',15600,NULL,'seoul','jeonju','2022-12-16 03:15:00','2022-12-16 06:15:00'),(38932,1168,57,'jeonju','p',28,0,'03:00:00',15600,NULL,'seoul','jeonju','2022-12-16 03:45:00','2022-12-16 06:45:00'),(38933,1161,56,'jeonju','p',28,0,'03:00:00',15600,NULL,'seoul','jeonju','2022-12-16 04:15:00','2022-12-16 07:15:00'),(38934,1136,55,'jeonju','p',28,0,'03:00:00',15600,NULL,'seoul','jeonju','2022-12-16 04:45:00','2022-12-16 07:45:00'),(38935,1131,54,'jeonju','p',28,0,'03:00:00',15600,NULL,'seoul','jeonju','2022-12-16 05:15:00','2022-12-16 08:15:00'),(38936,1127,53,'jeonju','p',28,0,'03:00:00',15600,NULL,'seoul','jeonju','2022-12-16 05:45:00','2022-12-16 08:45:00'),(38937,1108,52,'jeonju','n',28,0,'03:00:00',15600,NULL,'seoul','jeonju','2022-12-16 06:15:00','2022-12-16 09:15:00'),(38938,1001,39,'jeonju','p',28,0,'03:00:00',15600,NULL,'seoul','jeonju','2022-12-16 06:45:00','2022-12-16 09:45:00'),(38939,1087,50,'jeonju','h',36,0,'03:00:00',15600,NULL,'seoul','jeonju','2022-12-16 07:15:00','2022-12-16 10:15:00'),(38940,1085,49,'jeonju','p',28,0,'03:00:00',15600,NULL,'seoul','jeonju','2022-12-16 07:45:00','2022-12-16 10:45:00'),(38941,1074,48,'jeonju','n',28,0,'03:00:00',15600,NULL,'seoul','jeonju','2022-12-16 08:15:00','2022-12-16 11:15:00'),(38942,1059,47,'jeonju','n',28,0,'03:00:00',15600,NULL,'seoul','jeonju','2022-12-16 08:45:00','2022-12-16 11:45:00'),(38943,1054,46,'jeonju','p',28,0,'03:00:00',15600,NULL,'seoul','jeonju','2022-12-16 09:15:00','2022-12-16 12:15:00'),(38944,1050,45,'jeonju','p',28,0,'03:00:00',15600,NULL,'seoul','jeonju','2022-12-16 09:45:00','2022-12-16 12:45:00'),(38945,1046,44,'jeonju','p',28,0,'03:00:00',15600,NULL,'seoul','jeonju','2022-12-16 10:15:00','2022-12-16 13:15:00'),(38946,1044,43,'jeonju','n',28,0,'03:00:00',15600,NULL,'seoul','jeonju','2022-12-16 10:45:00','2022-12-16 13:45:00'),(38947,1038,42,'jeonju','p',28,0,'03:00:00',15600,NULL,'seoul','jeonju','2022-12-16 11:15:00','2022-12-16 14:15:00'),(38948,1035,41,'jeonju','h',36,0,'03:00:00',15600,NULL,'seoul','jeonju','2022-12-16 11:45:00','2022-12-16 14:45:00'),(38949,1107,51,'jeonju','h',36,0,'03:00:00',15600,NULL,'seoul','jeonju','2022-12-16 12:15:00','2022-12-16 15:15:00'),(38950,1989,80,'jeonju','h',36,0,'03:00:00',15600,NULL,'seoul','jeonju','2022-12-16 12:45:00','2022-12-16 15:45:00'),(38951,1235,62,'jeonju','n',28,0,'03:00:00',15600,NULL,'seoul','jeonju','2022-12-16 13:15:00','2022-12-16 16:15:00'),(38952,1201,61,'jeonju','n',28,0,'03:00:00',15600,NULL,'seoul','jeonju','2022-12-16 13:45:00','2022-12-16 16:45:00'),(38953,1200,60,'jeonju','h',36,0,'03:00:00',15600,NULL,'seoul','jeonju','2022-12-16 14:15:00','2022-12-16 17:15:00'),(38954,1197,59,'jeonju','p',28,0,'03:00:00',15600,NULL,'seoul','jeonju','2022-12-16 14:45:00','2022-12-16 17:45:00'),(38955,1099,20,'incheon','h',36,0,'03:30:00',20600,NULL,'jeonju','incheon','2022-12-13 00:00:00','2022-12-13 03:00:00'),(38956,1996,38,'incheon','p',28,0,'03:30:00',25600,NULL,'jeonju','incheon','2022-12-13 00:30:00','2022-12-13 03:30:00'),(38957,1221,31,'incheon','h',36,0,'03:30:00',20600,NULL,'jeonju','incheon','2022-12-13 01:00:00','2022-12-13 04:00:00'),(38958,1218,30,'incheon','n',28,0,'03:30:00',15600,NULL,'jeonju','incheon','2022-12-13 01:30:00','2022-12-13 04:30:00'),(38959,1206,29,'incheon','p',28,0,'03:30:00',25600,NULL,'jeonju','incheon','2022-12-13 02:00:00','2022-12-13 05:00:00'),(38960,1198,28,'incheon','p',28,0,'03:30:00',25600,NULL,'jeonju','incheon','2022-12-13 02:30:00','2022-12-13 05:30:00'),(38961,1189,27,'incheon','p',28,0,'03:30:00',25600,NULL,'jeonju','incheon','2022-12-13 03:00:00','2022-12-13 06:00:00'),(38962,1167,26,'incheon','n',28,0,'03:30:00',15600,NULL,'jeonju','incheon','2022-12-13 03:30:00','2022-12-13 06:30:00'),(38963,1152,25,'incheon','p',28,0,'03:30:00',25600,NULL,'jeonju','incheon','2022-12-13 04:00:00','2022-12-13 07:00:00'),(38964,1144,24,'incheon','p',28,0,'03:30:00',25600,NULL,'jeonju','incheon','2022-12-13 04:30:00','2022-12-13 07:30:00'),(38965,1133,23,'incheon','p',28,0,'03:30:00',25600,NULL,'jeonju','incheon','2022-12-13 05:00:00','2022-12-13 08:00:00'),(38966,1116,22,'incheon','p',28,0,'03:30:00',25600,NULL,'jeonju','incheon','2022-12-13 05:30:00','2022-12-13 08:30:00'),(38967,1103,21,'incheon','p',28,0,'03:30:00',25600,NULL,'jeonju','incheon','2022-12-13 06:00:00','2022-12-13 09:00:00'),(38968,1003,1,'incheon','p',28,0,'03:30:00',25600,NULL,'jeonju','incheon','2022-12-13 06:30:00','2022-12-13 09:30:00'),(38969,1093,19,'incheon','p',28,0,'03:30:00',25600,NULL,'jeonju','incheon','2022-12-13 07:00:00','2022-12-13 10:00:00'),(38970,1090,18,'incheon','p',28,0,'03:30:00',25600,NULL,'jeonju','incheon','2022-12-13 07:30:00','2022-12-13 10:30:00'),(38971,1082,17,'incheon','p',28,0,'03:30:00',25600,NULL,'jeonju','incheon','2022-12-13 08:00:00','2022-12-13 11:00:00'),(38972,1075,16,'incheon','p',28,0,'03:30:00',25600,NULL,'jeonju','incheon','2022-12-13 08:30:00','2022-12-13 11:30:00'),(38973,1071,15,'incheon','n',28,0,'03:30:00',15600,NULL,'jeonju','incheon','2022-12-13 09:00:00','2022-12-13 12:00:00'),(38974,1069,14,'incheon','p',28,0,'03:30:00',25600,NULL,'jeonju','incheon','2022-12-13 09:30:00','2022-12-13 12:30:00'),(38975,1064,13,'incheon','p',28,0,'03:30:00',25600,NULL,'jeonju','incheon','2022-12-13 10:00:00','2022-12-13 13:00:00'),(38976,1049,12,'incheon','n',28,0,'03:30:00',15600,NULL,'jeonju','incheon','2022-12-13 10:30:00','2022-12-13 13:30:00'),(38977,1041,11,'incheon','n',28,0,'03:30:00',15600,NULL,'jeonju','incheon','2022-12-13 11:00:00','2022-12-13 14:00:00'),(38978,1032,10,'incheon','h',36,0,'03:30:00',20600,NULL,'jeonju','incheon','2022-12-13 11:30:00','2022-12-13 14:30:00'),(38979,1099,20,'incheon','h',36,0,'03:30:00',15600,NULL,'jeonju','incheon','2022-12-13 12:00:00','2022-12-13 15:00:00'),(38980,1996,38,'incheon','p',28,0,'03:30:00',15600,NULL,'jeonju','incheon','2022-12-13 12:30:00','2022-12-13 15:30:00'),(38981,1221,31,'incheon','h',36,0,'03:30:00',15600,NULL,'jeonju','incheon','2022-12-13 13:00:00','2022-12-13 16:00:00'),(38982,1218,30,'incheon','n',28,0,'03:30:00',15600,NULL,'jeonju','incheon','2022-12-13 13:30:00','2022-12-13 16:30:00'),(38983,1206,29,'incheon','p',28,0,'03:30:00',15600,NULL,'jeonju','incheon','2022-12-13 14:00:00','2022-12-13 17:00:00'),(38984,1198,28,'incheon','p',28,0,'03:30:00',15600,NULL,'jeonju','incheon','2022-12-13 14:30:00','2022-12-13 17:30:00'),(38985,1189,27,'incheon','p',28,0,'03:30:00',15600,NULL,'jeonju','incheon','2022-12-13 15:00:00','2022-12-13 18:00:00'),(38986,1167,26,'incheon','n',28,0,'03:30:00',15600,NULL,'jeonju','incheon','2022-12-13 15:30:00','2022-12-13 18:30:00'),(38987,1152,25,'incheon','p',28,0,'03:30:00',15600,NULL,'jeonju','incheon','2022-12-13 16:00:00','2022-12-13 19:00:00'),(38988,1144,24,'incheon','p',28,0,'03:30:00',15600,NULL,'jeonju','incheon','2022-12-13 16:30:00','2022-12-13 19:30:00'),(38989,1133,23,'incheon','p',28,0,'03:30:00',15600,NULL,'jeonju','incheon','2022-12-13 17:00:00','2022-12-13 20:00:00'),(38990,1116,22,'incheon','p',28,0,'03:30:00',15600,NULL,'jeonju','incheon','2022-12-13 17:30:00','2022-12-13 20:30:00'),(38991,1103,21,'incheon','p',28,0,'03:30:00',15600,NULL,'jeonju','incheon','2022-12-13 18:00:00','2022-12-13 21:00:00'),(38992,1003,1,'incheon','p',28,0,'03:30:00',15600,NULL,'jeonju','incheon','2022-12-13 18:30:00','2022-12-13 21:30:00'),(38993,1093,19,'incheon','p',28,0,'03:30:00',15600,NULL,'jeonju','incheon','2022-12-13 19:00:00','2022-12-13 22:00:00'),(38994,1090,18,'incheon','p',28,0,'03:30:00',15600,NULL,'jeonju','incheon','2022-12-13 19:30:00','2022-12-13 22:30:00'),(38995,1082,17,'incheon','p',28,0,'03:30:00',15600,NULL,'jeonju','incheon','2022-12-13 20:00:00','2022-12-13 23:00:00'),(38996,1075,16,'incheon','p',28,0,'03:30:00',15600,NULL,'jeonju','incheon','2022-12-13 20:30:00','2022-12-13 23:30:00'),(38997,1071,15,'incheon','n',28,0,'03:30:00',15600,NULL,'jeonju','incheon','2022-12-13 21:00:00','2022-12-14 00:00:00'),(38998,1069,14,'incheon','p',28,0,'03:30:00',15600,NULL,'jeonju','incheon','2022-12-13 21:30:00','2022-12-14 00:30:00'),(38999,1064,13,'incheon','p',28,0,'03:30:00',15600,NULL,'jeonju','incheon','2022-12-13 22:00:00','2022-12-14 01:00:00'),(39000,1049,12,'incheon','n',28,0,'03:30:00',15600,NULL,'jeonju','incheon','2022-12-13 22:30:00','2022-12-14 01:30:00'),(39001,1041,11,'incheon','n',28,0,'03:30:00',15600,NULL,'jeonju','incheon','2022-12-13 23:00:00','2022-12-14 02:00:00'),(39002,1032,10,'incheon','h',36,0,'03:30:00',15600,NULL,'jeonju','incheon','2022-12-13 23:30:00','2022-12-14 02:30:00'),(39003,1099,20,'incheon','h',36,0,'03:30:00',15600,NULL,'jeonju','incheon','2022-12-14 00:15:00','2022-12-14 03:15:00'),(39004,1996,38,'incheon','p',28,0,'03:30:00',15600,NULL,'jeonju','incheon','2022-12-14 00:45:00','2022-12-14 03:45:00'),(39005,1221,31,'incheon','h',36,0,'03:30:00',15600,NULL,'jeonju','incheon','2022-12-14 01:15:00','2022-12-14 04:15:00'),(39006,1218,30,'incheon','n',28,0,'03:30:00',15600,NULL,'jeonju','incheon','2022-12-14 01:45:00','2022-12-14 04:45:00'),(39007,1206,29,'incheon','p',28,0,'03:30:00',15600,NULL,'jeonju','incheon','2022-12-14 02:15:00','2022-12-14 05:15:00'),(39008,1198,28,'incheon','p',28,0,'03:30:00',15600,NULL,'jeonju','incheon','2022-12-14 02:45:00','2022-12-14 05:45:00'),(39009,1189,27,'incheon','p',28,0,'03:30:00',15600,NULL,'jeonju','incheon','2022-12-14 03:15:00','2022-12-14 06:15:00'),(39010,1167,26,'incheon','n',28,0,'03:30:00',15600,NULL,'jeonju','incheon','2022-12-14 03:45:00','2022-12-14 06:45:00'),(39011,1152,25,'incheon','p',28,0,'03:30:00',15600,NULL,'jeonju','incheon','2022-12-14 04:15:00','2022-12-14 07:15:00'),(39012,1144,24,'incheon','p',28,0,'03:30:00',15600,NULL,'jeonju','incheon','2022-12-14 04:45:00','2022-12-14 07:45:00'),(39013,1133,23,'incheon','p',28,0,'03:30:00',15600,NULL,'jeonju','incheon','2022-12-14 05:15:00','2022-12-14 08:15:00'),(39014,1116,22,'incheon','p',28,0,'03:30:00',15600,NULL,'jeonju','incheon','2022-12-14 05:45:00','2022-12-14 08:45:00'),(39015,1103,21,'incheon','p',28,0,'03:30:00',15600,NULL,'jeonju','incheon','2022-12-14 06:15:00','2022-12-14 09:15:00'),(39016,1003,1,'incheon','p',28,0,'03:30:00',15600,NULL,'jeonju','incheon','2022-12-14 06:45:00','2022-12-14 09:45:00'),(39017,1093,19,'incheon','p',28,0,'03:30:00',15600,NULL,'jeonju','incheon','2022-12-14 07:15:00','2022-12-14 10:15:00'),(39018,1090,18,'incheon','p',28,0,'03:30:00',15600,NULL,'jeonju','incheon','2022-12-14 07:45:00','2022-12-14 10:45:00'),(39019,1082,17,'incheon','p',28,0,'03:30:00',15600,NULL,'jeonju','incheon','2022-12-14 08:15:00','2022-12-14 11:15:00'),(39020,1075,16,'incheon','p',28,0,'03:30:00',15600,NULL,'jeonju','incheon','2022-12-14 08:45:00','2022-12-14 11:45:00'),(39021,1071,15,'incheon','n',28,0,'03:30:00',15600,NULL,'jeonju','incheon','2022-12-14 09:15:00','2022-12-14 12:15:00'),(39022,1069,14,'incheon','p',28,0,'03:30:00',15600,NULL,'jeonju','incheon','2022-12-14 09:45:00','2022-12-14 12:45:00'),(39023,1064,13,'incheon','p',28,0,'03:30:00',15600,NULL,'jeonju','incheon','2022-12-14 10:15:00','2022-12-14 13:15:00'),(39024,1049,12,'incheon','n',28,0,'03:30:00',15600,NULL,'jeonju','incheon','2022-12-14 10:45:00','2022-12-14 13:45:00'),(39025,1041,11,'incheon','n',28,0,'03:30:00',15600,NULL,'jeonju','incheon','2022-12-14 11:15:00','2022-12-14 14:15:00'),(39026,1032,10,'incheon','h',36,0,'03:30:00',15600,NULL,'jeonju','incheon','2022-12-14 11:45:00','2022-12-14 14:45:00'),(39027,1099,20,'incheon','h',36,0,'03:30:00',15600,NULL,'jeonju','incheon','2022-12-14 12:15:00','2022-12-14 15:15:00'),(39028,1996,38,'incheon','p',28,0,'03:30:00',15600,NULL,'jeonju','incheon','2022-12-14 12:45:00','2022-12-14 15:45:00'),(39029,1221,31,'incheon','h',36,0,'03:30:00',15600,NULL,'jeonju','incheon','2022-12-14 13:15:00','2022-12-14 16:15:00'),(39030,1218,30,'incheon','n',28,0,'03:30:00',15600,NULL,'jeonju','incheon','2022-12-14 13:45:00','2022-12-14 16:45:00'),(39031,1206,29,'incheon','p',28,0,'03:30:00',15600,NULL,'jeonju','incheon','2022-12-14 14:15:00','2022-12-14 17:15:00'),(39032,1198,28,'incheon','p',28,0,'03:30:00',15600,NULL,'jeonju','incheon','2022-12-14 14:45:00','2022-12-14 17:45:00'),(39033,1189,27,'incheon','p',28,0,'03:30:00',15600,NULL,'jeonju','incheon','2022-12-14 15:15:00','2022-12-14 18:15:00'),(39034,1167,26,'incheon','n',28,0,'03:30:00',15600,NULL,'jeonju','incheon','2022-12-14 15:45:00','2022-12-14 18:45:00'),(39035,1152,25,'incheon','p',28,0,'03:30:00',15600,NULL,'jeonju','incheon','2022-12-14 16:15:00','2022-12-14 19:15:00'),(39036,1144,24,'incheon','p',28,0,'03:30:00',15600,NULL,'jeonju','incheon','2022-12-14 16:45:00','2022-12-14 19:45:00'),(39037,1133,23,'incheon','p',28,2,'03:30:00',15600,NULL,'jeonju','incheon','2022-12-14 17:15:00','2022-12-14 20:15:00'),(39038,1116,22,'incheon','p',28,0,'03:30:00',15600,NULL,'jeonju','incheon','2022-12-14 17:45:00','2022-12-14 20:45:00'),(39039,1103,21,'incheon','p',28,0,'03:30:00',15600,NULL,'jeonju','incheon','2022-12-14 18:15:00','2022-12-14 21:15:00'),(39040,1003,1,'incheon','p',28,0,'03:30:00',15600,NULL,'jeonju','incheon','2022-12-14 18:45:00','2022-12-14 21:45:00'),(39041,1093,19,'incheon','p',28,0,'03:30:00',15600,NULL,'jeonju','incheon','2022-12-14 19:15:00','2022-12-14 22:15:00'),(39042,1090,18,'incheon','p',28,0,'03:30:00',15600,NULL,'jeonju','incheon','2022-12-14 19:45:00','2022-12-14 22:45:00'),(39043,1082,17,'incheon','p',28,0,'03:30:00',15600,NULL,'jeonju','incheon','2022-12-14 20:15:00','2022-12-14 23:15:00'),(39044,1075,16,'incheon','p',28,0,'03:30:00',15600,NULL,'jeonju','incheon','2022-12-14 20:45:00','2022-12-14 23:45:00'),(39045,1071,15,'incheon','n',28,0,'03:30:00',15600,NULL,'jeonju','incheon','2022-12-14 21:15:00','2022-12-15 00:15:00'),(39046,1069,14,'incheon','p',28,0,'03:30:00',15600,NULL,'jeonju','incheon','2022-12-14 21:45:00','2022-12-15 00:45:00'),(39047,1064,13,'incheon','p',28,0,'03:30:00',15600,NULL,'jeonju','incheon','2022-12-14 22:15:00','2022-12-15 01:15:00'),(39048,1049,12,'incheon','n',28,0,'03:30:00',15600,NULL,'jeonju','incheon','2022-12-14 22:45:00','2022-12-15 01:45:00'),(39049,1041,11,'incheon','n',28,0,'03:30:00',15600,NULL,'jeonju','incheon','2022-12-14 23:15:00','2022-12-15 02:15:00'),(39050,1032,10,'incheon','h',36,0,'03:30:00',15600,NULL,'jeonju','incheon','2022-12-14 23:45:00','2022-12-15 02:45:00'),(39051,1099,20,'incheon','h',36,0,'03:30:00',15600,NULL,'jeonju','incheon','2022-12-15 00:00:00','2022-12-15 03:00:00'),(39052,1996,38,'incheon','p',28,0,'03:30:00',15600,NULL,'jeonju','incheon','2022-12-15 00:30:00','2022-12-15 03:30:00'),(39053,1221,31,'incheon','h',36,0,'03:30:00',15600,NULL,'jeonju','incheon','2022-12-15 01:00:00','2022-12-15 04:00:00'),(39054,1218,30,'incheon','n',28,0,'03:30:00',15600,NULL,'jeonju','incheon','2022-12-15 01:30:00','2022-12-15 04:30:00'),(39055,1206,29,'incheon','p',28,0,'03:30:00',15600,NULL,'jeonju','incheon','2022-12-15 02:00:00','2022-12-15 05:00:00'),(39056,1198,28,'incheon','p',28,0,'03:30:00',15600,NULL,'jeonju','incheon','2022-12-15 02:30:00','2022-12-15 05:30:00'),(39057,1189,27,'incheon','p',28,0,'03:30:00',15600,NULL,'jeonju','incheon','2022-12-15 03:00:00','2022-12-15 06:00:00'),(39058,1167,26,'incheon','n',28,0,'03:30:00',15600,NULL,'jeonju','incheon','2022-12-15 03:30:00','2022-12-15 06:30:00'),(39059,1152,25,'incheon','p',28,0,'03:30:00',15600,NULL,'jeonju','incheon','2022-12-15 04:00:00','2022-12-15 07:00:00'),(39060,1144,24,'incheon','p',28,0,'03:30:00',15600,NULL,'jeonju','incheon','2022-12-15 04:30:00','2022-12-15 07:30:00'),(39061,1133,23,'incheon','p',28,0,'03:30:00',15600,NULL,'jeonju','incheon','2022-12-15 05:00:00','2022-12-15 08:00:00'),(39062,1116,22,'incheon','p',28,0,'03:30:00',15600,NULL,'jeonju','incheon','2022-12-15 05:30:00','2022-12-15 08:30:00'),(39063,1103,21,'incheon','p',28,0,'03:30:00',15600,NULL,'jeonju','incheon','2022-12-15 06:00:00','2022-12-15 09:00:00'),(39064,1003,1,'incheon','p',28,0,'03:30:00',15600,NULL,'jeonju','incheon','2022-12-15 06:30:00','2022-12-15 09:30:00'),(39065,1093,19,'incheon','p',28,0,'03:30:00',15600,NULL,'jeonju','incheon','2022-12-15 07:00:00','2022-12-15 10:00:00'),(39066,1090,18,'incheon','p',28,0,'03:30:00',15600,NULL,'jeonju','incheon','2022-12-15 07:30:00','2022-12-15 10:30:00'),(39067,1082,17,'incheon','p',28,0,'03:30:00',15600,NULL,'jeonju','incheon','2022-12-15 08:00:00','2022-12-15 11:00:00'),(39068,1075,16,'incheon','p',28,0,'03:30:00',15600,NULL,'jeonju','incheon','2022-12-15 08:30:00','2022-12-15 11:30:00'),(39069,1071,15,'incheon','n',28,0,'03:30:00',15600,NULL,'jeonju','incheon','2022-12-15 09:00:00','2022-12-15 12:00:00'),(39070,1069,14,'incheon','p',28,0,'03:30:00',15600,NULL,'jeonju','incheon','2022-12-15 09:30:00','2022-12-15 12:30:00'),(39071,1064,13,'incheon','p',28,0,'03:30:00',15600,NULL,'jeonju','incheon','2022-12-15 10:00:00','2022-12-15 13:00:00'),(39072,1049,12,'incheon','n',28,0,'03:30:00',15600,NULL,'jeonju','incheon','2022-12-15 10:30:00','2022-12-15 13:30:00'),(39073,1041,11,'incheon','n',28,0,'03:30:00',15600,NULL,'jeonju','incheon','2022-12-15 11:00:00','2022-12-15 14:00:00'),(39074,1032,10,'incheon','h',36,0,'03:30:00',15600,NULL,'jeonju','incheon','2022-12-15 11:30:00','2022-12-15 14:30:00'),(39075,1099,20,'incheon','h',36,0,'03:30:00',15600,NULL,'jeonju','incheon','2022-12-15 12:00:00','2022-12-15 15:00:00'),(39076,1996,38,'incheon','p',28,0,'03:30:00',15600,NULL,'jeonju','incheon','2022-12-15 12:30:00','2022-12-15 15:30:00'),(39077,1221,31,'incheon','h',36,0,'03:30:00',15600,NULL,'jeonju','incheon','2022-12-15 13:00:00','2022-12-15 16:00:00'),(39078,1218,30,'incheon','n',28,0,'03:30:00',15600,NULL,'jeonju','incheon','2022-12-15 13:30:00','2022-12-15 16:30:00'),(39079,1206,29,'incheon','p',28,0,'03:30:00',15600,NULL,'jeonju','incheon','2022-12-15 14:00:00','2022-12-15 17:00:00'),(39080,1198,28,'incheon','p',28,0,'03:30:00',15600,NULL,'jeonju','incheon','2022-12-15 14:30:00','2022-12-15 17:30:00'),(39081,1189,27,'incheon','p',28,0,'03:30:00',15600,NULL,'jeonju','incheon','2022-12-15 15:00:00','2022-12-15 18:00:00'),(39082,1167,26,'incheon','n',28,0,'03:30:00',15600,NULL,'jeonju','incheon','2022-12-15 15:30:00','2022-12-15 18:30:00'),(39083,1152,25,'incheon','p',28,0,'03:30:00',15600,NULL,'jeonju','incheon','2022-12-15 16:00:00','2022-12-15 19:00:00'),(39084,1144,24,'incheon','p',28,0,'03:30:00',15600,NULL,'jeonju','incheon','2022-12-15 16:30:00','2022-12-15 19:30:00'),(39085,1133,23,'incheon','p',28,0,'03:30:00',15600,NULL,'jeonju','incheon','2022-12-15 17:00:00','2022-12-15 20:00:00'),(39086,1116,22,'incheon','p',28,0,'03:30:00',15600,NULL,'jeonju','incheon','2022-12-15 17:30:00','2022-12-15 20:30:00'),(39087,1103,21,'incheon','p',28,0,'03:30:00',15600,NULL,'jeonju','incheon','2022-12-15 18:00:00','2022-12-15 21:00:00'),(39088,1003,1,'incheon','p',28,0,'03:30:00',15600,NULL,'jeonju','incheon','2022-12-15 18:30:00','2022-12-15 21:30:00'),(39089,1093,19,'incheon','p',28,0,'03:30:00',15600,NULL,'jeonju','incheon','2022-12-15 19:00:00','2022-12-15 22:00:00'),(39090,1090,18,'incheon','p',28,0,'03:30:00',15600,NULL,'jeonju','incheon','2022-12-15 19:30:00','2022-12-15 22:30:00'),(39091,1082,17,'incheon','p',28,0,'03:30:00',15600,NULL,'jeonju','incheon','2022-12-15 20:00:00','2022-12-15 23:00:00'),(39092,1075,16,'incheon','p',28,0,'03:30:00',15600,NULL,'jeonju','incheon','2022-12-15 20:30:00','2022-12-15 23:30:00'),(39093,1071,15,'incheon','n',28,0,'03:30:00',15600,NULL,'jeonju','incheon','2022-12-15 21:00:00','2022-12-16 00:00:00'),(39094,1069,14,'incheon','p',28,0,'03:30:00',15600,NULL,'jeonju','incheon','2022-12-15 21:30:00','2022-12-16 00:30:00'),(39095,1064,13,'incheon','p',28,0,'03:30:00',15600,NULL,'jeonju','incheon','2022-12-15 22:00:00','2022-12-16 01:00:00'),(39096,1049,12,'incheon','n',28,0,'03:30:00',15600,NULL,'jeonju','incheon','2022-12-15 22:30:00','2022-12-16 01:30:00'),(39097,1041,11,'incheon','n',28,0,'03:30:00',15600,NULL,'jeonju','incheon','2022-12-15 23:00:00','2022-12-16 02:00:00'),(39098,1032,10,'incheon','h',36,0,'03:30:00',15600,NULL,'jeonju','incheon','2022-12-15 23:30:00','2022-12-16 02:30:00'),(39099,1099,20,'incheon','h',36,0,'03:30:00',15600,NULL,'jeonju','incheon','2022-12-16 00:15:00','2022-12-16 03:15:00'),(39100,1996,38,'incheon','p',28,0,'03:30:00',15600,NULL,'jeonju','incheon','2022-12-16 00:45:00','2022-12-16 03:45:00'),(39101,1221,31,'incheon','h',36,0,'03:30:00',15600,NULL,'jeonju','incheon','2022-12-16 01:15:00','2022-12-16 04:15:00'),(39102,1218,30,'incheon','n',28,0,'03:30:00',15600,NULL,'jeonju','incheon','2022-12-16 01:45:00','2022-12-16 04:45:00'),(39103,1206,29,'incheon','p',28,0,'03:30:00',15600,NULL,'jeonju','incheon','2022-12-16 02:15:00','2022-12-16 05:15:00'),(39104,1198,28,'incheon','p',28,0,'03:30:00',15600,NULL,'jeonju','incheon','2022-12-16 02:45:00','2022-12-16 05:45:00'),(39105,1189,27,'incheon','p',28,0,'03:30:00',15600,NULL,'jeonju','incheon','2022-12-16 03:15:00','2022-12-16 06:15:00'),(39106,1167,26,'incheon','n',28,0,'03:30:00',15600,NULL,'jeonju','incheon','2022-12-16 03:45:00','2022-12-16 06:45:00'),(39107,1152,25,'incheon','p',28,0,'03:30:00',15600,NULL,'jeonju','incheon','2022-12-16 04:15:00','2022-12-16 07:15:00'),(39108,1144,24,'incheon','p',28,0,'03:30:00',15600,NULL,'jeonju','incheon','2022-12-16 04:45:00','2022-12-16 07:45:00'),(39109,1133,23,'incheon','p',28,0,'03:30:00',15600,NULL,'jeonju','incheon','2022-12-16 05:15:00','2022-12-16 08:15:00'),(39110,1116,22,'incheon','p',28,0,'03:30:00',15600,NULL,'jeonju','incheon','2022-12-16 05:45:00','2022-12-16 08:45:00'),(39111,1103,21,'incheon','p',28,0,'03:30:00',15600,NULL,'jeonju','incheon','2022-12-16 06:15:00','2022-12-16 09:15:00'),(39112,1003,1,'incheon','p',28,0,'03:30:00',15600,NULL,'jeonju','incheon','2022-12-16 06:45:00','2022-12-16 09:45:00'),(39113,1093,19,'incheon','p',28,0,'03:30:00',15600,NULL,'jeonju','incheon','2022-12-16 07:15:00','2022-12-16 10:15:00'),(39114,1090,18,'incheon','p',28,0,'03:30:00',15600,NULL,'jeonju','incheon','2022-12-16 07:45:00','2022-12-16 10:45:00'),(39115,1082,17,'incheon','p',28,0,'03:30:00',15600,NULL,'jeonju','incheon','2022-12-16 08:15:00','2022-12-16 11:15:00'),(39116,1075,16,'incheon','p',28,0,'03:30:00',15600,NULL,'jeonju','incheon','2022-12-16 08:45:00','2022-12-16 11:45:00'),(39117,1071,15,'incheon','n',28,0,'03:30:00',15600,NULL,'jeonju','incheon','2022-12-16 09:15:00','2022-12-16 12:15:00'),(39118,1069,14,'incheon','p',28,0,'03:30:00',15600,NULL,'jeonju','incheon','2022-12-16 09:45:00','2022-12-16 12:45:00'),(39119,1064,13,'incheon','p',28,0,'03:30:00',15600,NULL,'jeonju','incheon','2022-12-16 10:15:00','2022-12-16 13:15:00'),(39120,1049,12,'incheon','n',28,0,'03:30:00',15600,NULL,'jeonju','incheon','2022-12-16 10:45:00','2022-12-16 13:45:00'),(39121,1041,11,'incheon','n',28,0,'03:30:00',15600,NULL,'jeonju','incheon','2022-12-16 11:15:00','2022-12-16 14:15:00'),(39122,1032,10,'incheon','h',36,0,'03:30:00',15600,NULL,'jeonju','incheon','2022-12-16 11:45:00','2022-12-16 14:45:00'),(39123,1099,20,'incheon','h',36,0,'03:30:00',15600,NULL,'jeonju','incheon','2022-12-16 12:15:00','2022-12-16 15:15:00'),(39124,1996,38,'incheon','p',28,0,'03:30:00',15600,NULL,'jeonju','incheon','2022-12-16 12:45:00','2022-12-16 15:45:00'),(39125,1221,31,'incheon','h',36,0,'03:30:00',15600,NULL,'jeonju','incheon','2022-12-16 13:15:00','2022-12-16 16:15:00'),(39126,1218,30,'incheon','n',28,0,'03:30:00',15600,NULL,'jeonju','incheon','2022-12-16 13:45:00','2022-12-16 16:45:00'),(39127,1206,29,'incheon','p',28,0,'03:30:00',15600,NULL,'jeonju','incheon','2022-12-16 14:15:00','2022-12-16 17:15:00'),(39128,1198,28,'incheon','p',28,0,'03:30:00',15600,NULL,'jeonju','incheon','2022-12-16 14:45:00','2022-12-16 17:45:00'),(39129,1119,94,'jeonju','p',28,0,'03:30:00',25600,NULL,'incheon','jeonju','2022-12-13 00:00:00','2022-12-13 03:00:00'),(39130,1981,147,'jeonju','h',36,0,'03:30:00',20600,NULL,'incheon','jeonju','2022-12-13 00:30:00','2022-12-13 03:30:00'),(39131,1289,110,'jeonju','p',28,0,'03:30:00',25600,NULL,'incheon','jeonju','2022-12-13 01:00:00','2022-12-13 04:00:00'),(39132,1282,104,'jeonju','n',28,0,'03:30:00',15600,NULL,'incheon','jeonju','2022-12-13 01:30:00','2022-12-13 04:30:00'),(39133,1276,103,'jeonju','p',28,0,'03:30:00',25600,NULL,'incheon','jeonju','2022-12-13 02:00:00','2022-12-13 05:00:00'),(39134,1246,102,'jeonju','p',28,0,'03:30:00',25600,NULL,'incheon','jeonju','2022-12-13 02:30:00','2022-12-13 05:30:00'),(39135,1244,101,'jeonju','p',28,0,'03:30:00',25600,NULL,'incheon','jeonju','2022-12-13 03:00:00','2022-12-13 06:00:00'),(39136,1224,100,'jeonju','h',36,0,'03:30:00',20600,NULL,'incheon','jeonju','2022-12-13 03:30:00','2022-12-13 06:30:00'),(39137,1211,99,'jeonju','p',28,0,'03:30:00',25600,NULL,'incheon','jeonju','2022-12-13 04:00:00','2022-12-13 07:00:00'),(39138,1138,98,'jeonju','p',28,0,'03:30:00',25600,NULL,'incheon','jeonju','2022-12-13 04:30:00','2022-12-13 07:30:00'),(39139,1135,97,'jeonju','h',36,0,'03:30:00',20600,NULL,'incheon','jeonju','2022-12-13 05:00:00','2022-12-13 08:00:00'),(39140,1126,96,'jeonju','p',28,0,'03:30:00',25600,NULL,'incheon','jeonju','2022-12-13 05:30:00','2022-12-13 08:30:00'),(39141,1123,95,'jeonju','p',28,0,'03:30:00',25600,NULL,'incheon','jeonju','2022-12-13 06:00:00','2022-12-13 09:00:00'),(39142,1004,82,'jeonju','p',28,0,'03:30:00',25600,NULL,'incheon','jeonju','2022-12-13 06:30:00','2022-12-13 09:30:00'),(39143,1118,93,'jeonju','p',28,0,'03:30:00',25600,NULL,'incheon','jeonju','2022-12-13 07:00:00','2022-12-13 10:00:00'),(39144,1112,92,'jeonju','p',28,0,'03:30:00',25600,NULL,'incheon','jeonju','2022-12-13 07:30:00','2022-12-13 10:30:00'),(39145,1088,91,'jeonju','n',28,0,'03:30:00',15600,NULL,'incheon','jeonju','2022-12-13 08:00:00','2022-12-13 11:00:00'),(39146,1080,90,'jeonju','h',36,0,'03:30:00',20600,NULL,'incheon','jeonju','2022-12-13 08:30:00','2022-12-13 11:30:00'),(39147,1078,89,'jeonju','h',36,0,'03:30:00',20600,NULL,'incheon','jeonju','2022-12-13 09:00:00','2022-12-13 12:00:00'),(39148,1077,88,'jeonju','h',36,0,'03:30:00',20600,NULL,'incheon','jeonju','2022-12-13 09:30:00','2022-12-13 12:30:00'),(39149,1072,87,'jeonju','n',28,0,'03:30:00',15600,NULL,'incheon','jeonju','2022-12-13 10:00:00','2022-12-13 13:00:00'),(39150,1042,86,'jeonju','n',28,0,'03:30:00',15600,NULL,'incheon','jeonju','2022-12-13 10:30:00','2022-12-13 13:30:00'),(39151,1029,85,'jeonju','p',28,0,'03:30:00',25600,NULL,'incheon','jeonju','2022-12-13 11:00:00','2022-12-13 14:00:00'),(39152,1027,84,'jeonju','n',28,0,'03:30:00',15600,NULL,'incheon','jeonju','2022-12-13 11:30:00','2022-12-13 14:30:00'),(39153,1119,94,'jeonju','p',28,0,'03:30:00',15600,NULL,'incheon','jeonju','2022-12-13 12:00:00','2022-12-13 15:00:00'),(39154,1981,147,'jeonju','h',36,0,'03:30:00',15600,NULL,'incheon','jeonju','2022-12-13 12:30:00','2022-12-13 15:30:00'),(39155,1289,110,'jeonju','p',28,0,'03:30:00',15600,NULL,'incheon','jeonju','2022-12-13 13:00:00','2022-12-13 16:00:00'),(39156,1282,104,'jeonju','n',28,0,'03:30:00',15600,NULL,'incheon','jeonju','2022-12-13 13:30:00','2022-12-13 16:30:00'),(39157,1276,103,'jeonju','p',28,0,'03:30:00',15600,NULL,'incheon','jeonju','2022-12-13 14:00:00','2022-12-13 17:00:00'),(39158,1246,102,'jeonju','p',28,0,'03:30:00',15600,NULL,'incheon','jeonju','2022-12-13 14:30:00','2022-12-13 17:30:00'),(39159,1244,101,'jeonju','p',28,0,'03:30:00',15600,NULL,'incheon','jeonju','2022-12-13 15:00:00','2022-12-13 18:00:00'),(39160,1224,100,'jeonju','h',36,0,'03:30:00',15600,NULL,'incheon','jeonju','2022-12-13 15:30:00','2022-12-13 18:30:00'),(39161,1211,99,'jeonju','p',28,0,'03:30:00',15600,NULL,'incheon','jeonju','2022-12-13 16:00:00','2022-12-13 19:00:00'),(39162,1138,98,'jeonju','p',28,0,'03:30:00',15600,NULL,'incheon','jeonju','2022-12-13 16:30:00','2022-12-13 19:30:00'),(39163,1135,97,'jeonju','h',36,0,'03:30:00',15600,NULL,'incheon','jeonju','2022-12-13 17:00:00','2022-12-13 20:00:00'),(39164,1126,96,'jeonju','p',28,0,'03:30:00',15600,NULL,'incheon','jeonju','2022-12-13 17:30:00','2022-12-13 20:30:00'),(39165,1123,95,'jeonju','p',28,0,'03:30:00',15600,NULL,'incheon','jeonju','2022-12-13 18:00:00','2022-12-13 21:00:00'),(39166,1004,82,'jeonju','p',28,0,'03:30:00',15600,NULL,'incheon','jeonju','2022-12-13 18:30:00','2022-12-13 21:30:00'),(39167,1118,93,'jeonju','p',28,0,'03:30:00',15600,NULL,'incheon','jeonju','2022-12-13 19:00:00','2022-12-13 22:00:00'),(39168,1112,92,'jeonju','p',28,0,'03:30:00',15600,NULL,'incheon','jeonju','2022-12-13 19:30:00','2022-12-13 22:30:00'),(39169,1088,91,'jeonju','n',28,0,'03:30:00',15600,NULL,'incheon','jeonju','2022-12-13 20:00:00','2022-12-13 23:00:00'),(39170,1080,90,'jeonju','h',36,0,'03:30:00',15600,NULL,'incheon','jeonju','2022-12-13 20:30:00','2022-12-13 23:30:00'),(39171,1078,89,'jeonju','h',36,0,'03:30:00',15600,NULL,'incheon','jeonju','2022-12-13 21:00:00','2022-12-14 00:00:00'),(39172,1077,88,'jeonju','h',36,0,'03:30:00',15600,NULL,'incheon','jeonju','2022-12-13 21:30:00','2022-12-14 00:30:00'),(39173,1072,87,'jeonju','n',28,0,'03:30:00',15600,NULL,'incheon','jeonju','2022-12-13 22:00:00','2022-12-14 01:00:00'),(39174,1042,86,'jeonju','n',28,0,'03:30:00',15600,NULL,'incheon','jeonju','2022-12-13 22:30:00','2022-12-14 01:30:00'),(39175,1029,85,'jeonju','p',28,0,'03:30:00',15600,NULL,'incheon','jeonju','2022-12-13 23:00:00','2022-12-14 02:00:00'),(39176,1027,84,'jeonju','n',28,0,'03:30:00',15600,NULL,'incheon','jeonju','2022-12-13 23:30:00','2022-12-14 02:30:00'),(39177,1119,94,'jeonju','p',28,0,'03:30:00',15600,NULL,'incheon','jeonju','2022-12-14 00:15:00','2022-12-14 03:15:00'),(39178,1981,147,'jeonju','h',36,0,'03:30:00',15600,NULL,'incheon','jeonju','2022-12-14 00:45:00','2022-12-14 03:45:00'),(39179,1289,110,'jeonju','p',28,0,'03:30:00',15600,NULL,'incheon','jeonju','2022-12-14 01:15:00','2022-12-14 04:15:00'),(39180,1282,104,'jeonju','n',28,0,'03:30:00',15600,NULL,'incheon','jeonju','2022-12-14 01:45:00','2022-12-14 04:45:00'),(39181,1276,103,'jeonju','p',28,0,'03:30:00',15600,NULL,'incheon','jeonju','2022-12-14 02:15:00','2022-12-14 05:15:00'),(39182,1246,102,'jeonju','p',28,0,'03:30:00',15600,NULL,'incheon','jeonju','2022-12-14 02:45:00','2022-12-14 05:45:00'),(39183,1244,101,'jeonju','p',28,0,'03:30:00',15600,NULL,'incheon','jeonju','2022-12-14 03:15:00','2022-12-14 06:15:00'),(39184,1224,100,'jeonju','h',36,0,'03:30:00',15600,NULL,'incheon','jeonju','2022-12-14 03:45:00','2022-12-14 06:45:00'),(39185,1211,99,'jeonju','p',28,0,'03:30:00',15600,NULL,'incheon','jeonju','2022-12-14 04:15:00','2022-12-14 07:15:00'),(39186,1138,98,'jeonju','p',28,0,'03:30:00',15600,NULL,'incheon','jeonju','2022-12-14 04:45:00','2022-12-14 07:45:00'),(39187,1135,97,'jeonju','h',36,0,'03:30:00',15600,NULL,'incheon','jeonju','2022-12-14 05:15:00','2022-12-14 08:15:00'),(39188,1126,96,'jeonju','p',28,0,'03:30:00',15600,NULL,'incheon','jeonju','2022-12-14 05:45:00','2022-12-14 08:45:00'),(39189,1123,95,'jeonju','p',28,0,'03:30:00',15600,NULL,'incheon','jeonju','2022-12-14 06:15:00','2022-12-14 09:15:00'),(39190,1004,82,'jeonju','p',28,0,'03:30:00',15600,NULL,'incheon','jeonju','2022-12-14 06:45:00','2022-12-14 09:45:00'),(39191,1118,93,'jeonju','p',28,0,'03:30:00',15600,NULL,'incheon','jeonju','2022-12-14 07:15:00','2022-12-14 10:15:00'),(39192,1112,92,'jeonju','p',28,0,'03:30:00',15600,NULL,'incheon','jeonju','2022-12-14 07:45:00','2022-12-14 10:45:00'),(39193,1088,91,'jeonju','n',28,0,'03:30:00',15600,NULL,'incheon','jeonju','2022-12-14 08:15:00','2022-12-14 11:15:00'),(39194,1080,90,'jeonju','h',36,0,'03:30:00',15600,NULL,'incheon','jeonju','2022-12-14 08:45:00','2022-12-14 11:45:00'),(39195,1078,89,'jeonju','h',36,0,'03:30:00',15600,NULL,'incheon','jeonju','2022-12-14 09:15:00','2022-12-14 12:15:00'),(39196,1077,88,'jeonju','h',36,0,'03:30:00',15600,NULL,'incheon','jeonju','2022-12-14 09:45:00','2022-12-14 12:45:00'),(39197,1072,87,'jeonju','n',28,0,'03:30:00',15600,NULL,'incheon','jeonju','2022-12-14 10:15:00','2022-12-14 13:15:00'),(39198,1042,86,'jeonju','n',28,0,'03:30:00',15600,NULL,'incheon','jeonju','2022-12-14 10:45:00','2022-12-14 13:45:00'),(39199,1029,85,'jeonju','p',28,0,'03:30:00',15600,NULL,'incheon','jeonju','2022-12-14 11:15:00','2022-12-14 14:15:00'),(39200,1027,84,'jeonju','n',28,0,'03:30:00',15600,NULL,'incheon','jeonju','2022-12-14 11:45:00','2022-12-14 14:45:00'),(39201,1119,94,'jeonju','p',28,0,'03:30:00',15600,NULL,'incheon','jeonju','2022-12-14 12:15:00','2022-12-14 15:15:00'),(39202,1981,147,'jeonju','h',36,0,'03:30:00',15600,NULL,'incheon','jeonju','2022-12-14 12:45:00','2022-12-14 15:45:00'),(39203,1289,110,'jeonju','p',28,0,'03:30:00',15600,NULL,'incheon','jeonju','2022-12-14 13:15:00','2022-12-14 16:15:00'),(39204,1282,104,'jeonju','n',28,0,'03:30:00',15600,NULL,'incheon','jeonju','2022-12-14 13:45:00','2022-12-14 16:45:00'),(39205,1276,103,'jeonju','p',28,0,'03:30:00',15600,NULL,'incheon','jeonju','2022-12-14 14:15:00','2022-12-14 17:15:00'),(39206,1246,102,'jeonju','p',28,0,'03:30:00',15600,NULL,'incheon','jeonju','2022-12-14 14:45:00','2022-12-14 17:45:00'),(39207,1244,101,'jeonju','p',28,0,'03:30:00',15600,NULL,'incheon','jeonju','2022-12-14 15:15:00','2022-12-14 18:15:00'),(39208,1224,100,'jeonju','h',36,0,'03:30:00',15600,NULL,'incheon','jeonju','2022-12-14 15:45:00','2022-12-14 18:45:00'),(39209,1211,99,'jeonju','p',28,0,'03:30:00',15600,NULL,'incheon','jeonju','2022-12-14 16:15:00','2022-12-14 19:15:00'),(39210,1138,98,'jeonju','p',28,0,'03:30:00',15600,NULL,'incheon','jeonju','2022-12-14 16:45:00','2022-12-14 19:45:00'),(39211,1135,97,'jeonju','h',36,0,'03:30:00',15600,NULL,'incheon','jeonju','2022-12-14 17:15:00','2022-12-14 20:15:00'),(39212,1126,96,'jeonju','p',28,0,'03:30:00',15600,NULL,'incheon','jeonju','2022-12-14 17:45:00','2022-12-14 20:45:00'),(39213,1123,95,'jeonju','p',28,0,'03:30:00',15600,NULL,'incheon','jeonju','2022-12-14 18:15:00','2022-12-14 21:15:00'),(39214,1004,82,'jeonju','p',28,0,'03:30:00',15600,NULL,'incheon','jeonju','2022-12-14 18:45:00','2022-12-14 21:45:00'),(39215,1118,93,'jeonju','p',28,0,'03:30:00',15600,NULL,'incheon','jeonju','2022-12-14 19:15:00','2022-12-14 22:15:00'),(39216,1112,92,'jeonju','p',28,0,'03:30:00',15600,NULL,'incheon','jeonju','2022-12-14 19:45:00','2022-12-14 22:45:00'),(39217,1088,91,'jeonju','n',28,0,'03:30:00',15600,NULL,'incheon','jeonju','2022-12-14 20:15:00','2022-12-14 23:15:00'),(39218,1080,90,'jeonju','h',36,0,'03:30:00',15600,NULL,'incheon','jeonju','2022-12-14 20:45:00','2022-12-14 23:45:00'),(39219,1078,89,'jeonju','h',36,0,'03:30:00',15600,NULL,'incheon','jeonju','2022-12-14 21:15:00','2022-12-15 00:15:00'),(39220,1077,88,'jeonju','h',36,0,'03:30:00',15600,NULL,'incheon','jeonju','2022-12-14 21:45:00','2022-12-15 00:45:00'),(39221,1072,87,'jeonju','n',28,0,'03:30:00',15600,NULL,'incheon','jeonju','2022-12-14 22:15:00','2022-12-15 01:15:00'),(39222,1042,86,'jeonju','n',28,0,'03:30:00',15600,NULL,'incheon','jeonju','2022-12-14 22:45:00','2022-12-15 01:45:00'),(39223,1029,85,'jeonju','p',28,0,'03:30:00',15600,NULL,'incheon','jeonju','2022-12-14 23:15:00','2022-12-15 02:15:00'),(39224,1027,84,'jeonju','n',28,0,'03:30:00',15600,NULL,'incheon','jeonju','2022-12-14 23:45:00','2022-12-15 02:45:00'),(39225,1119,94,'jeonju','p',28,0,'03:30:00',15600,NULL,'incheon','jeonju','2022-12-15 00:00:00','2022-12-15 03:00:00'),(39226,1981,147,'jeonju','h',36,0,'03:30:00',15600,NULL,'incheon','jeonju','2022-12-15 00:30:00','2022-12-15 03:30:00'),(39227,1289,110,'jeonju','p',28,0,'03:30:00',15600,NULL,'incheon','jeonju','2022-12-15 01:00:00','2022-12-15 04:00:00'),(39228,1282,104,'jeonju','n',28,0,'03:30:00',15600,NULL,'incheon','jeonju','2022-12-15 01:30:00','2022-12-15 04:30:00'),(39229,1276,103,'jeonju','p',28,0,'03:30:00',15600,NULL,'incheon','jeonju','2022-12-15 02:00:00','2022-12-15 05:00:00'),(39230,1246,102,'jeonju','p',28,0,'03:30:00',15600,NULL,'incheon','jeonju','2022-12-15 02:30:00','2022-12-15 05:30:00'),(39231,1244,101,'jeonju','p',28,0,'03:30:00',15600,NULL,'incheon','jeonju','2022-12-15 03:00:00','2022-12-15 06:00:00'),(39232,1224,100,'jeonju','h',36,0,'03:30:00',15600,NULL,'incheon','jeonju','2022-12-15 03:30:00','2022-12-15 06:30:00'),(39233,1211,99,'jeonju','p',28,0,'03:30:00',15600,NULL,'incheon','jeonju','2022-12-15 04:00:00','2022-12-15 07:00:00'),(39234,1138,98,'jeonju','p',28,0,'03:30:00',15600,NULL,'incheon','jeonju','2022-12-15 04:30:00','2022-12-15 07:30:00'),(39235,1135,97,'jeonju','h',36,0,'03:30:00',15600,NULL,'incheon','jeonju','2022-12-15 05:00:00','2022-12-15 08:00:00'),(39236,1126,96,'jeonju','p',28,0,'03:30:00',15600,NULL,'incheon','jeonju','2022-12-15 05:30:00','2022-12-15 08:30:00'),(39237,1123,95,'jeonju','p',28,0,'03:30:00',15600,NULL,'incheon','jeonju','2022-12-15 06:00:00','2022-12-15 09:00:00'),(39238,1004,82,'jeonju','p',28,0,'03:30:00',15600,NULL,'incheon','jeonju','2022-12-15 06:30:00','2022-12-15 09:30:00'),(39239,1118,93,'jeonju','p',28,0,'03:30:00',15600,NULL,'incheon','jeonju','2022-12-15 07:00:00','2022-12-15 10:00:00'),(39240,1112,92,'jeonju','p',28,0,'03:30:00',15600,NULL,'incheon','jeonju','2022-12-15 07:30:00','2022-12-15 10:30:00'),(39241,1088,91,'jeonju','n',28,0,'03:30:00',15600,NULL,'incheon','jeonju','2022-12-15 08:00:00','2022-12-15 11:00:00'),(39242,1080,90,'jeonju','h',36,0,'03:30:00',15600,NULL,'incheon','jeonju','2022-12-15 08:30:00','2022-12-15 11:30:00'),(39243,1078,89,'jeonju','h',36,0,'03:30:00',15600,NULL,'incheon','jeonju','2022-12-15 09:00:00','2022-12-15 12:00:00'),(39244,1077,88,'jeonju','h',36,0,'03:30:00',15600,NULL,'incheon','jeonju','2022-12-15 09:30:00','2022-12-15 12:30:00'),(39245,1072,87,'jeonju','n',28,0,'03:30:00',15600,NULL,'incheon','jeonju','2022-12-15 10:00:00','2022-12-15 13:00:00'),(39246,1042,86,'jeonju','n',28,0,'03:30:00',15600,NULL,'incheon','jeonju','2022-12-15 10:30:00','2022-12-15 13:30:00'),(39247,1029,85,'jeonju','p',28,0,'03:30:00',15600,NULL,'incheon','jeonju','2022-12-15 11:00:00','2022-12-15 14:00:00'),(39248,1027,84,'jeonju','n',28,0,'03:30:00',15600,NULL,'incheon','jeonju','2022-12-15 11:30:00','2022-12-15 14:30:00'),(39249,1119,94,'jeonju','p',28,0,'03:30:00',15600,NULL,'incheon','jeonju','2022-12-15 12:00:00','2022-12-15 15:00:00'),(39250,1981,147,'jeonju','h',36,0,'03:30:00',15600,NULL,'incheon','jeonju','2022-12-15 12:30:00','2022-12-15 15:30:00'),(39251,1289,110,'jeonju','p',28,0,'03:30:00',15600,NULL,'incheon','jeonju','2022-12-15 13:00:00','2022-12-15 16:00:00'),(39252,1282,104,'jeonju','n',28,0,'03:30:00',15600,NULL,'incheon','jeonju','2022-12-15 13:30:00','2022-12-15 16:30:00'),(39253,1276,103,'jeonju','p',28,0,'03:30:00',15600,NULL,'incheon','jeonju','2022-12-15 14:00:00','2022-12-15 17:00:00'),(39254,1246,102,'jeonju','p',28,0,'03:30:00',15600,NULL,'incheon','jeonju','2022-12-15 14:30:00','2022-12-15 17:30:00'),(39255,1244,101,'jeonju','p',28,0,'03:30:00',15600,NULL,'incheon','jeonju','2022-12-15 15:00:00','2022-12-15 18:00:00'),(39256,1224,100,'jeonju','h',36,0,'03:30:00',15600,NULL,'incheon','jeonju','2022-12-15 15:30:00','2022-12-15 18:30:00'),(39257,1211,99,'jeonju','p',28,0,'03:30:00',15600,NULL,'incheon','jeonju','2022-12-15 16:00:00','2022-12-15 19:00:00'),(39258,1138,98,'jeonju','p',28,0,'03:30:00',15600,NULL,'incheon','jeonju','2022-12-15 16:30:00','2022-12-15 19:30:00'),(39259,1135,97,'jeonju','h',36,0,'03:30:00',15600,NULL,'incheon','jeonju','2022-12-15 17:00:00','2022-12-15 20:00:00'),(39260,1126,96,'jeonju','p',28,0,'03:30:00',15600,NULL,'incheon','jeonju','2022-12-15 17:30:00','2022-12-15 20:30:00'),(39261,1123,95,'jeonju','p',28,0,'03:30:00',15600,NULL,'incheon','jeonju','2022-12-15 18:00:00','2022-12-15 21:00:00'),(39262,1004,82,'jeonju','p',28,0,'03:30:00',15600,NULL,'incheon','jeonju','2022-12-15 18:30:00','2022-12-15 21:30:00'),(39263,1118,93,'jeonju','p',28,0,'03:30:00',15600,NULL,'incheon','jeonju','2022-12-15 19:00:00','2022-12-15 22:00:00'),(39264,1112,92,'jeonju','p',28,0,'03:30:00',15600,NULL,'incheon','jeonju','2022-12-15 19:30:00','2022-12-15 22:30:00'),(39265,1088,91,'jeonju','n',28,0,'03:30:00',15600,NULL,'incheon','jeonju','2022-12-15 20:00:00','2022-12-15 23:00:00'),(39266,1080,90,'jeonju','h',36,0,'03:30:00',15600,NULL,'incheon','jeonju','2022-12-15 20:30:00','2022-12-15 23:30:00'),(39267,1078,89,'jeonju','h',36,0,'03:30:00',15600,NULL,'incheon','jeonju','2022-12-15 21:00:00','2022-12-16 00:00:00'),(39268,1077,88,'jeonju','h',36,0,'03:30:00',15600,NULL,'incheon','jeonju','2022-12-15 21:30:00','2022-12-16 00:30:00'),(39269,1072,87,'jeonju','n',28,3,'03:30:00',15600,NULL,'incheon','jeonju','2022-12-15 22:00:00','2022-12-16 01:00:00'),(39270,1042,86,'jeonju','n',28,0,'03:30:00',15600,NULL,'incheon','jeonju','2022-12-15 22:30:00','2022-12-16 01:30:00'),(39271,1029,85,'jeonju','p',28,0,'03:30:00',15600,NULL,'incheon','jeonju','2022-12-15 23:00:00','2022-12-16 02:00:00'),(39272,1027,84,'jeonju','n',28,0,'03:30:00',15600,NULL,'incheon','jeonju','2022-12-15 23:30:00','2022-12-16 02:30:00'),(39273,1119,94,'jeonju','p',28,0,'03:30:00',15600,NULL,'incheon','jeonju','2022-12-16 00:15:00','2022-12-16 03:15:00'),(39274,1981,147,'jeonju','h',36,0,'03:30:00',15600,NULL,'incheon','jeonju','2022-12-16 00:45:00','2022-12-16 03:45:00'),(39275,1289,110,'jeonju','p',28,0,'03:30:00',15600,NULL,'incheon','jeonju','2022-12-16 01:15:00','2022-12-16 04:15:00'),(39276,1282,104,'jeonju','n',28,0,'03:30:00',15600,NULL,'incheon','jeonju','2022-12-16 01:45:00','2022-12-16 04:45:00'),(39277,1276,103,'jeonju','p',28,0,'03:30:00',15600,NULL,'incheon','jeonju','2022-12-16 02:15:00','2022-12-16 05:15:00'),(39278,1246,102,'jeonju','p',28,0,'03:30:00',15600,NULL,'incheon','jeonju','2022-12-16 02:45:00','2022-12-16 05:45:00'),(39279,1244,101,'jeonju','p',28,0,'03:30:00',15600,NULL,'incheon','jeonju','2022-12-16 03:15:00','2022-12-16 06:15:00'),(39280,1224,100,'jeonju','h',36,0,'03:30:00',15600,NULL,'incheon','jeonju','2022-12-16 03:45:00','2022-12-16 06:45:00'),(39281,1211,99,'jeonju','p',28,0,'03:30:00',15600,NULL,'incheon','jeonju','2022-12-16 04:15:00','2022-12-16 07:15:00'),(39282,1138,98,'jeonju','p',28,0,'03:30:00',15600,NULL,'incheon','jeonju','2022-12-16 04:45:00','2022-12-16 07:45:00'),(39283,1135,97,'jeonju','h',36,0,'03:30:00',15600,NULL,'incheon','jeonju','2022-12-16 05:15:00','2022-12-16 08:15:00'),(39284,1126,96,'jeonju','p',28,0,'03:30:00',15600,NULL,'incheon','jeonju','2022-12-16 05:45:00','2022-12-16 08:45:00'),(39285,1123,95,'jeonju','p',28,0,'03:30:00',15600,NULL,'incheon','jeonju','2022-12-16 06:15:00','2022-12-16 09:15:00'),(39286,1004,82,'jeonju','p',28,0,'03:30:00',15600,NULL,'incheon','jeonju','2022-12-16 06:45:00','2022-12-16 09:45:00'),(39287,1118,93,'jeonju','p',28,0,'03:30:00',15600,NULL,'incheon','jeonju','2022-12-16 07:15:00','2022-12-16 10:15:00'),(39288,1112,92,'jeonju','p',28,0,'03:30:00',15600,NULL,'incheon','jeonju','2022-12-16 07:45:00','2022-12-16 10:45:00'),(39289,1088,91,'jeonju','n',28,0,'03:30:00',15600,NULL,'incheon','jeonju','2022-12-16 08:15:00','2022-12-16 11:15:00'),(39290,1080,90,'jeonju','h',36,0,'03:30:00',15600,NULL,'incheon','jeonju','2022-12-16 08:45:00','2022-12-16 11:45:00'),(39291,1078,89,'jeonju','h',36,0,'03:30:00',15600,NULL,'incheon','jeonju','2022-12-16 09:15:00','2022-12-16 12:15:00'),(39292,1077,88,'jeonju','h',36,0,'03:30:00',15600,NULL,'incheon','jeonju','2022-12-16 09:45:00','2022-12-16 12:45:00'),(39293,1072,87,'jeonju','n',28,0,'03:30:00',15600,NULL,'incheon','jeonju','2022-12-16 10:15:00','2022-12-16 13:15:00'),(39294,1042,86,'jeonju','n',28,0,'03:30:00',15600,NULL,'incheon','jeonju','2022-12-16 10:45:00','2022-12-16 13:45:00'),(39295,1029,85,'jeonju','p',28,0,'03:30:00',15600,NULL,'incheon','jeonju','2022-12-16 11:15:00','2022-12-16 14:15:00'),(39296,1027,84,'jeonju','n',28,0,'03:30:00',15600,NULL,'incheon','jeonju','2022-12-16 11:45:00','2022-12-16 14:45:00'),(39297,1119,94,'jeonju','p',28,0,'03:30:00',15600,NULL,'incheon','jeonju','2022-12-16 12:15:00','2022-12-16 15:15:00'),(39298,1981,147,'jeonju','h',36,0,'03:30:00',15600,NULL,'incheon','jeonju','2022-12-16 12:45:00','2022-12-16 15:45:00'),(39299,1289,110,'jeonju','p',28,0,'03:30:00',15600,NULL,'incheon','jeonju','2022-12-16 13:15:00','2022-12-16 16:15:00'),(39300,1282,104,'jeonju','n',28,0,'03:30:00',15600,NULL,'incheon','jeonju','2022-12-16 13:45:00','2022-12-16 16:45:00'),(39301,1276,103,'jeonju','p',28,0,'03:30:00',15600,NULL,'incheon','jeonju','2022-12-16 14:15:00','2022-12-16 17:15:00'),(39302,1246,102,'jeonju','p',28,0,'03:30:00',15600,NULL,'incheon','jeonju','2022-12-16 14:45:00','2022-12-16 17:45:00');
/*!40000 ALTER TABLE `bus_move_info` ENABLE KEYS */;
UNLOCK TABLES;

--
-- Table structure for table `bus_price`
--

DROP TABLE IF EXISTS `bus_price`;
/*!40101 SET @saved_cs_client     = @@character_set_client */;
/*!50503 SET character_set_client = utf8mb4 */;
CREATE TABLE `bus_price` (
  `leave_location` varchar(20) NOT NULL COMMENT '전주-서울 일반버스',
  `arrive_location` varchar(20) NOT NULL,
  `class` char(1) NOT NULL COMMENT 'n= 일반, p=프리미엄, h=우등',
  `price` int unsigned NOT NULL DEFAULT '0',
  PRIMARY KEY (`leave_location`,`arrive_location`,`class`)
) ENGINE=InnoDB DEFAULT CHARSET=utf8mb4 COLLATE=utf8mb4_0900_ai_ci;
/*!40101 SET character_set_client = @saved_cs_client */;

--
-- Dumping data for table `bus_price`
--

LOCK TABLES `bus_price` WRITE;
/*!40000 ALTER TABLE `bus_price` DISABLE KEYS */;
INSERT INTO `bus_price` VALUES ('incheon','jeonju','h',20900),('incheon','jeonju','n',15900),('incheon','jeonju','p',25900),('jeonju','incheon','h',20900),('jeonju','incheon','n',15900),('jeonju','incheon','p',25900),('jeonju','seoul','h',20600),('jeonju','seoul','n',15600),('jeonju','seoul','p',25600),('seoul','jeonju','h',20600),('seoul','jeonju','n',15600),('seoul','jeonju','p',25600);
/*!40000 ALTER TABLE `bus_price` ENABLE KEYS */;
UNLOCK TABLES;

--
-- Table structure for table `customers`
--

DROP TABLE IF EXISTS `customers`;
/*!40101 SET @saved_cs_client     = @@character_set_client */;
/*!50503 SET character_set_client = utf8mb4 */;
CREATE TABLE `customers` (
  `customerID` int unsigned NOT NULL AUTO_INCREMENT,
  `name` char(50) NOT NULL,
  `address` char(100) NOT NULL,
  `city` char(30) NOT NULL,
  PRIMARY KEY (`customerID`),
  CONSTRAINT `customers_ibfk_1` FOREIGN KEY (`customerID`) REFERENCES `ordersf` (`customerID`)
) ENGINE=InnoDB AUTO_INCREMENT=10 DEFAULT CHARSET=utf8mb4 COLLATE=utf8mb4_0900_ai_ci;
/*!40101 SET character_set_client = @saved_cs_client */;

--
-- Dumping data for table `customers`
--

LOCK TABLES `customers` WRITE;
/*!40000 ALTER TABLE `customers` DISABLE KEYS */;
/*!40000 ALTER TABLE `customers` ENABLE KEYS */;
UNLOCK TABLES;

--
-- Table structure for table `dev_account_book`
--

DROP TABLE IF EXISTS `dev_account_book`;
/*!40101 SET @saved_cs_client     = @@character_set_client */;
/*!50503 SET character_set_client = utf8mb4 */;
CREATE TABLE `dev_account_book` (
  `trade_id` int unsigned NOT NULL AUTO_INCREMENT COMMENT '거래번호',
  `seller_id` varchar(10) NOT NULL COMMENT '판매자ID',
  `buyer_id` varchar(10) NOT NULL COMMENT '구매자ID',
  `quantity` int unsigned NOT NULL COMMENT '거래수량',
  `money` int unsigned NOT NULL COMMENT '거래금액',
  `reg_date` datetime NOT NULL COMMENT '거래일',
  PRIMARY KEY (`trade_id`),
  KEY `seller_id` (`seller_id`),
  KEY `buyer_id` (`buyer_id`),
  KEY `quantity` (`quantity`),
  KEY `money` (`money`),
  KEY `reg_date` (`reg_date`)
) ENGINE=InnoDB AUTO_INCREMENT=100000 DEFAULT CHARSET=utf8mb4 COLLATE=utf8mb4_0900_ai_ci;
/*!40101 SET character_set_client = @saved_cs_client */;

--
-- Dumping data for table `dev_account_book`
--

LOCK TABLES `dev_account_book` WRITE;
/*!40000 ALTER TABLE `dev_account_book` DISABLE KEYS */;
/*!40000 ALTER TABLE `dev_account_book` ENABLE KEYS */;
UNLOCK TABLES;

--
-- Table structure for table `dev_user_info`
--

DROP TABLE IF EXISTS `dev_user_info`;
/*!40101 SET @saved_cs_client     = @@character_set_client */;
/*!50503 SET character_set_client = utf8mb4 */;
CREATE TABLE `dev_user_info` (
  `user_no` int unsigned NOT NULL AUTO_INCREMENT COMMENT '회원번호',
  `user_id` varchar(10) NOT NULL COMMENT '회원아이디',
  `user_passwd` varchar(50) NOT NULL COMMENT '회원비밀번호',
  `user_birth` char(6) NOT NULL COMMENT '회원생일',
  `user_gender` char(1) NOT NULL COMMENT '회원성별(1:남/2:여)',
  `user_city` char(2) NOT NULL COMMENT '회원 거주지',
  `user_reg_date` datetime NOT NULL COMMENT '가입일',
  PRIMARY KEY (`user_no`),
  KEY `idx_user_id` (`user_id`)
) ENGINE=InnoDB AUTO_INCREMENT=11 DEFAULT CHARSET=utf8mb4 COLLATE=utf8mb4_0900_ai_ci;
/*!40101 SET character_set_client = @saved_cs_client */;

--
-- Dumping data for table `dev_user_info`
--

LOCK TABLES `dev_user_info` WRITE;
/*!40000 ALTER TABLE `dev_user_info` DISABLE KEYS */;
/*!40000 ALTER TABLE `dev_user_info` ENABLE KEYS */;
UNLOCK TABLES;

--
-- Table structure for table `driver_info`
--

DROP TABLE IF EXISTS `driver_info`;
/*!40101 SET @saved_cs_client     = @@character_set_client */;
/*!50503 SET character_set_client = utf8mb4 */;
CREATE TABLE `driver_info` (
  `driver_num` int unsigned NOT NULL AUTO_INCREMENT COMMENT '기사번호',
  `driver_id` varchar(20) NOT NULL COMMENT '기사 아이디',
  `driver_pw` varchar(20) NOT NULL COMMENT '기사 패스워드',
  `driver_name` varchar(20) NOT NULL COMMENT '기사 이름',
  `driver_phone` int NOT NULL COMMENT '전화번호',
  `driver_email` varchar(50) NOT NULL COMMENT '기사 이메일',
  `driver_location` varchar(45) NOT NULL COMMENT '위치',
  `driver_check` char(1) NOT NULL COMMENT '운행여부 y=yes, n=no',
  `reg_day` datetime NOT NULL COMMENT '등록일',
  `change_day` datetime NOT NULL DEFAULT '0000-00-00 00:00:00',
  PRIMARY KEY (`driver_num`),
  UNIQUE KEY `driver_id_UNIQUE` (`driver_id`)
) ENGINE=InnoDB AUTO_INCREMENT=148 DEFAULT CHARSET=utf8mb4 COLLATE=utf8mb4_0900_ai_ci COMMENT='기사 정보';
/*!40101 SET character_set_client = @saved_cs_client */;

--
-- Dumping data for table `driver_info`
--

LOCK TABLES `driver_info` WRITE;
/*!40000 ALTER TABLE `driver_info` DISABLE KEYS */;
INSERT INTO `driver_info` VALUES (1,'dirver1','123','김민혁',3213,'driver1@driver.com','jeonju','n','2022-12-12 09:07:52','0000-00-00 00:00:00'),(2,'dirver2','123','김수민',3213,'driver1@driver.com','jeonju','n','2022-12-12 09:08:54','0000-00-00 00:00:00'),(10,'dirver3','123','김주현',3213,'driver1@driver.com','jeonju','n','2022-12-12 09:27:58','0000-00-00 00:00:00'),(11,'dirver4','123','김정혁',3213,'driver1@driver.com','jeonju','n','2022-12-12 09:27:58','0000-00-00 00:00:00'),(12,'dirver5','123','이전민',3213,'driver1@driver.com','jeonju','n','2022-12-12 09:27:58','0000-00-00 00:00:00'),(13,'dirver6','123','이주혁',3213,'driver1@driver.com','jeonju','n','2022-12-12 09:27:58','0000-00-00 00:00:00'),(14,'dirver7','123','김범',3213,'driver1@driver.com','jeonju','n','2022-12-12 09:27:58','0000-00-00 00:00:00'),(15,'dirver8','123','김범수',3213,'driver1@driver.com','jeonju','n','2022-12-12 09:27:58','0000-00-00 00:00:00'),(16,'dirver9','123','김지훈',3213,'driver1@driver.com','jeonju','n','2022-12-12 09:27:58','0000-00-00 00:00:00'),(17,'dirver10','123','박빈',3213,'driver1@driver.com','jeonju','n','2022-12-12 09:27:58','0000-00-00 00:00:00'),(18,'dirver11','123','박혁',3213,'driver1@driver.com','jeonju','n','2022-12-12 09:27:58','0000-00-00 00:00:00'),(19,'dirver12','123','김혁',3213,'driver1@driver.com','jeonju','n','2022-12-12 09:27:58','0000-00-00 00:00:00'),(20,'dirver13','123','서정민',3213,'driver1@driver.com','jeonju','n','2022-12-12 09:27:58','0000-00-00 00:00:00'),(21,'dirver14','123','김소라',3213,'driver1@driver.com','jeonju','n','2022-12-12 09:27:58','0000-00-00 00:00:00'),(22,'dirver15','123','김수정',3213,'driver1@driver.com','jeonju','n','2022-12-12 09:27:58','0000-00-00 00:00:00'),(23,'dirver16','123','조정혁',3213,'driver1@driver.com','jeonju','n','2022-12-12 09:27:58','0000-00-00 00:00:00'),(24,'dirver17','123','조주영',3213,'driver1@driver.com','jeonju','n','2022-12-12 09:27:58','0000-00-00 00:00:00'),(25,'dirver18','123','주수민',3213,'driver1@driver.com','jeonju','n','2022-12-12 09:27:58','0000-00-00 00:00:00'),(26,'dirver19','123','주수혁',3213,'driver1@driver.com','jeonju','n','2022-12-12 09:27:58','0000-00-00 00:00:00'),(27,'dirver20','123','이혁',3213,'driver1@driver.com','jeonju','n','2022-12-12 09:27:58','0000-00-00 00:00:00'),(28,'dirver21','123','오정훈',3213,'driver1@driver.com','jeonju','n','2022-12-12 09:27:58','0000-00-00 00:00:00'),(29,'dirver22','123','정훈',3213,'driver1@driver.com','jeonju','n','2022-12-12 09:27:58','0000-00-00 00:00:00'),(30,'dirver23','123','김수현',3213,'driver1@driver.com','jeonju','n','2022-12-12 09:27:58','0000-00-00 00:00:00'),(31,'dirver24','123','현정혁',3213,'driver1@driver.com','jeonju','n','2022-12-12 09:27:58','0000-00-00 00:00:00'),(32,'dirver25','123','설정수',3213,'driver1@driver.com','jeonju','n','2022-12-12 09:27:58','0000-00-00 00:00:00'),(33,'dirver26','123','설정민',3213,'driver1@driver.com','jeonju','n','2022-12-12 09:27:58','0000-00-00 00:00:00'),(34,'dirver27','123','김수민',3213,'driver1@driver.com','jeonju','n','2022-12-12 09:27:58','0000-00-00 00:00:00'),(35,'dirver28','123','김수민',3213,'driver1@driver.com','jeonju','n','2022-12-12 09:27:58','0000-00-00 00:00:00'),(36,'dirver29','123','김수민',3213,'driver1@driver.com','jeonju','n','2022-12-12 09:27:58','0000-00-00 00:00:00'),(37,'dirver30','123','김수민',3213,'driver1@driver.com','jeonju','n','2022-12-12 09:27:58','0000-00-00 00:00:00'),(38,'dirver31','123','김수민',3213,'driver1@driver.com','jeonju','n','2022-12-12 09:27:58','0000-00-00 00:00:00'),(39,'dirver32','123','김수민',3213,'driver1@driver.com','seoul','n','2022-12-12 09:27:58','0000-00-00 00:00:00'),(40,'dirver33','123','김수민',3213,'driver1@driver.com','seoul','n','2022-12-12 09:27:58','0000-00-00 00:00:00'),(41,'dirver34','123','김수민',3213,'driver1@driver.com','seoul','n','2022-12-12 09:27:58','0000-00-00 00:00:00'),(42,'dirver35','123','김수민',3213,'driver1@driver.com','seoul','n','2022-12-12 09:27:58','0000-00-00 00:00:00'),(43,'dirver36','123','김수민',3213,'driver1@driver.com','seoul','n','2022-12-12 09:27:58','0000-00-00 00:00:00'),(44,'dirver37','123','김수민',3213,'driver1@driver.com','seoul','n','2022-12-12 09:27:58','0000-00-00 00:00:00'),(45,'dirver38','123','김수민',3213,'driver1@driver.com','seoul','n','2022-12-12 09:27:58','0000-00-00 00:00:00'),(46,'dirver39','123','김수민',3213,'driver1@driver.com','seoul','n','2022-12-12 09:27:58','0000-00-00 00:00:00'),(47,'dirver40','123','김수민',3213,'driver1@driver.com','seoul','n','2022-12-12 09:27:58','0000-00-00 00:00:00'),(48,'dirver41','123','김수민',3213,'driver1@driver.com','seoul','n','2022-12-12 09:27:58','0000-00-00 00:00:00'),(49,'dirver42','123','김수민',3213,'driver1@driver.com','seoul','n','2022-12-12 09:27:58','0000-00-00 00:00:00'),(50,'dirver43','123','김수민',3213,'driver1@driver.com','seoul','n','2022-12-12 09:27:58','0000-00-00 00:00:00'),(51,'dirver44','123','김수민',3213,'driver1@driver.com','seoul','n','2022-12-12 09:27:58','0000-00-00 00:00:00'),(52,'dirver45','123','김수민',3213,'driver1@driver.com','seoul','n','2022-12-12 09:27:58','0000-00-00 00:00:00'),(53,'dirver46','123','김수민',3213,'driver1@driver.com','seoul','n','2022-12-12 09:27:58','0000-00-00 00:00:00'),(54,'dirver47','123','김수민',3213,'driver1@driver.com','seoul','n','2022-12-12 09:27:58','0000-00-00 00:00:00'),(55,'dirver48','123','김수민',3213,'driver1@driver.com','seoul','n','2022-12-12 09:27:58','0000-00-00 00:00:00'),(56,'dirver49','123','김수민',3213,'driver1@driver.com','seoul','n','2022-12-12 09:27:58','0000-00-00 00:00:00'),(57,'dirver50','123','김수민',3213,'driver1@driver.com','seoul','n','2022-12-12 09:27:58','0000-00-00 00:00:00'),(58,'dirver51','123','김수민',3213,'driver1@driver.com','seoul','n','2022-12-12 09:27:58','0000-00-00 00:00:00'),(59,'dirver52','123','김수민',3213,'driver1@driver.com','seoul','n','2022-12-12 09:27:58','0000-00-00 00:00:00'),(60,'dirver53','123','김수민',3213,'driver1@driver.com','seoul','n','2022-12-12 09:27:58','0000-00-00 00:00:00'),(61,'dirver54','123','김수민',3213,'driver1@driver.com','seoul','n','2022-12-12 09:27:58','0000-00-00 00:00:00'),(62,'dirver55','123','김수민',3213,'driver1@driver.com','seoul','n','2022-12-12 09:27:58','0000-00-00 00:00:00'),(63,'dirver56','123','김수민',3213,'driver1@driver.com','seoul','n','2022-12-12 09:27:58','0000-00-00 00:00:00'),(64,'dirver57','123','김수민',3213,'driver1@driver.com','seoul','n','2022-12-12 09:27:58','0000-00-00 00:00:00'),(65,'dirver58','123','김수민',3213,'driver1@driver.com','seoul','n','2022-12-12 09:27:58','0000-00-00 00:00:00'),(66,'dirver59','123','김수민',3213,'driver1@driver.com','seoul','n','2022-12-12 09:27:58','0000-00-00 00:00:00'),(67,'dirver60','123','김수민',3213,'driver1@driver.com','seoul','n','2022-12-12 09:27:58','0000-00-00 00:00:00'),(68,'dirver61','123','김수민',3213,'driver1@driver.com','seoul','n','2022-12-12 09:27:58','0000-00-00 00:00:00'),(69,'dirver62','123','김수민',3213,'driver1@driver.com','seoul','n','2022-12-12 09:27:58','0000-00-00 00:00:00'),(70,'dirver63','123','김수민',3213,'driver1@driver.com','seoul','n','2022-12-12 09:27:58','0000-00-00 00:00:00'),(71,'dirver64','123','김수민',3213,'driver1@driver.com','seoul','n','2022-12-12 09:27:58','0000-00-00 00:00:00'),(72,'dirver65','123','김수민',3213,'driver1@driver.com','seoul','n','2022-12-12 09:27:58','0000-00-00 00:00:00'),(73,'dirver66','123','김수민',3213,'driver1@driver.com','seoul','n','2022-12-12 09:27:59','0000-00-00 00:00:00'),(77,'dirver67','123','김수민',3213,'driver1@driver.com','seoul','n','2022-12-12 09:28:28','0000-00-00 00:00:00'),(78,'dirver68','123','김수민',3213,'driver1@driver.com','seoul','n','2022-12-12 09:28:29','0000-00-00 00:00:00'),(79,'dirver69','123','김수민',3213,'driver1@driver.com','seoul','n','2022-12-12 09:28:30','0000-00-00 00:00:00'),(80,'dirver70','123','김수민',3213,'driver1@driver.com','seoul','n','2022-12-12 09:28:30','0000-00-00 00:00:00'),(82,'dirver93','123','김수민',3213,'driver1@driver.com','incheon','n','2022-12-13 10:11:25','0000-00-00 00:00:00'),(83,'dirver71','123','김수민',3213,'driver1@driver.com','incheon','n','2022-12-13 10:12:09','0000-00-00 00:00:00'),(84,'dirver72','123','김수민',3213,'driver1@driver.com','incheon','n','2022-12-13 10:12:09','0000-00-00 00:00:00'),(85,'dirver73','123','김수민',3213,'driver1@driver.com','incheon','n','2022-12-13 10:12:09','0000-00-00 00:00:00'),(86,'dirver74','123','김수민',3213,'driver1@driver.com','incheon','n','2022-12-13 10:12:09','0000-00-00 00:00:00'),(87,'dirver75','123','김수민',3213,'driver1@driver.com','incheon','n','2022-12-13 10:12:09','0000-00-00 00:00:00'),(88,'dirver76','123','김수민',3213,'driver1@driver.com','incheon','n','2022-12-13 10:12:09','0000-00-00 00:00:00'),(89,'dirver77','123','김수민',3213,'driver1@driver.com','incheon','n','2022-12-13 10:12:09','0000-00-00 00:00:00'),(90,'dirver78','123','김수민',3213,'driver1@driver.com','incheon','n','2022-12-13 10:12:09','0000-00-00 00:00:00'),(91,'dirver79','123','김수민',3213,'driver1@driver.com','incheon','n','2022-12-13 10:12:09','0000-00-00 00:00:00'),(92,'dirver80','123','김수민',3213,'driver1@driver.com','incheon','n','2022-12-13 10:12:09','0000-00-00 00:00:00'),(93,'dirver81','123','김수민',3213,'driver1@driver.com','incheon','n','2022-12-13 10:12:09','0000-00-00 00:00:00'),(94,'dirver82','123','김수민',3213,'driver1@driver.com','incheon','n','2022-12-13 10:12:09','0000-00-00 00:00:00'),(95,'dirver83','123','김수민',3213,'driver1@driver.com','incheon','n','2022-12-13 10:12:09','0000-00-00 00:00:00'),(96,'dirver84','123','김수민',3213,'driver1@driver.com','incheon','n','2022-12-13 10:12:09','0000-00-00 00:00:00'),(97,'dirver85','123','김수민',3213,'driver1@driver.com','incheon','n','2022-12-13 10:12:09','0000-00-00 00:00:00'),(98,'dirver86','123','김수민',3213,'driver1@driver.com','incheon','n','2022-12-13 10:12:09','0000-00-00 00:00:00'),(99,'dirver87','123','김수민',3213,'driver1@driver.com','incheon','n','2022-12-13 10:12:09','0000-00-00 00:00:00'),(100,'dirver88','123','김수민',3213,'driver1@driver.com','incheon','n','2022-12-13 10:12:09','0000-00-00 00:00:00'),(101,'dirver89','123','김수민',3213,'driver1@driver.com','incheon','n','2022-12-13 10:12:09','0000-00-00 00:00:00'),(102,'dirver90','123','김수민',3213,'driver1@driver.com','incheon','n','2022-12-13 10:12:09','0000-00-00 00:00:00'),(103,'dirver91','123','김수민',3213,'driver1@driver.com','incheon','n','2022-12-13 10:12:09','0000-00-00 00:00:00'),(104,'dirver92','123','김수민',3213,'driver1@driver.com','incheon','n','2022-12-13 10:12:09','0000-00-00 00:00:00'),(110,'dirver94','123','김수민',3213,'driver1@driver.com','incheon','n','2022-12-13 10:45:11','0000-00-00 00:00:00'),(111,'dirver95','123','김수민',3213,'driver1@driver.com','incheon','n','2022-12-13 10:45:11','0000-00-00 00:00:00'),(112,'dirver96','123','김수민',3213,'driver1@driver.com','incheon','n','2022-12-13 10:45:11','0000-00-00 00:00:00'),(113,'dirver97','123','김수민',3213,'driver1@driver.com','incheon','n','2022-12-13 10:45:11','0000-00-00 00:00:00'),(114,'dirver98','123','김수민',3213,'driver1@driver.com','incheon','n','2022-12-13 10:45:11','0000-00-00 00:00:00'),(115,'dirver99','123','김수민',3213,'driver1@driver.com','incheon','n','2022-12-13 10:45:11','0000-00-00 00:00:00'),(116,'dirver100','123','김수민',3213,'driver1@driver.com','incheon','n','2022-12-13 10:45:11','0000-00-00 00:00:00'),(117,'dirver101','123','김수민',3213,'driver1@driver.com','incheon','n','2022-12-13 10:45:11','0000-00-00 00:00:00'),(118,'dirver102','123','김수민',3213,'driver1@driver.com','incheon','n','2022-12-13 10:45:11','0000-00-00 00:00:00'),(119,'dirver103','123','김수민',3213,'driver1@driver.com','incheon','n','2022-12-13 10:45:11','0000-00-00 00:00:00'),(120,'dirver104','123','김수민',3213,'driver1@driver.com','incheon','n','2022-12-13 10:45:11','0000-00-00 00:00:00'),(121,'dirver105','123','김수민',3213,'driver1@driver.com','incheon','n','2022-12-13 10:45:11','0000-00-00 00:00:00'),(122,'dirver106','123','김수민',3213,'driver1@driver.com','incheon','n','2022-12-13 10:45:11','0000-00-00 00:00:00'),(123,'dirver107','123','김수민',3213,'driver1@driver.com','incheon','n','2022-12-13 10:45:11','0000-00-00 00:00:00'),(124,'dirver108','123','김수민',3213,'driver1@driver.com','incheon','n','2022-12-13 10:45:11','0000-00-00 00:00:00'),(125,'dirver109','123','김수민',3213,'driver1@driver.com','incheon','n','2022-12-13 10:45:11','0000-00-00 00:00:00'),(126,'dirver110','123','김수민',3213,'driver1@driver.com','incheon','n','2022-12-13 10:45:11','0000-00-00 00:00:00'),(127,'dirver111','123','김수민',3213,'driver1@driver.com','incheon','n','2022-12-13 10:45:11','0000-00-00 00:00:00'),(128,'dirver112','123','김수민',3213,'driver1@driver.com','incheon','n','2022-12-13 10:45:11','0000-00-00 00:00:00'),(129,'dirver113','123','김수민',3213,'driver1@driver.com','incheon','n','2022-12-13 10:45:11','0000-00-00 00:00:00'),(130,'dirver114','123','김수민',3213,'driver1@driver.com','incheon','n','2022-12-13 10:45:11','0000-00-00 00:00:00'),(131,'dirver115','123','김수민',3213,'driver1@driver.com','incheon','n','2022-12-13 10:45:11','0000-00-00 00:00:00'),(132,'dirver116','123','김수민',3213,'driver1@driver.com','incheon','n','2022-12-13 10:45:11','0000-00-00 00:00:00'),(133,'dirver117','123','김수민',3213,'driver1@driver.com','incheon','n','2022-12-13 10:45:11','0000-00-00 00:00:00'),(134,'dirver118','123','김수민',3213,'driver1@driver.com','incheon','n','2022-12-13 13:33:07','0000-00-00 00:00:00'),(135,'dirver119','123','김수민',3213,'driver1@driver.com','incheon','n','2022-12-13 13:33:07','0000-00-00 00:00:00'),(136,'dirver120','123','김수민',3213,'driver1@driver.com','incheon','n','2022-12-13 13:33:07','0000-00-00 00:00:00'),(137,'dirver121','123','김수민',3213,'driver1@driver.com','incheon','n','2022-12-13 13:33:07','0000-00-00 00:00:00'),(138,'dirver122','123','김수민',3213,'driver1@driver.com','incheon','n','2022-12-13 13:33:07','0000-00-00 00:00:00'),(139,'dirver123','123','김수민',3213,'driver1@driver.com','incheon','n','2022-12-13 13:33:07','0000-00-00 00:00:00'),(140,'dirver124','123','김수민',3213,'driver1@driver.com','incheon','n','2022-12-13 13:33:07','0000-00-00 00:00:00'),(141,'dirver125','123','김수민',3213,'driver1@driver.com','incheon','n','2022-12-13 13:33:07','0000-00-00 00:00:00'),(142,'dirver126','123','김수민',3213,'driver1@driver.com','incheon','n','2022-12-13 13:33:07','0000-00-00 00:00:00'),(143,'dirver127','123','김수민',3213,'driver1@driver.com','incheon','n','2022-12-13 13:33:07','0000-00-00 00:00:00'),(144,'dirver128','123','김수민',3213,'driver1@driver.com','incheon','n','2022-12-13 13:33:07','0000-00-00 00:00:00'),(145,'dirver129','123','김수민',3213,'driver1@driver.com','incheon','n','2022-12-13 13:33:07','0000-00-00 00:00:00'),(146,'dirver130','123','김수민',3213,'driver1@driver.com','incheon','n','2022-12-13 13:33:07','0000-00-00 00:00:00'),(147,'dirver131','123','김수민',3213,'driver1@driver.com','incheon','n','2022-12-13 13:33:07','0000-00-00 00:00:00');
/*!40000 ALTER TABLE `driver_info` ENABLE KEYS */;
UNLOCK TABLES;

--
-- Table structure for table `login_list`
--

DROP TABLE IF EXISTS `login_list`;
/*!40101 SET @saved_cs_client     = @@character_set_client */;
/*!50503 SET character_set_client = utf8mb4 */;
CREATE TABLE `login_list` (
  `seq` int unsigned NOT NULL AUTO_INCREMENT COMMENT '시퀀스',
  `user_num` int unsigned NOT NULL COMMENT '유저번호',
  `success_flag` char(1) NOT NULL COMMENT '성공 여부 t=true, f=flase',
  `login_day` datetime NOT NULL COMMENT '로그인 날짜',
  PRIMARY KEY (`seq`),
  KEY `fk_login_list_user_info1_idx` (`user_num`),
  CONSTRAINT `fk_login_list_user_info1` FOREIGN KEY (`user_num`) REFERENCES `user_info` (`user_num`)
) ENGINE=InnoDB AUTO_INCREMENT=14 DEFAULT CHARSET=utf8mb4 COLLATE=utf8mb4_0900_ai_ci COMMENT='로그인 리스트';
/*!40101 SET character_set_client = @saved_cs_client */;

--
-- Dumping data for table `login_list`
--

LOCK TABLES `login_list` WRITE;
/*!40000 ALTER TABLE `login_list` DISABLE KEYS */;
INSERT INTO `login_list` VALUES (1,1,'t','2022-12-09 15:02:54'),(2,2,'t','2022-12-09 15:31:45'),(3,1,'t','2022-12-11 15:49:42'),(4,3,'t','2022-12-11 16:21:56'),(5,1,'t','2022-12-11 16:51:41'),(6,2,'t','2022-12-11 16:51:54'),(7,3,'t','2022-12-11 16:58:26'),(8,4,'t','2022-12-11 17:01:02'),(9,1,'t','2022-12-12 10:52:33'),(10,3,'t','2022-12-13 10:40:54'),(11,1,'t','2022-12-13 19:46:11'),(12,4,'t','2022-12-14 21:00:31'),(13,2,'t','2022-12-14 21:01:00');
/*!40000 ALTER TABLE `login_list` ENABLE KEYS */;
UNLOCK TABLES;

--
-- Table structure for table `mile_charge_list`
--

DROP TABLE IF EXISTS `mile_charge_list`;
/*!40101 SET @saved_cs_client     = @@character_set_client */;
/*!50503 SET character_set_client = utf8mb4 */;
CREATE TABLE `mile_charge_list` (
  `seq` int unsigned NOT NULL AUTO_INCREMENT COMMENT '시퀀스',
  `user_num` int unsigned NOT NULL,
  `account_code` char(5) NOT NULL COMMENT '장부코드',
  `trade_code` varchar(20) NOT NULL COMMENT '거래번호',
  `charge_mile` int unsigned NOT NULL DEFAULT '0' COMMENT '충전금액',
  `charge_route` varchar(6) NOT NULL COMMENT '충전 경로 (A=계좌이체 , M=모바일 등)',
  `charge_day` datetime NOT NULL COMMENT '충전일',
  PRIMARY KEY (`seq`)
) ENGINE=InnoDB DEFAULT CHARSET=utf8mb4 COLLATE=utf8mb4_0900_ai_ci COMMENT='마일리지 충전 리스트';
/*!40101 SET character_set_client = @saved_cs_client */;

--
-- Dumping data for table `mile_charge_list`
--

LOCK TABLES `mile_charge_list` WRITE;
/*!40000 ALTER TABLE `mile_charge_list` DISABLE KEYS */;
/*!40000 ALTER TABLE `mile_charge_list` ENABLE KEYS */;
UNLOCK TABLES;

--
-- Table structure for table `mile_withdraw_list`
--

DROP TABLE IF EXISTS `mile_withdraw_list`;
/*!40101 SET @saved_cs_client     = @@character_set_client */;
/*!50503 SET character_set_client = utf8mb4 */;
CREATE TABLE `mile_withdraw_list` (
  `seq` int unsigned NOT NULL AUTO_INCREMENT COMMENT '시퀀스',
  `user_num` int unsigned NOT NULL,
  `account_code` char(5) NOT NULL COMMENT '장부코드',
  `trade_code` varchar(20) NOT NULL COMMENT '거래번호',
  `withdraw_mile` int unsigned NOT NULL COMMENT '출금 마일리지',
  `withdraw_route` varchar(20) NOT NULL COMMENT '출금 경로(계좌)',
  `withdraw_day` datetime NOT NULL COMMENT '출금일',
  PRIMARY KEY (`seq`)
) ENGINE=InnoDB DEFAULT CHARSET=utf8mb4 COLLATE=utf8mb4_0900_ai_ci COMMENT='마일리지 출금 리스트';
/*!40101 SET character_set_client = @saved_cs_client */;

--
-- Dumping data for table `mile_withdraw_list`
--

LOCK TABLES `mile_withdraw_list` WRITE;
/*!40000 ALTER TABLE `mile_withdraw_list` DISABLE KEYS */;
/*!40000 ALTER TABLE `mile_withdraw_list` ENABLE KEYS */;
UNLOCK TABLES;

--
-- Table structure for table `order_items`
--

DROP TABLE IF EXISTS `order_items`;
/*!40101 SET @saved_cs_client     = @@character_set_client */;
/*!50503 SET character_set_client = utf8mb4 */;
CREATE TABLE `order_items` (
  `orderID` int unsigned NOT NULL,
  `isbn` char(13) NOT NULL,
  `quantity` tinyint unsigned DEFAULT NULL,
  PRIMARY KEY (`orderID`,`isbn`)
) ENGINE=InnoDB DEFAULT CHARSET=utf8mb4 COLLATE=utf8mb4_0900_ai_ci;
/*!40101 SET character_set_client = @saved_cs_client */;

--
-- Dumping data for table `order_items`
--

LOCK TABLES `order_items` WRITE;
/*!40000 ALTER TABLE `order_items` DISABLE KEYS */;
/*!40000 ALTER TABLE `order_items` ENABLE KEYS */;
UNLOCK TABLES;

--
-- Table structure for table `orders`
--

DROP TABLE IF EXISTS `orders`;
/*!40101 SET @saved_cs_client     = @@character_set_client */;
/*!50503 SET character_set_client = utf8mb4 */;
CREATE TABLE `orders` (
  `orderID` int unsigned NOT NULL AUTO_INCREMENT,
  `customerID` int unsigned NOT NULL,
  `amount` float NOT NULL,
  `date` date NOT NULL,
  PRIMARY KEY (`orderID`),
  KEY `customerID` (`customerID`),
  CONSTRAINT `orders_ibfk_1` FOREIGN KEY (`customerID`) REFERENCES `ordersf` (`customerID`)
) ENGINE=InnoDB AUTO_INCREMENT=5 DEFAULT CHARSET=utf8mb4 COLLATE=utf8mb4_0900_ai_ci;
/*!40101 SET character_set_client = @saved_cs_client */;

--
-- Dumping data for table `orders`
--

LOCK TABLES `orders` WRITE;
/*!40000 ALTER TABLE `orders` DISABLE KEYS */;
/*!40000 ALTER TABLE `orders` ENABLE KEYS */;
UNLOCK TABLES;

--
-- Table structure for table `ordersf`
--

DROP TABLE IF EXISTS `ordersf`;
/*!40101 SET @saved_cs_client     = @@character_set_client */;
/*!50503 SET character_set_client = utf8mb4 */;
CREATE TABLE `ordersf` (
  `customerID` int unsigned NOT NULL,
  `orderID` int unsigned NOT NULL,
  `ordernumber` int NOT NULL,
  PRIMARY KEY (`customerID`),
  KEY `orderID` (`orderID`)
) ENGINE=InnoDB DEFAULT CHARSET=utf8mb4 COLLATE=utf8mb4_0900_ai_ci;
/*!40101 SET character_set_client = @saved_cs_client */;

--
-- Dumping data for table `ordersf`
--

LOCK TABLES `ordersf` WRITE;
/*!40000 ALTER TABLE `ordersf` DISABLE KEYS */;
/*!40000 ALTER TABLE `ordersf` ENABLE KEYS */;
UNLOCK TABLES;

--
-- Table structure for table `reservation`
--

DROP TABLE IF EXISTS `reservation`;
/*!40101 SET @saved_cs_client     = @@character_set_client */;
/*!50503 SET character_set_client = utf8mb4 */;
CREATE TABLE `reservation` (
  `seq` int unsigned NOT NULL AUTO_INCREMENT COMMENT '시퀀스',
  `trade_code` varchar(30) DEFAULT NULL,
  `user_num` int unsigned NOT NULL COMMENT '유저번호\n',
  `bus_move_info_seq` int unsigned NOT NULL COMMENT '운행 정보 시퀀스',
  `status` char(1) NOT NULL COMMENT '예매상태 y=성공, n=취소, e=예약, f=예약취소',
  `account_code` char(5) NOT NULL COMMENT '장부코드',
  `bus_num` int unsigned NOT NULL COMMENT '버스번호',
  `bus_class` char(1) NOT NULL COMMENT '버스등급',
  `price` int unsigned NOT NULL COMMENT '금액',
  `seat_num` int unsigned NOT NULL COMMENT '좌석 번호',
  `route` varchar(20) NOT NULL COMMENT '예매경로',
  `trade_type` varchar(20) NOT NULL COMMENT '예매 = y, 예매취소 = n, , 충전 = c, 출금 = w',
  `start_day` datetime NOT NULL COMMENT '출발일시',
  `buy_day` datetime NOT NULL COMMENT '구매일시',
  `change_day` datetime NOT NULL DEFAULT '0000-00-00 00:00:00' COMMENT '예매변경일시',
  PRIMARY KEY (`seq`),
  KEY `fk_reservation_userinfo1_idx` (`user_num`),
  KEY `fk_reservation_bus_move_info1_idx` (`bus_move_info_seq`),
  KEY `fk_reservation_bus_info1_idx` (`bus_num`),
  CONSTRAINT `fk_reservation_bus_info1` FOREIGN KEY (`bus_num`) REFERENCES `bus_info` (`bus_num`),
  CONSTRAINT `fk_reservation_bus_move_info1` FOREIGN KEY (`bus_move_info_seq`) REFERENCES `bus_move_info` (`seq`),
  CONSTRAINT `fk_reservation_userinfo1` FOREIGN KEY (`user_num`) REFERENCES `user_info` (`user_num`)
) ENGINE=InnoDB AUTO_INCREMENT=491 DEFAULT CHARSET=utf8mb4 COLLATE=utf8mb4_0900_ai_ci COMMENT='예매정보';
/*!40101 SET character_set_client = @saved_cs_client */;

--
-- Dumping data for table `reservation`
--

LOCK TABLES `reservation` WRITE;
/*!40000 ALTER TABLE `reservation` DISABLE KEYS */;
INSERT INTO `reservation` VALUES (419,'20221214183744rm00t10',1,38749,'y','rm00t',1041,'n',15600,26,'seoul','r','2022-12-15 23:00:00','2022-12-14 18:37:44','0000-00-00 00:00:00'),(488,'20221214193016rm00t10',1,39269,'y','rm00t',1072,'n',15600,11,'jeonju','r','2022-12-15 22:00:00','2022-12-14 19:30:16','0000-00-00 00:00:00'),(489,'20221214193016rm00t11',1,39269,'y','rm00t',1072,'n',15600,15,'jeonju','r','2022-12-15 22:00:00','2022-12-14 19:30:16','0000-00-00 00:00:00'),(490,'20221214193016rm00t12',1,39269,'y','rm00t',1072,'n',15600,19,'jeonju','r','2022-12-15 22:00:00','2022-12-14 19:30:16','0000-00-00 00:00:00');
/*!40000 ALTER TABLE `reservation` ENABLE KEYS */;
UNLOCK TABLES;

--
-- Table structure for table `thistory`
--

DROP TABLE IF EXISTS `thistory`;
/*!40101 SET @saved_cs_client     = @@character_set_client */;
/*!50503 SET character_set_client = utf8mb4 */;
CREATE TABLE `thistory` (
  `id` int NOT NULL AUTO_INCREMENT,
  `1_id` int NOT NULL,
  `2_id` int NOT NULL,
  `amount` decimal(19,4) NOT NULL,
  `date` datetime DEFAULT NULL,
  PRIMARY KEY (`id`)
) ENGINE=InnoDB AUTO_INCREMENT=2 DEFAULT CHARSET=utf8mb4 COLLATE=utf8mb4_0900_ai_ci;
/*!40101 SET character_set_client = @saved_cs_client */;

--
-- Dumping data for table `thistory`
--

LOCK TABLES `thistory` WRITE;
/*!40000 ALTER TABLE `thistory` DISABLE KEYS */;
/*!40000 ALTER TABLE `thistory` ENABLE KEYS */;
UNLOCK TABLES;

--
-- Table structure for table `user_account`
--

DROP TABLE IF EXISTS `user_account`;
/*!40101 SET @saved_cs_client     = @@character_set_client */;
/*!50503 SET character_set_client = utf8mb4 */;
CREATE TABLE `user_account` (
  `number` varchar(8) NOT NULL,
  `user_name` varchar(20) DEFAULT NULL,
  `balance` int DEFAULT NULL,
  PRIMARY KEY (`number`)
) ENGINE=InnoDB DEFAULT CHARSET=utf8mb4 COLLATE=utf8mb4_0900_ai_ci;
/*!40101 SET character_set_client = @saved_cs_client */;

--
-- Dumping data for table `user_account`
--

LOCK TABLES `user_account` WRITE;
/*!40000 ALTER TABLE `user_account` DISABLE KEYS */;
/*!40000 ALTER TABLE `user_account` ENABLE KEYS */;
UNLOCK TABLES;

--
-- Table structure for table `user_bank`
--

DROP TABLE IF EXISTS `user_bank`;
/*!40101 SET @saved_cs_client     = @@character_set_client */;
/*!50503 SET character_set_client = utf8mb4 */;
CREATE TABLE `user_bank` (
  `number` varchar(8) NOT NULL,
  `order_no` int NOT NULL,
  `date` date DEFAULT NULL,
  `bank_gb` varchar(1) DEFAULT NULL,
  `bankmoney` int DEFAULT NULL,
  `bank_info` varchar(20) DEFAULT NULL,
  PRIMARY KEY (`number`,`order_no`)
) ENGINE=InnoDB DEFAULT CHARSET=utf8mb4 COLLATE=utf8mb4_0900_ai_ci;
/*!40101 SET character_set_client = @saved_cs_client */;

--
-- Dumping data for table `user_bank`
--

LOCK TABLES `user_bank` WRITE;
/*!40000 ALTER TABLE `user_bank` DISABLE KEYS */;
/*!40000 ALTER TABLE `user_bank` ENABLE KEYS */;
UNLOCK TABLES;

--
-- Table structure for table `user_info`
--

DROP TABLE IF EXISTS `user_info`;
/*!40101 SET @saved_cs_client     = @@character_set_client */;
/*!50503 SET character_set_client = utf8mb4 */;
CREATE TABLE `user_info` (
  `user_num` int unsigned NOT NULL AUTO_INCREMENT COMMENT '유저번호\n',
  `user_name` varchar(20) NOT NULL,
  `user_id` varchar(20) NOT NULL COMMENT '유저 아이디',
  `user_pw` varchar(20) NOT NULL COMMENT '유저 비밀번호',
  `user_phone` int NOT NULL COMMENT '전화번호',
  `user_email` varchar(50) NOT NULL COMMENT '이메일',
  `user_birth` date NOT NULL COMMENT '생일',
  `user_account` varchar(20) NOT NULL,
  `user_account_num` int NOT NULL,
  `last_login_day` datetime NOT NULL COMMENT '마지막 로그인 날짜',
  `reg_day` datetime NOT NULL COMMENT '가입 날짜',
  `status` char(1) DEFAULT 'n' COMMENT '회원 탈퇴 체크  y=탈퇴',
  PRIMARY KEY (`user_num`)
) ENGINE=InnoDB AUTO_INCREMENT=5 DEFAULT CHARSET=utf8mb4 COLLATE=utf8mb4_0900_ai_ci COMMENT='회원정보\n';
/*!40101 SET character_set_client = @saved_cs_client */;

--
-- Dumping data for table `user_info`
--

LOCK TABLES `user_info` WRITE;
/*!40000 ALTER TABLE `user_info` DISABLE KEYS */;
INSERT INTO `user_info` VALUES (1,'이현민','item1','123',231,'item1@item.com','1999-09-09','농협',4158641,'2022-12-13 19:46:11','2022-12-09 15:02:48','n'),(2,'김현우','item2','',0,'item2@item.com','1999-05-02','',0,'2022-12-14 21:01:07','2022-12-09 15:31:37','y'),(3,'관리자','admin','123',1,'admin@admin.com','2000-09-09','농협',8456416,'2022-12-13 10:40:54','2022-12-11 16:21:46','n'),(4,'버스기사','driver','123',11,'driver@driver.com','2000-02-02','농협',12313,'2022-12-14 21:00:31','2022-12-11 17:00:56','n');
/*!40000 ALTER TABLE `user_info` ENABLE KEYS */;
UNLOCK TABLES;

--
-- Table structure for table `user_mile_change_list`
--

DROP TABLE IF EXISTS `user_mile_change_list`;
/*!40101 SET @saved_cs_client     = @@character_set_client */;
/*!50503 SET character_set_client = utf8mb4 */;
CREATE TABLE `user_mile_change_list` (
  `seq` int unsigned NOT NULL AUTO_INCREMENT COMMENT '시퀀스',
  `user_num` int unsigned NOT NULL,
  `account_code` char(5) NOT NULL COMMENT '장부코드',
  `trade_code` varchar(30) DEFAULT NULL,
  `before_mile` int NOT NULL DEFAULT '0' COMMENT '이전 보유 마일리지',
  `change_mile` int NOT NULL DEFAULT '0' COMMENT '변동금액',
  `after_mile` int unsigned NOT NULL DEFAULT '0' COMMENT '현재 보유 마일리지',
  `change_text` varchar(50) DEFAULT '' COMMENT '변동이유',
  `chagne_day` datetime NOT NULL COMMENT '변동날짜',
  PRIMARY KEY (`seq`)
) ENGINE=InnoDB AUTO_INCREMENT=491 DEFAULT CHARSET=utf8mb4 COLLATE=utf8mb4_0900_ai_ci COMMENT='마일리지 변동내역';
/*!40101 SET character_set_client = @saved_cs_client */;

--
-- Dumping data for table `user_mile_change_list`
--

LOCK TABLES `user_mile_change_list` WRITE;
/*!40000 ALTER TABLE `user_mile_change_list` DISABLE KEYS */;
INSERT INTO `user_mile_change_list` VALUES (481,1,'ca01t','20221214192853ca01t1',0,45000,45000,'','2022-12-14 19:28:53'),(482,1,'ca01t','20221214192856ca01t1',45000,2700,47700,'','2022-12-14 19:28:56'),(483,1,'ca03t','20221214192859ca03t1',47700,8100,55800,'','2022-12-14 19:28:59'),(484,1,'ca02t','20221214192903ca02t1',55800,27000,82800,'','2022-12-14 19:29:03'),(485,1,'ca03t','20221214192907ca03t1',82800,18000,100800,'','2022-12-14 19:29:07'),(488,1,'rm00t','20221214193016rm00t10',100800,15600,85200,'','2022-12-14 19:30:16'),(489,1,'rm00t','20221214193016rm00t11',85200,15600,69600,'','2022-12-14 19:30:16'),(490,1,'rm00t','20221214193016rm00t12',85200,15600,69600,'','2022-12-14 19:30:16');
/*!40000 ALTER TABLE `user_mile_change_list` ENABLE KEYS */;
UNLOCK TABLES;

--
-- Table structure for table `user_mileage`
--

DROP TABLE IF EXISTS `user_mileage`;
/*!40101 SET @saved_cs_client     = @@character_set_client */;
/*!50503 SET character_set_client = utf8mb4 */;
CREATE TABLE `user_mileage` (
  `user_num` int NOT NULL,
  `account_code` char(5) NOT NULL,
  `own_mile` int unsigned NOT NULL DEFAULT '0' COMMENT '보유중인 마일리지',
  `change_day` datetime NOT NULL COMMENT '마지막 변동일',
  PRIMARY KEY (`user_num`,`account_code`)
) ENGINE=InnoDB DEFAULT CHARSET=utf8mb4 COLLATE=utf8mb4_0900_ai_ci COMMENT='사용자 마일리지';
/*!40101 SET character_set_client = @saved_cs_client */;

--
-- Dumping data for table `user_mileage`
--

LOCK TABLES `user_mileage` WRITE;
/*!40000 ALTER TABLE `user_mileage` DISABLE KEYS */;
INSERT INTO `user_mileage` VALUES (1,'ca01t',900,'2022-12-14 19:30:16'),(1,'ca02t',27000,'2022-12-14 19:29:03'),(1,'ca03t',26100,'2022-12-14 19:29:07');
/*!40000 ALTER TABLE `user_mileage` ENABLE KEYS */;
UNLOCK TABLES;
/*!40103 SET TIME_ZONE=@OLD_TIME_ZONE */;

/*!40101 SET SQL_MODE=@OLD_SQL_MODE */;
/*!40014 SET FOREIGN_KEY_CHECKS=@OLD_FOREIGN_KEY_CHECKS */;
/*!40014 SET UNIQUE_CHECKS=@OLD_UNIQUE_CHECKS */;
/*!40101 SET CHARACTER_SET_CLIENT=@OLD_CHARACTER_SET_CLIENT */;
/*!40101 SET CHARACTER_SET_RESULTS=@OLD_CHARACTER_SET_RESULTS */;
/*!40101 SET COLLATION_CONNECTION=@OLD_COLLATION_CONNECTION */;
/*!40111 SET SQL_NOTES=@OLD_SQL_NOTES */;

-- Dump completed on 2022-12-14 21:36:26
